"Date","Price","Open","High","Low","Change %"
"01/30/2026","12.720","12.715","12.720","12.698","0.20%"
"01/29/2026","12.695","12.735","12.735","12.695","-0.78%"
"01/28/2026","12.795","12.825","12.825","12.795","-0.74%"
"01/27/2026","12.890","12.920","12.920","12.890","-0.66%"
"01/26/2026","12.975","12.985","12.985","12.975","-0.46%"
"01/23/2026","13.035","13.020","13.035","13.020","0.12%"
"01/22/2026","13.020","13.090","13.090","13.020","-0.69%"
"01/21/2026","13.110","13.165","13.165","13.110","-0.57%"
"01/20/2026","13.185","13.235","13.235","13.185","0.34%"
"01/19/2026","13.140","13.170","13.170","13.135","-0.23%"
"01/16/2026","13.170","13.125","13.170","13.125","0.77%"
"01/15/2026","13.070","13.040","13.070","13.040","0.27%"
"01/14/2026","13.035","12.950","13.035","12.950","0.70%"
"01/13/2026","12.945","12.980","12.980","12.945","-0.50%"
"01/12/2026","13.010","13.045","13.045","13.010","-0.34%"
"01/09/2026","13.055","13.065","13.065","13.055","0.35%"
"01/08/2026","13.010","13.015","13.015","13.010","-1.59%"
"01/07/2026","13.220","13.255","13.255","13.220","-0.11%"
"01/06/2026","13.235","13.252","13.252","13.235","0.11%"
"01/05/2026","13.220","13.290","13.290","13.220","-0.03%"
"01/02/2026","13.224","13.375","13.375","13.209","-0.83%"
"12/26/2025","13.335","13.335","13.335","13.335","-0.52%"
"12/23/2025","13.405","13.405","13.405","13.405","-0.15%"
"12/18/2025","13.425","13.425","13.425","13.425","0.19%"
"12/17/2025","13.400","13.400","13.400","13.400","1.38%"
"12/16/2025","13.217","13.217","13.217","13.217","0.34%"
"12/15/2025","13.172","13.172","13.172","13.172","-0.25%"
"12/12/2025","13.205","13.225","13.225","13.205","-1.05%"
"12/11/2025","13.345","13.350","13.350","13.345","-0.37%"
"12/10/2025","13.395","13.380","13.395","13.380","0.49%"
"12/09/2025","13.330","13.500","13.500","13.330","-0.21%"
"12/08/2025","13.358","13.337","13.358","13.337","0.53%"
"12/05/2025","13.288","13.005","13.288","13.005","1.82%"
"12/04/2025","13.050","13.055","13.055","13.050","-0.50%"
"12/03/2025","13.115","13.035","13.115","13.035","0.28%"
"12/02/2025","13.078","13.127","13.127","13.078","-0.51%"
"12/01/2025","13.145","13.135","13.145","13.135","0.28%"
"11/28/2025","13.108","13.102","13.108","13.102","0.58%"
"11/27/2025","13.033","13.038","13.038","13.033","-0.04%"
"11/26/2025","13.038","13.063","13.063","13.038","0.00%"
"11/25/2025","13.038","13.033","13.038","13.033","-0.45%"
"11/24/2025","13.097","13.097","13.097","13.097","-0.86%"
"11/21/2025","13.210","13.175","13.210","13.175","0.11%"
"11/19/2025","13.195","13.200","13.200","13.195","-0.04%"
"11/18/2025","13.200","13.230","13.230","13.200","0.08%"
"11/17/2025","13.190","13.195","13.195","13.185","0.10%"
"11/14/2025","13.177","13.203","13.203","13.165","0.08%"
"11/13/2025","13.167","13.182","13.182","13.167","-0.23%"
"11/12/2025","13.198","13.188","13.198","13.188","-0.13%"
"11/11/2025","13.215","13.215","13.220","13.210","-1.25%"
"11/10/2025","13.382","13.405","13.405","13.382","-0.59%"
"11/07/2025","13.462","13.472","13.472","13.453","0.07%"
"11/06/2025","13.453","13.448","13.453","13.438","0.23%"
"11/05/2025","13.422","13.438","13.438","13.413","-0.25%"
"11/04/2025","13.455","13.475","13.475","13.455","-0.11%"
"11/03/2025","13.470","13.480","13.480","13.470","0.30%"
"10/31/2025","13.430","13.470","13.470","13.430","-0.74%"
"10/30/2025","13.530","13.475","13.540","13.475","0.89%"
"10/29/2025","13.410","13.375","13.410","13.375","-0.05%"
"10/28/2025","13.417","13.425","13.440","13.410","0.20%"
"10/27/2025","13.390","13.340","13.390","13.340","-0.24%"
"10/24/2025","13.422","13.400","13.422","13.390","-0.32%"
"10/23/2025","13.465","13.450","13.475","13.450","-0.04%"
"10/22/2025","13.470","13.505","13.505","13.470","-0.47%"
"10/21/2025","13.533","13.533","13.540","13.515","-0.27%"
"10/20/2025","13.570","13.585","13.595","13.565","-0.44%"
"10/17/2025","13.630","13.660","13.670","13.630","-0.07%"
"10/16/2025","13.640","13.645","13.650","13.635","-0.07%"
"10/15/2025","13.650","13.665","13.675","13.650","0.11%"
"10/14/2025","13.635","13.700","13.700","13.630","-0.22%"
"10/13/2025","13.665","13.645","13.665","13.635","-0.15%"
"10/10/2025","13.685","13.610","13.715","13.610","0.15%"
"10/09/2025","13.665","13.680","13.703","13.660","-0.76%"
"10/08/2025","13.770","13.775","13.775","13.760","-0.22%"
"10/07/2025","13.800","13.785","13.800","13.780","0.55%"
"10/06/2025","13.725","13.720","13.740","13.715","-0.36%"
"10/03/2025","13.775","13.820","13.820","13.765","0.29%"
"10/02/2025","13.735","13.675","13.745","13.675","0.51%"
"10/01/2025","13.665","13.685","13.700","13.665","0.18%"
"09/30/2025","13.640","13.640","13.650","13.635","-0.15%"
"09/29/2025","13.660","13.595","13.660","13.590","0.15%"
"09/26/2025","13.640","13.670","13.670","13.635","-0.26%"
"09/25/2025","13.675","13.575","13.680","13.575","0.51%"
"09/24/2025","13.605","13.605","13.605","13.590","0.44%"
"09/23/2025","13.545","13.590","13.595","13.545","-0.70%"
"09/22/2025","13.640","13.625","13.640","13.625","0.29%"
"09/19/2025","13.600","13.600","13.610","13.585","0.11%"
"09/18/2025","13.585","13.560","13.585","13.560","0.52%"
"09/17/2025","13.515","13.510","13.515","13.490","-0.33%"
"09/16/2025","13.560","13.565","13.590","13.545","-0.04%"
"09/15/2025","13.565","13.600","13.600","13.549","-0.37%"
"09/12/2025","13.615","13.615","13.620","13.605","0.00%"
"09/11/2025","13.615","13.570","13.615","13.555","0.15%"
"09/10/2025","13.595","13.620","13.620","13.590","0.18%"
"09/09/2025","13.570","13.580","13.595","13.570","0.22%"
"09/08/2025","13.540","13.535","13.565","13.535","0.11%"
"09/05/2025","13.525","13.490","13.525","13.490","-0.62%"
"09/04/2025","13.610","13.642","13.645","13.605","-0.11%"
"09/03/2025","13.625","13.615","13.625","13.585","0.11%"
"09/02/2025","13.610","13.625","13.630","13.610","0.41%"
"09/01/2025","13.555","13.590","13.590","13.555","-0.22%"
"08/29/2025","13.585","13.580","13.585","13.545","0.48%"
"08/28/2025","13.520","13.560","13.560","13.520","-0.26%"
"08/27/2025","13.555","13.555","13.575","13.540","-0.29%"
"08/26/2025","13.595","13.595","13.600","13.590","0.48%"
"08/25/2025","13.530","13.540","13.540","13.520","-0.26%"
"08/22/2025","13.565","13.655","13.655","13.565","-1.02%"
"08/21/2025","13.705","13.650","13.705","13.650","0.62%"
"08/20/2025","13.620","13.670","13.675","13.620","-0.55%"
"08/19/2025","13.695","13.650","13.720","13.645","1.14%"
"08/18/2025","13.540","13.510","13.540","13.500","0.45%"
"08/15/2025","13.480","13.470","13.495","13.455","-0.33%"
"08/14/2025","13.525","13.550","13.550","13.510","0.04%"
"08/13/2025","13.520","13.485","13.520","13.460","0.00%"
"08/12/2025","13.520","13.550","13.550","13.510","-0.92%"
"08/11/2025","13.645","13.685","13.685","13.645","-0.51%"
"08/08/2025","13.715","13.670","13.715","13.650","0.04%"
"08/07/2025","13.710","13.740","13.755","13.705","-0.18%"
"08/06/2025","13.735","13.755","13.760","13.735","-0.29%"
"08/05/2025","13.775","13.730","13.775","13.720","0.22%"
"08/04/2025","13.745","13.770","13.770","13.735","-0.43%"
"08/01/2025","13.805","13.835","13.835","13.800","-1.07%"
"07/31/2025","13.955","13.900","13.970","13.900","0.90%"
"07/30/2025","13.830","13.810","13.830","13.795","0.66%"
"07/29/2025","13.740","13.820","13.825","13.740","-0.69%"
"07/28/2025","13.835","13.835","13.835","13.815","-0.25%"
"07/25/2025","13.870","13.855","13.870","13.820","0.29%"
"07/24/2025","13.830","13.805","13.855","13.805","0.00%"
"07/23/2025","13.830","13.846","13.875","13.825","-0.14%"
"07/22/2025","13.850","13.875","13.875","13.840","-0.68%"
"07/21/2025","13.945","14.015","14.020","13.940","-0.53%"
"07/18/2025","14.020","13.975","14.030","13.960","0.47%"
"07/17/2025","13.955","14.010","14.015","13.945","-0.32%"
"07/16/2025","14.000","14.035","14.090","13.995","0.25%"
"07/15/2025","13.965","13.890","13.965","13.862","0.74%"
"07/14/2025","13.862","13.865","13.934","13.850","-0.35%"
"07/11/2025","13.910","13.960","13.960","13.910","-0.14%"
"07/10/2025","13.930","13.915","13.930","13.895","1.49%"
"07/09/2025","13.725","13.735","13.740","13.720","-0.11%"
"07/08/2025","13.740","13.750","13.770","13.727","-0.43%"
"07/07/2025","13.800","13.790","13.805","13.780","-1.08%"
"07/04/2025","13.950","13.932","13.955","13.920","0.18%"
"07/03/2025","13.925","13.917","13.925","13.885","0.04%"
"07/02/2025","13.920","13.930","13.930","13.915","-0.01%"
"07/01/2025","13.921","13.905","13.946","13.870","0.33%"
"06/30/2025","13.875","13.975","13.975","13.870","-0.61%"
"06/27/2025","13.960","14.000","14.000","13.960","-0.01%"
"06/26/2025","13.962","13.975","14.000","13.962","-0.74%"
"06/25/2025","14.066","14.005","14.066","13.988","0.44%"
"06/24/2025","14.005","14.025","14.025","13.988","-0.69%"
"06/23/2025","14.102","14.112","14.112","14.085","0.00%"
"06/20/2025","14.102","14.105","14.105","14.085","0.28%"
"06/18/2025","14.063","14.080","14.125","14.063","-0.32%"
"06/17/2025","14.108","14.016","14.108","14.016","0.61%"
"06/16/2025","14.023","14.084","14.142","14.023","-0.32%"
"06/13/2025","14.068","14.137","14.137","14.035","0.00%"
"06/12/2025","14.068","14.035","14.080","14.035","0.62%"
"06/11/2025","13.981","14.060","14.060","13.983","-0.70%"
"06/10/2025","14.080","14.146","14.170","14.075","0.00%"
"06/09/2025","14.080","14.170","14.170","14.075","-0.91%"
"06/06/2025","14.210","14.310","14.310","14.210","-0.14%"
"06/05/2025","14.230","14.110","14.250","14.110","1.32%"
"06/04/2025","14.045","14.040","14.055","14.010","-0.07%"
"06/03/2025","14.055","14.080","14.080","14.035","0.28%"
"06/02/2025","14.016","13.980","14.016","13.970","0.01%"
"05/30/2025","14.015","13.975","14.015","13.970","1.53%"
"05/29/2025","13.804","13.870","13.917","13.804","-0.04%"
"05/28/2025","13.810","13.810","13.810","13.810","0.69%"
"05/27/2025","13.715","13.715","13.720","13.715","-0.97%"
"05/26/2025","13.850","13.875","13.875","13.850","-0.50%"
"05/23/2025","13.920","13.903","13.980","13.860","-0.43%"
"05/22/2025","13.980","13.922","13.980","13.860","0.18%"
"05/21/2025","13.955","13.922","13.955","13.922","0.30%"
"05/20/2025","13.913","13.909","13.913","13.802","0.03%"
"05/19/2025","13.909","14.027","14.045","13.909","-0.15%"
"05/16/2025","13.930","14.045","14.045","13.930","-0.68%"
"05/15/2025","14.025","14.010","14.040","13.980","1.08%"
"05/14/2025","13.875","13.875","13.875","13.875","-0.18%"
"05/13/2025","13.900","13.860","13.900","13.860","-0.14%"
"05/12/2025","13.920","13.851","13.950","13.830","0.54%"
"05/09/2025","13.845","13.885","13.885","13.840","-0.61%"
"05/08/2025","13.930","13.940","13.940","13.821","0.00%"
"05/07/2025","13.930","13.940","14.005","13.870","-0.07%"
"05/06/2025","13.940","14.005","14.005","13.870","-0.18%"
"05/05/2025","13.965","13.910","13.965","13.910","0.66%"
"05/02/2025","13.874","13.855","13.874","13.790","0.06%"
"04/30/2025","13.865","13.863","13.887","13.852","0.11%"
"04/29/2025","13.850","13.850","13.850","13.850","0.36%"
"04/28/2025","13.800","13.731","13.805","13.731","-0.76%"
"04/25/2025","13.906","13.906","13.906","13.677","0.00%"
"04/24/2025","13.906","13.989","13.989","13.906","-1.49%"
"04/23/2025","14.116","14.116","14.185","13.989","0.00%"
"04/22/2025","14.116","14.085","14.185","14.085","-0.31%"
"04/17/2025","14.160","14.195","14.195","14.152","-0.13%"
"04/16/2025","14.179","14.179","14.220","14.179","-0.29%"
"04/15/2025","14.220","14.195","14.220","14.190","-0.71%"
"04/14/2025","14.322","14.322","14.322","14.322","-0.95%"
"04/11/2025","14.460","14.495","14.550","14.460","0.10%"
"04/10/2025","14.445","14.493","14.530","14.445","1.33%"
"04/09/2025","14.255","14.245","14.307","14.156","0.60%"
"04/08/2025","14.170","14.165","14.215","14.165","0.00%"
"04/07/2025","14.170","14.170","14.215","14.170","-0.56%"
"04/04/2025","14.250","14.290","14.295","14.250","-0.80%"
"04/03/2025","14.365","14.535","14.825","14.365","-3.17%"
"04/02/2025","14.835","14.748","14.840","14.748","0.10%"
"04/01/2025","14.820","14.810","14.925","14.810","-1.75%"
"03/31/2025","15.084","15.084","15.084","14.965","0.80%"
"03/28/2025","14.965","15.050","15.055","14.965","-0.73%"
"03/27/2025","15.075","15.095","15.095","15.075","-0.89%"
"03/26/2025","15.210","15.160","15.210","15.160","0.56%"
"03/25/2025","15.125","15.085","15.125","15.085","0.50%"
"03/24/2025","15.050","15.050","15.050","15.050","0.68%"
"03/21/2025","14.948","14.970","14.970","14.948","0.59%"
"03/20/2025","14.860","14.810","14.860","14.810","0.88%"
"03/19/2025","14.730","14.730","14.730","14.730","0.03%"
"03/18/2025","14.725","14.730","14.730","14.725","-0.14%"
"03/17/2025","14.745","14.755","14.755","14.745","-0.34%"
"03/14/2025","14.795","14.750","14.795","14.750","0.48%"
"03/13/2025","14.725","14.730","14.730","14.725","0.24%"
"03/12/2025","14.690","14.795","14.795","14.690","-0.51%"
"03/11/2025","14.765","14.785","14.785","14.765","0.14%"
"03/10/2025","14.745","14.745","14.745","14.745","-0.14%"
"03/07/2025","14.765","14.800","14.800","14.765","-0.84%"
"03/06/2025","14.890","14.895","14.895","14.895","-0.13%"
"03/05/2025","14.910","14.910","14.910","14.910","-0.83%"
"02/28/2025","15.035","14.920","15.035","14.920","1.14%"
"02/27/2025","14.865","14.847","14.865","14.847","0.54%"
"02/26/2025","14.785","14.785","14.785","14.785","1.09%"
"02/25/2025","14.625","14.682","14.682","14.625","-0.08%"
"02/24/2025","14.637","14.583","14.637","14.583","0.10%"
"02/21/2025","14.623","14.703","14.703","14.623","-0.66%"
"02/20/2025","14.720","14.750","14.750","14.720","-0.41%"
"02/19/2025","14.780","14.780","14.780","14.780","0.12%"
"02/18/2025","14.762","14.762","14.762","14.762","-0.05%"
"02/17/2025","14.770","14.770","14.770","14.770","-1.01%"
"02/14/2025","14.920","14.920","14.920","14.920","-0.45%"
"02/13/2025","14.988","14.988","14.988","14.988","-0.15%"
"02/12/2025","15.010","15.010","15.010","15.010","-0.35%"
"02/11/2025","15.063","15.092","15.092","15.063","-0.42%"
"02/10/2025","15.127","15.127","15.127","15.127","-0.18%"
"02/07/2025","15.155","15.075","15.155","15.075","0.23%"
"02/06/2025","15.120","15.150","15.150","15.120","0.27%"
"02/05/2025","15.080","15.068","15.080","15.068","0.25%"
"02/04/2025","15.042","15.042","15.042","15.042","-0.02%"
"02/03/2025","15.045","15.045","15.045","15.045","-0.07%"
"01/31/2025","15.055","15.065","15.065","15.055","0.29%"
"01/30/2025","15.012","15.012","15.012","15.012","-2.32%"
"01/29/2025","15.368","15.352","15.368","15.352","0.40%"
"01/28/2025","15.307","15.320","15.320","15.307","-0.15%"
"01/27/2025","15.330","15.335","15.335","15.330","0.16%"
"01/24/2025","15.305","15.330","15.330","15.305","1.16%"
"01/23/2025","15.130","15.165","15.165","15.130","0.27%"
"01/22/2025","15.090","15.140","15.140","15.090","-0.63%"
"01/21/2025","15.185","15.165","15.185","15.165","0.30%"
"01/20/2025","15.140","15.245","15.245","15.140","0.10%"
"01/17/2025","15.125","15.125","15.125","15.125","0.03%"
"01/16/2025","15.120","15.060","15.120","15.060","0.43%"
"01/15/2025","15.055","15.055","15.055","15.055","-0.56%"
"01/14/2025","15.140","15.180","15.180","15.140","-0.20%"
"01/13/2025","15.170","15.285","15.285","15.170","-0.95%"
"01/10/2025","15.315","15.255","15.315","15.255","0.96%"
"01/09/2025","15.170","15.175","15.175","15.170","-0.13%"
"01/08/2025","15.190","15.190","15.190","15.190","-0.03%"
"01/07/2025","15.195","15.230","15.230","15.195","-0.52%"
"01/06/2025","15.275","15.230","15.275","15.230","-0.75%"
"01/03/2025","15.390","15.415","15.415","15.390","-1.28%"
"01/02/2025","15.590","15.590","15.590","15.590","-1.24%"
"12/30/2024","15.785","15.760","15.785","15.760","0.80%"
"12/27/2024","15.660","15.660","15.660","15.660","0.45%"
"12/26/2024","15.590","15.590","15.590","15.590","1.37%"
"12/23/2024","15.380","15.380","15.380","15.380","0.49%"
"12/20/2024","15.305","15.305","15.305","15.305","-1.23%"
"12/19/2024","15.495","16.075","16.075","15.495","-0.77%"
"12/18/2024","15.615","15.615","15.615","15.615","2.43%"
"12/17/2024","15.245","15.375","15.375","15.245","-0.16%"
"12/16/2024","15.270","15.270","15.270","15.270","2.21%"
"12/13/2024","14.940","14.930","14.940","14.930","0.37%"
"12/12/2024","14.885","14.885","14.885","14.885","2.97%"
"12/11/2024","14.455","14.455","14.455","14.455","-1.73%"
"12/10/2024","14.710","14.710","14.710","14.710","-0.14%"
"12/09/2024","14.730","14.597","14.730","14.597","2.26%"
"12/06/2024","14.405","14.405","14.405","14.405","0.73%"
"12/05/2024","14.300","14.205","14.300","14.205","0.49%"
"12/04/2024","14.230","14.230","14.230","14.230","0.44%"
"12/03/2024","14.167","14.167","14.167","14.167","1.69%"
"12/02/2024","13.932","14.010","14.010","13.932","-0.91%"
"11/29/2024","14.060","14.318","14.318","14.060","0.99%"
"11/28/2024","13.922","13.795","13.922","13.795","2.01%"
"11/27/2024","13.648","13.413","13.648","13.413","1.91%"
"11/26/2024","13.392","13.387","13.392","13.387","0.16%"
"11/25/2024","13.370","13.382","13.383","13.370","-0.04%"
"11/22/2024","13.375","13.345","13.375","13.345","0.55%"
"11/21/2024","13.302","13.358","13.358","13.302","-0.58%"
"11/19/2024","13.380","13.450","13.450","13.380","-0.22%"
"11/18/2024","13.410","13.410","13.410","13.410","0.83%"
"11/14/2024","13.300","13.313","13.375","13.300","0.00%"
"11/12/2024","13.300","13.158","13.300","13.158","0.49%"
"11/11/2024","13.235","13.248","13.248","13.235","0.34%"
"11/08/2024","13.190","13.205","13.205","13.190","0.50%"
"11/07/2024","13.125","13.025","13.125","13.025","1.47%"
"11/06/2024","12.935","13.090","13.090","12.935","-0.04%"
"11/05/2024","12.940","13.045","13.045","12.940","-0.86%"
"11/04/2024","13.052","13.042","13.052","13.042","-0.71%"
"11/01/2024","13.145","12.967","13.145","12.967","1.92%"
"10/31/2024","12.898","12.863","12.898","12.863","0.35%"
"10/30/2024","12.853","12.852","12.853","12.852","0.22%"
"10/29/2024","12.825","12.752","12.825","12.752","0.23%"
"10/28/2024","12.795","12.740","12.795","12.740","0.27%"
"10/25/2024","12.760","12.760","12.760","12.760","-0.22%"
"10/24/2024","12.788","12.903","12.903","12.788","-0.73%"
"10/23/2024","12.882","12.847","12.882","12.847","0.52%"
"10/22/2024","12.815","12.807","12.815","12.807","-0.17%"
"10/21/2024","12.837","12.815","12.837","12.815","-0.14%"
"10/18/2024","12.855","12.775","12.855","12.775","0.35%"
"10/17/2024","12.810","12.810","12.810","12.810","0.55%"
"10/16/2024","12.740","12.815","12.815","12.740","0.99%"
"10/15/2024","12.615","12.615","12.615","12.615","-0.36%"
"10/14/2024","12.660","12.730","12.730","12.660","-1.33%"
"10/11/2024","12.830","12.745","12.830","12.745","1.22%"
"10/10/2024","12.675","12.565","12.675","12.565","0.62%"
"10/09/2024","12.597","12.462","12.597","12.462","1.81%"
"10/08/2024","12.373","12.373","12.373","12.373","-0.54%"
"10/07/2024","12.440","12.505","12.505","12.440","0.06%"
"10/04/2024","12.432","12.440","12.440","12.432","0.77%"
"10/03/2024","12.337","12.328","12.337","12.328","0.28%"
"10/02/2024","12.302","12.320","12.320","12.302","-0.55%"
"10/01/2024","12.370","12.360","12.370","12.360","-0.48%"
"09/30/2024","12.430","12.390","12.430","12.390","0.81%"
"09/27/2024","12.330","12.320","12.330","12.320","0.94%"
"09/26/2024","12.215","12.235","12.235","12.215","0.53%"
"09/25/2024","12.150","12.150","12.150","12.150","-0.29%"
"09/24/2024","12.185","12.275","12.275","12.185","-1.34%"
"09/23/2024","12.350","12.310","12.350","12.310","0.78%"
"09/20/2024","12.255","12.185","12.255","12.185","1.59%"
"09/19/2024","12.063","12.015","12.063","12.015","2.56%"
"09/18/2024","11.762","11.818","11.818","11.762","-0.91%"
"09/17/2024","11.870","11.860","11.870","11.860","0.00%"
"09/16/2024","11.870","11.870","11.870","11.870","0.17%"
"09/13/2024","11.850","11.830","11.850","11.830","-0.29%"
"09/12/2024","11.885","11.895","11.895","11.885","0.59%"
"09/11/2024","11.815","11.800","11.815","11.800","0.13%"
"09/10/2024","11.800","11.785","11.800","11.785","0.21%"
"09/09/2024","11.775","11.775","11.775","11.775","0.26%"
"09/06/2024","11.745","11.670","11.745","11.670","-0.25%"
"09/05/2024","11.775","11.755","11.775","11.755","-0.67%"
"09/04/2024","11.855","11.890","11.890","11.855","-0.75%"
"09/03/2024","11.945","12.005","12.005","11.945","0.42%"
"09/02/2024","11.895","11.917","11.917","11.895","-0.27%"
"08/30/2024","11.927","11.938","11.938","11.927","0.84%"
"08/29/2024","11.828","11.773","11.828","11.773","1.29%"
"08/28/2024","11.677","11.613","11.677","11.613","1.17%"
"08/27/2024","11.542","11.530","11.542","11.530","1.01%"
"08/26/2024","11.427","11.462","11.462","11.427","-0.62%"
"08/23/2024","11.498","11.550","11.550","11.498","-0.88%"
"08/22/2024","11.600","11.570","11.600","11.570","0.96%"
"08/21/2024","11.490","11.510","11.510","11.490","-0.39%"
"08/20/2024","11.535","11.510","11.535","11.510","0.04%"
"08/19/2024","11.530","11.615","11.615","11.530","-0.90%"
"08/16/2024","11.635","11.525","11.635","11.525","0.61%"
"08/15/2024","11.565","11.540","11.565","11.540","1.18%"
"08/14/2024","11.430","11.440","11.440","11.430","-0.39%"
"08/13/2024","11.475","11.475","11.475","11.475","-0.74%"
"08/12/2024","11.560","11.470","11.560","11.470","-0.34%"
"08/09/2024","11.600","11.700","11.700","11.600","-0.39%"
"08/08/2024","11.645","11.645","11.645","11.645","0.39%"
"08/07/2024","11.600","11.600","11.600","11.600","0.22%"
"08/06/2024","11.575","11.455","11.575","11.455","1.89%"
"08/05/2024","11.360","11.195","11.360","11.195","-0.44%"
"08/02/2024","11.410","11.435","11.435","11.410","-2.27%"
"08/01/2024","11.675","11.620","11.675","11.620","-0.85%"
"07/31/2024","11.775","11.755","11.775","11.755","-0.21%"
"07/30/2024","11.800","11.875","11.875","11.800","-0.42%"
"07/29/2024","11.850","11.830","11.850","11.830","0.42%"
"07/26/2024","11.800","11.807","11.807","11.800","-0.65%"
"07/25/2024","11.877","11.788","11.877","11.788","1.69%"
"07/24/2024","11.680","11.685","11.685","11.680","0.52%"
"07/23/2024","11.620","11.568","11.620","11.568","1.13%"
"07/22/2024","11.490","11.540","11.540","11.490","0.13%"
"07/19/2024","11.475","11.485","11.485","11.475","-0.35%"
"07/18/2024","11.515","11.515","11.515","11.515","2.13%"
"07/17/2024","11.275","11.280","11.280","11.275","0.53%"
"07/16/2024","11.215","11.215","11.215","11.215","-0.66%"
"07/15/2024","11.290","11.315","11.315","11.290","0.80%"
"07/12/2024","11.200","11.300","11.300","11.200","0.00%"
"07/11/2024","11.200","11.220","11.220","11.200","0.00%"
"07/10/2024","11.200","11.145","11.200","11.145","-1.04%"
"07/09/2024","11.318","11.355","11.355","11.318","-0.59%"
"07/08/2024","11.385","11.415","11.415","11.385","0.13%"
"07/05/2024","11.370","11.400","11.400","11.370","-0.79%"
"07/04/2024","11.460","11.460","11.460","11.460","-1.67%"
"07/03/2024","11.655","11.720","11.720","11.655","-2.31%"
"07/02/2024","11.930","11.948","11.948","11.930","0.32%"
"07/01/2024","11.892","11.892","11.892","11.892","2.15%"
"06/28/2024","11.642","11.642","11.642","11.642","1.17%"
"06/27/2024","11.507","11.432","11.507","11.432","1.29%"
"06/26/2024","11.360","11.385","11.385","11.360","0.93%"
"06/25/2024","11.255","11.230","11.255","11.230","0.15%"
"06/24/2024","11.238","11.230","11.238","11.230","-0.55%"
"06/21/2024","11.300","11.425","11.425","11.300","-0.48%"
"06/20/2024","11.355","11.295","11.355","11.295","-1.48%"
"06/19/2024","11.525","11.483","11.525","11.483","1.14%"
"06/18/2024","11.395","11.438","11.438","11.395","0.00%"
"06/17/2024","11.395","11.415","11.415","11.395","0.22%"
"06/14/2024","11.370","11.360","11.370","11.360","0.13%"
"06/13/2024","11.355","11.505","11.505","11.355","-0.53%"
"06/12/2024","11.415","11.363","11.415","11.363","0.69%"
"06/11/2024","11.337","11.337","11.338","11.337","-0.97%"
"06/10/2024","11.448","11.515","11.515","11.448","3.32%"
"06/07/2024","11.080","11.080","11.080","11.080","0.66%"
"06/06/2024","11.007","11.050","11.050","11.007","0.15%"
"06/04/2024","10.990","10.960","10.990","10.960","0.06%"
"06/03/2024","10.983","10.983","10.983","10.983","0.21%"
"05/31/2024","10.960","10.985","10.985","10.960","0.41%"
"05/29/2024","10.915","10.915","10.915","10.915","0.92%"
"05/28/2024","10.815","10.762","10.815","10.762","-0.66%"
"05/27/2024","10.887","10.953","10.953","10.887","-0.62%"
"05/24/2024","10.955","10.917","10.955","10.917","0.26%"
"05/23/2024","10.927","10.925","10.927","10.925","0.06%"
"05/22/2024","10.920","10.920","10.920","10.920","1.09%"
"05/21/2024","10.802","10.790","10.802","10.790","-0.56%"
"05/20/2024","10.863","10.868","10.868","10.863","0.49%"
"05/17/2024","10.810","10.785","10.810","10.785","0.98%"
"05/16/2024","10.705","10.720","10.720","10.705","0.14%"
"05/15/2024","10.690","10.690","10.690","10.690","-0.28%"
"05/14/2024","10.720","10.700","10.720","10.700","-0.17%"
"05/13/2024","10.738","10.712","10.738","10.712","0.21%"
"05/10/2024","10.715","10.670","10.715","10.670","0.52%"
"05/09/2024","10.660","10.730","10.730","10.660","0.33%"
"05/08/2024","10.625","10.650","10.650","10.625","0.57%"
"05/07/2024","10.565","10.547","10.565","10.547","-0.33%"
"05/06/2024","10.600","10.545","10.600","10.545","1.17%"
"05/03/2024","10.477","10.485","10.485","10.470","-1.16%"
"05/02/2024","10.600","10.680","10.680","10.600","-1.40%"
"04/30/2024","10.750","10.685","10.750","10.685","1.85%"
"04/29/2024","10.555","10.565","10.570","10.516","-0.52%"
"04/26/2024","10.610","10.630","10.630","10.610","-1.26%"
"04/25/2024","10.745","10.735","10.847","10.735","0.09%"
"04/24/2024","10.735","10.735","10.735","10.735","1.08%"
"04/23/2024","10.620","10.735","10.735","10.620","-0.23%"
"04/22/2024","10.645","10.645","10.645","10.645","-0.19%"
"04/19/2024","10.665","10.735","10.735","10.665","-2.07%"
"04/18/2024","10.890","10.825","10.890","10.825","-0.50%"
"04/17/2024","10.945","10.637","10.945","10.637","1.42%"
"04/16/2024","10.792","10.725","10.792","10.725","2.44%"
"04/15/2024","10.535","10.535","10.535","10.535","1.52%"
"04/12/2024","10.377","10.403","10.403","10.377","0.55%"
"04/11/2024","10.320","10.320","10.320","10.320","0.23%"
"04/10/2024","10.296","10.125","10.296","10.125","0.96%"
"04/08/2024","10.198","10.198","10.198","10.198","-0.04%"
"04/05/2024","10.202","10.202","10.202","10.202","1.21%"
"04/04/2024","10.080","10.080","10.080","10.080","-0.25%"
"04/03/2024","10.105","10.120","10.120","10.105","0.08%"
"04/02/2024","10.097","10.097","10.097","10.097","0.17%"
"04/01/2024","10.080","10.063","10.080","10.063","1.28%"
"03/28/2024","9.953","9.962","9.962","9.953","0.40%"
"03/27/2024","9.913","9.962","9.962","9.913","-0.14%"
"03/26/2024","9.927","9.943","9.943","9.927","0.65%"
"03/25/2024","9.863","9.873","9.873","9.863","-0.07%"
"03/22/2024","9.870","9.870","9.870","9.870","-0.35%"
"03/21/2024","9.905","9.885","9.905","9.885","0.35%"
"03/20/2024","9.870","9.870","9.870","9.870","-0.40%"
"03/19/2024","9.910","9.932","9.932","9.910","-0.78%"
"03/18/2024","9.988","9.988","9.988","9.988","-0.12%"
"03/16/2024","10.000","10.000","10.000","10.000","1.29%"
"03/15/2024","9.873","9.873","9.873","9.873","0.56%"
"03/14/2024","9.818","9.792","9.818","9.792","1.13%"
"03/13/2024","9.708","9.733","9.733","9.708","-0.20%"
"03/12/2024","9.727","9.743","9.743","9.727","-0.47%"
"03/11/2024","9.773","9.833","9.833","9.773","-1.28%"
"03/10/2024","9.900","9.900","9.900","9.900","0.00%"
"03/09/2024","9.900","9.900","9.900","9.900","0.92%"
"03/08/2024","9.810","9.810","9.810","9.810","0.64%"
"03/07/2024","9.748","9.733","9.748","9.733","0.27%"
"03/06/2024","9.722","9.717","9.722","9.717","-0.11%"
"03/05/2024","9.733","9.750","9.750","9.733","-0.63%"
"03/04/2024","9.795","9.805","9.805","9.795","-0.86%"
"03/02/2024","9.880","9.880","9.880","9.880","0.76%"
"03/01/2024","9.805","9.890","9.890","9.805","-0.41%"
"02/29/2024","9.845","9.922","9.922","9.845","-0.40%"
"02/28/2024","9.885","9.855","9.885","9.855","0.25%"
"02/27/2024","9.860","9.898","9.898","9.860","-1.05%"
"02/26/2024","9.965","9.930","9.965","9.930","-0.15%"
"02/25/2024","9.980","9.980","9.980","9.980","0.91%"
"02/23/2024","9.890","9.880","9.890","9.880","-0.10%"
"02/22/2024","9.900","9.860","9.900","9.860","0.66%"
"02/21/2024","9.835","9.825","9.835","9.825","-0.15%"
"02/20/2024","9.850","9.895","9.895","9.850","-0.54%"
"02/19/2024","9.903","9.920","9.920","9.903","-1.07%"
"02/18/2024","10.010","10.010","10.010","10.010","0.70%"
"02/16/2024","9.940","9.890","9.940","9.890","0.86%"
"02/15/2024","9.855","9.855","9.855","9.855","-0.15%"
"02/14/2024","9.870","9.870","9.870","9.870","-0.20%"
"02/13/2024","9.890","9.890","9.890","9.890","0.00%"
"02/12/2024","9.890","9.890","9.890","9.890","0.00%"
"02/11/2024","9.890","9.890","9.890","9.890","0.82%"
"02/09/2024","9.810","9.810","9.810","9.810","-0.30%"
"02/08/2024","9.840","9.840","9.840","9.840","0.97%"
"02/07/2024","9.745","9.745","9.745","9.745","0.26%"
"02/06/2024","9.720","9.765","9.765","9.720","-0.92%"
"02/05/2024","9.810","9.813","9.813","9.810","-0.71%"
"02/04/2024","9.880","9.880","9.880","9.880","0.92%"
"02/02/2024","9.790","9.675","9.790","9.675","1.14%"
"02/01/2024","9.680","9.730","9.730","9.680","-0.05%"
"01/31/2024","9.685","9.730","9.730","9.685","-0.97%"
"01/30/2024","9.780","9.760","9.780","9.760","0.51%"
"01/29/2024","9.730","9.695","9.730","9.695","-0.31%"
"01/28/2024","9.760","9.760","9.760","9.760","0.00%"
"01/27/2024","9.760","9.760","9.760","9.760","0.83%"
"01/26/2024","9.680","9.670","9.680","9.670","-0.92%"
"01/25/2024","9.770","9.785","9.785","9.770","-0.18%"
"01/24/2024","9.788","9.783","9.788","9.783","-0.50%"
"01/23/2024","9.837","9.828","9.837","9.828","-0.15%"
"01/22/2024","9.852","9.852","9.852","9.852","-0.79%"
"01/20/2024","9.930","9.930","9.930","9.930","0.79%"
"01/19/2024","9.852","9.790","9.852","9.790","0.22%"
"01/18/2024","9.830","9.805","9.830","9.805","-0.05%"
"01/17/2024","9.835","9.875","9.875","9.835","-0.38%"
"01/16/2024","9.873","9.770","9.873","9.770","1.63%"
"01/15/2024","9.715","9.752","9.752","9.715","-0.97%"
"01/14/2024","9.810","9.810","9.810","9.810","0.00%"
"01/13/2024","9.810","9.810","9.810","9.810","0.77%"
"01/12/2024","9.735","9.735","9.735","9.735","-1.62%"
"01/11/2024","9.895","9.895","9.895","9.895","0.15%"
"01/10/2024","9.880","9.810","9.880","9.810","0.46%"
"01/09/2024","9.835","9.865","9.865","9.835","0.51%"
"01/08/2024","9.785","9.815","9.815","9.785","-0.66%"
"01/06/2024","9.850","9.850","9.850","9.850","0.77%"
"01/05/2024","9.775","9.795","9.795","9.775","-0.36%"
"01/04/2024","9.810","9.810","9.810","9.810","0.72%"
"01/03/2024","9.740","9.740","9.740","9.740","-0.15%"
"01/02/2024","9.755","9.760","9.760","9.755","0.29%"
"12/28/2023","9.727","9.743","9.743","9.727","0.75%"
"12/27/2023","9.655","9.685","9.685","9.655","-0.64%"
"12/26/2023","9.717","9.775","9.775","9.717","-0.18%"
"12/22/2023","9.735","9.708","9.735","9.708","-0.44%"
"12/21/2023","9.778","9.727","9.778","9.727","0.68%"
"12/20/2023","9.712","9.738","9.738","9.712","-0.67%"
"12/19/2023","9.778","9.775","9.778","9.775","-0.28%"
"12/18/2023","9.805","9.820","9.820","9.805","0.05%"
"12/15/2023","9.800","9.830","9.830","9.800","-0.05%"
"12/14/2023","9.805","9.765","9.805","9.765","-1.56%"
"12/13/2023","9.960","9.985","9.985","9.960","-0.85%"
"12/12/2023","10.045","10.060","10.060","10.045","-0.59%"
"12/11/2023","10.105","10.145","10.145","10.105","-0.39%"
"12/08/2023","10.145","10.105","10.145","10.105","1.05%"
"12/07/2023","10.040","10.100","10.100","10.040","-0.64%"
"12/06/2023","10.105","10.125","10.125","10.105","-0.64%"
"12/05/2023","10.170","10.170","10.170","10.170","0.44%"
"12/04/2023","10.125","10.085","10.125","10.085","1.05%"
"12/01/2023","10.020","10.120","10.120","10.020","-1.04%"
"11/30/2023","10.125","10.200","10.200","10.125","-0.62%"
"11/29/2023","10.188","10.193","10.193","10.188","-0.12%"
"11/28/2023","10.200","10.260","10.260","10.200","-0.10%"
"11/27/2023","10.210","10.233","10.233","10.210","-0.97%"
"11/24/2023","10.310","10.355","10.355","10.310","-0.29%"
"11/23/2023","10.340","10.340","10.340","10.340","-0.10%"
"11/22/2023","10.350","10.345","10.350","10.345","-0.86%"
"11/21/2023","10.440","10.425","10.440","10.425","1.56%"
"11/20/2023","10.280","10.300","10.300","10.280","0.29%"
"11/17/2023","10.250","10.255","10.255","10.250","-0.82%"
"11/16/2023","10.335","10.395","10.395","10.335","-0.58%"
"11/14/2023","10.395","10.510","10.510","10.395","-2.12%"
"11/13/2023","10.620","10.655","10.655","10.620","0.05%"
"11/10/2023","10.615","10.615","10.615","10.615","-0.61%"
"11/09/2023","10.680","10.710","10.710","10.680","-0.05%"
"11/08/2023","10.685","10.705","10.705","10.685","0.05%"
"11/07/2023","10.680","10.715","10.715","10.680","-0.93%"
"11/06/2023","10.780","10.770","10.780","10.770","0.79%"
"11/03/2023","10.695","10.750","10.750","10.695","-2.46%"
"11/01/2023","10.965","11.035","11.035","10.965","-1.22%"
"10/31/2023","11.100","11.195","11.195","11.100","-0.22%"
"10/30/2023","11.125","10.895","11.125","10.895","2.58%"
"10/27/2023","10.845","10.680","10.845","10.680","1.31%"
"10/26/2023","10.705","10.745","10.745","10.705","-1.65%"
"10/25/2023","10.885","10.855","10.885","10.855","-0.23%"
"10/24/2023","10.910","10.900","10.910","10.900","-0.46%"
"10/23/2023","10.960","11.045","11.045","10.960","-0.54%"
"10/20/2023","11.020","11.105","11.105","11.020","-1.25%"
"10/19/2023","11.160","11.040","11.160","11.040","2.06%"
"10/18/2023","10.935","10.935","10.935","10.935","0.00%"
"10/17/2023","10.935","10.805","10.935","10.805","1.56%"
"10/16/2023","10.767","10.820","10.820","10.767","-1.04%"
"10/13/2023","10.880","10.880","10.880","10.880","1.26%"
"10/11/2023","10.745","10.650","10.745","10.650","0.99%"
"10/10/2023","10.640","10.650","10.650","10.640","-0.79%"
"10/09/2023","10.725","10.860","10.860","10.725","-1.61%"
"10/06/2023","10.900","11.090","11.090","10.900","0.09%"
"10/05/2023","10.890","10.870","10.890","10.870","-0.23%"
"10/04/2023","10.915","10.950","10.950","10.915","-1.13%"
"10/03/2023","11.040","10.895","11.040","10.895","1.44%"
"10/02/2023","10.883","10.883","10.883","10.883","1.43%"
"09/29/2023","10.730","10.730","10.730","10.730","-1.56%"
"09/28/2023","10.900","10.865","10.900","10.865","0.84%"
"09/27/2023","10.809","10.585","10.809","10.585","2.31%"
"09/26/2023","10.565","10.490","10.565","10.490","1.34%"
"09/25/2023","10.425","10.425","10.425","10.425","0.87%"
"09/22/2023","10.335","10.345","10.345","10.335","-0.34%"
"09/21/2023","10.370","10.385","10.385","10.370","1.07%"
"09/20/2023","10.260","10.265","10.265","10.260","-0.34%"
"09/19/2023","10.295","10.295","10.295","10.295","0.64%"
"09/18/2023","10.230","10.210","10.230","10.210","0.44%"
"09/15/2023","10.185","10.215","10.215","10.185","0.15%"
"09/14/2023","10.170","10.170","10.170","10.170","0.27%"
"09/13/2023","10.143","10.190","10.190","10.135","-0.56%"
"09/12/2023","10.200","10.205","10.205","10.200","-1.07%"
"09/11/2023","10.310","10.370","10.370","10.310","-0.43%"
"09/08/2023","10.355","10.350","10.355","10.350","-0.72%"
"09/06/2023","10.430","10.405","10.430","10.405","0.00%"
"09/05/2023","10.430","10.400","10.430","10.400","0.43%"
"09/04/2023","10.385","10.340","10.385","10.340","0.10%"
"09/01/2023","10.375","10.375","10.375","10.375","0.63%"
"08/31/2023","10.310","10.285","10.310","10.285","1.23%"
"08/30/2023","10.185","10.165","10.185","10.165","-0.39%"
"08/29/2023","10.225","10.285","10.285","10.225","-0.78%"
"08/28/2023","10.305","10.285","10.305","10.285","0.49%"
"08/25/2023","10.255","10.255","10.255","10.255","1.08%"
"08/24/2023","10.145","10.220","10.220","10.145","-0.49%"
"08/23/2023","10.195","10.230","10.230","10.195","-1.12%"
"08/22/2023","10.310","10.375","10.375","10.310","-0.96%"
"08/21/2023","10.410","10.410","10.410","10.410","1.22%"
"08/18/2023","10.285","10.345","10.345","10.285","-0.39%"
"08/17/2023","10.325","10.260","10.325","10.260","1.13%"
"08/16/2023","10.210","10.170","10.210","10.170","-0.05%"
"08/15/2023","10.215","10.185","10.215","10.185","0.59%"
"08/14/2023","10.155","10.105","10.155","10.105","1.04%"
"08/11/2023","10.050","10.045","10.050","10.045","-0.40%"
"08/10/2023","10.090","10.090","10.090","10.090","-0.30%"
"08/09/2023","10.120","10.115","10.120","10.115","0.05%"
"08/08/2023","10.115","10.190","10.190","10.115","-1.27%"
"08/07/2023","10.245","10.220","10.245","10.220","0.54%"
"08/04/2023","10.190","10.170","10.190","10.170","0.15%"
"08/03/2023","10.175","10.205","10.205","10.175","-1.64%"
"08/02/2023","10.345","10.360","10.360","10.345","0.00%"
"08/01/2023","10.345","10.365","10.365","10.345","0.39%"
"07/31/2023","10.305","10.335","10.335","10.305","-0.63%"
"07/28/2023","10.370","10.370","10.370","10.370","0.48%"
"07/27/2023","10.320","10.315","10.320","10.315","0.19%"
"07/26/2023","10.300","10.300","10.300","10.300","-0.19%"
"07/25/2023","10.320","10.305","10.320","10.305","-0.86%"
"07/24/2023","10.410","10.445","10.445","10.410","-0.13%"
"07/21/2023","10.424","10.450","10.450","10.395","-1.09%"
"07/20/2023","10.539","10.490","10.539","10.490","0.95%"
"07/19/2023","10.440","10.445","10.445","10.440","0.45%"
"07/18/2023","10.393","10.420","10.420","10.380","-0.59%"
"07/17/2023","10.455","10.515","10.515","10.455","-0.85%"
"07/14/2023","10.545","10.495","10.545","10.495","0.59%"
"07/13/2023","10.483","10.415","10.483","10.415","0.82%"
"07/12/2023","10.398","10.355","10.410","10.355","0.10%"
"07/11/2023","10.388","10.510","10.510","10.388","-0.26%"
"07/10/2023","10.415","10.385","10.415","10.385","0.58%"
"07/07/2023","10.355","10.455","10.455","10.355","-1.32%"
"07/06/2023","10.493","10.495","10.530","10.493","0.58%"
"07/05/2023","10.433","10.390","10.433","10.390","0.79%"
"07/04/2023","10.351","10.295","10.351","10.295","0.68%"
"07/03/2023","10.281","10.350","10.350","10.281","-1.23%"
"06/30/2023","10.409","10.425","10.425","10.409","-3.44%"
"06/29/2023","10.780","10.825","10.825","10.780","-0.14%"
"06/28/2023","10.795","10.800","10.800","10.795","0.05%"
"06/27/2023","10.790","10.755","10.790","10.755","-0.28%"
"06/26/2023","10.820","10.805","10.820","10.805","0.00%"
"06/23/2023","10.820","10.855","10.855","10.820","-1.37%"
"06/22/2023","10.970","10.940","10.970","10.940","0.37%"
"06/21/2023","10.930","10.940","10.940","10.930","0.37%"
"06/20/2023","10.890","10.950","10.950","10.890","-0.59%"
"06/19/2023","10.955","10.980","10.980","10.955","-0.54%"
"06/16/2023","11.015","11.035","11.035","11.015","0.55%"
"06/15/2023","10.955","10.940","10.955","10.940","-0.68%"
"06/14/2023","11.030","10.970","11.030","10.970","0.50%"
"06/13/2023","10.975","10.875","10.975","10.875","0.41%"
"06/12/2023","10.930","10.925","10.930","10.925","-0.14%"
"06/09/2023","10.945","11.005","11.005","10.945","-1.26%"
"06/07/2023","11.085","11.040","11.085","11.040","0.09%"
"06/06/2023","11.075","11.055","11.075","11.055","-0.45%"
"06/05/2023","11.125","11.340","11.340","11.125","-1.68%"
"06/02/2023","11.315","11.295","11.315","11.295","0.00%"
"06/01/2023","11.315","11.360","11.360","11.315","0.13%"
"05/31/2023","11.300","11.285","11.300","11.285","-0.22%"
"05/30/2023","11.325","11.310","11.325","11.310","-0.35%"
"05/29/2023","11.365","11.350","11.365","11.350","0.40%"
"05/26/2023","11.320","11.400","11.400","11.320","0.09%"
"05/25/2023","11.310","11.355","11.355","11.310","-1.69%"
"05/24/2023","11.505","11.500","11.505","11.500","-0.60%"
"05/23/2023","11.575","11.630","11.630","11.575","-0.60%"
"05/22/2023","11.645","11.625","11.645","11.625","0.52%"
"05/19/2023","11.585","11.615","11.615","11.585","-0.17%"
"05/18/2023","11.605","11.645","11.645","11.605","-0.64%"
"05/17/2023","11.680","11.665","11.680","11.665","0.78%"
"05/16/2023","11.590","11.585","11.590","11.585","-0.26%"
"05/15/2023","11.620","11.650","11.650","11.620","-0.43%"
"05/12/2023","11.670","11.630","11.670","11.630","0.69%"
"05/11/2023","11.590","11.610","11.610","11.590","-0.86%"
"05/10/2023","11.690","11.685","11.690","11.685","-0.04%"
"05/09/2023","11.695","11.715","11.715","11.695","0.34%"
"05/08/2023","11.655","11.695","11.695","11.655","-0.04%"
"05/05/2023","11.660","11.715","11.715","11.660","-0.26%"
"05/04/2023","11.690","11.765","11.765","11.690","-1.35%"
"05/03/2023","11.850","11.890","11.890","11.850","-0.75%"
"05/02/2023","11.940","12.030","12.030","11.940","-0.54%"
"04/28/2023","12.005","11.990","12.005","11.990","0.92%"
"04/27/2023","11.895","11.820","11.895","11.820","0.38%"
"04/26/2023","11.850","11.805","11.850","11.805","0.38%"
"04/25/2023","11.805","11.805","11.805","11.805","-0.76%"
"04/24/2023","11.895","11.905","11.905","11.895","-0.79%"
"04/20/2023","11.990","12.035","12.035","11.990","-0.91%"
"04/19/2023","12.100","11.965","12.100","11.965","1.04%"
"04/18/2023","11.975","11.895","11.975","11.895","0.80%"
"04/17/2023","11.880","11.880","11.880","11.880","0.04%"
"04/14/2023","11.875","11.850","11.875","11.850","0.98%"
"04/13/2023","11.760","11.795","11.795","11.760","-0.08%"
"04/12/2023","11.770","11.735","11.770","11.735","0.21%"
"04/11/2023","11.745","11.785","11.785","11.745","-1.88%"
"04/10/2023","11.970","12.025","12.025","11.970","-0.54%"
"04/06/2023","12.035","12.005","12.035","12.005","0.71%"
"04/05/2023","11.950","11.940","11.950","11.940","-0.25%"
"04/04/2023","11.980","12.000","12.000","11.980","0.13%"
"04/03/2023","11.965","12.090","12.090","11.965","-0.79%"
"03/31/2023","12.060","12.060","12.060","12.060","-0.08%"
"03/30/2023","12.070","12.070","12.070","12.070","-0.93%"
"03/29/2023","12.183","12.183","12.183","12.183","-2.30%"
"03/28/2023","12.470","12.470","12.470","12.470","0.69%"
"03/27/2023","12.385","12.425","12.425","12.385","-0.20%"
"03/24/2023","12.410","12.360","12.410","12.360","-1.59%"
"03/23/2023","12.610","12.670","12.670","12.610","1.41%"
"03/22/2023","12.435","12.480","12.480","12.435","-0.44%"
"03/21/2023","12.490","12.520","12.520","12.490","0.44%"
"03/20/2023","12.435","12.485","12.485","12.435","-0.04%"
"03/17/2023","12.440","12.540","12.540","12.440","-0.52%"
"03/16/2023","12.505","12.410","12.505","12.410","0.04%"
"03/15/2023","12.500","12.500","12.500","12.500","-0.44%"
"03/14/2023","12.555","12.545","12.555","12.545","0.76%"
"03/13/2023","12.460","12.415","12.460","12.415","-2.01%"
"03/10/2023","12.715","12.680","12.715","12.680","1.03%"
"03/09/2023","12.585","12.710","12.710","12.585","-0.91%"
"03/08/2023","12.700","12.770","12.770","12.700","-1.78%"
"03/07/2023","12.930","12.850","12.930","12.850","-0.08%"
"03/06/2023","12.940","13.005","13.005","12.940","-0.84%"
"03/03/2023","13.050","13.000","13.050","13.000","0.12%"
"03/02/2023","13.035","12.995","13.035","12.995","0.54%"
"03/01/2023","12.965","12.930","12.965","12.930","-0.31%"
"02/28/2023","13.005","13.025","13.025","13.005","0.08%"
"02/27/2023","12.995","13.045","13.045","12.995","-0.80%"
"02/24/2023","13.100","13.025","13.100","12.990","0.85%"
"02/23/2023","12.990","13.025","13.025","12.990","0.31%"
"02/22/2023","12.950","12.950","12.950","12.950","0.54%"
"02/17/2023","12.880","12.930","12.930","12.880","-0.50%"
"02/16/2023","12.945","12.965","12.965","12.945","-0.08%"
"02/15/2023","12.955","13.135","13.135","12.955","-1.26%"
"02/14/2023","13.120","13.150","13.150","13.120","-0.94%"
"02/13/2023","13.245","13.170","13.245","13.170","0.80%"
"02/10/2023","13.140","13.075","13.140","13.075","0.50%"
"02/09/2023","13.075","13.130","13.130","13.075","-1.13%"
"02/08/2023","13.225","13.380","13.380","13.225","-1.27%"
"02/07/2023","13.395","13.530","13.530","13.395","-1.69%"
"02/06/2023","13.625","13.680","13.680","13.625","0.48%"
"02/03/2023","13.560","13.475","13.560","13.475","1.69%"
"02/02/2023","13.335","13.335","13.335","13.335","0.76%"
"02/01/2023","13.235","13.220","13.235","13.220","0.46%"
"01/31/2023","13.175","13.275","13.275","13.175","-0.53%"
"01/30/2023","13.245","13.220","13.245","13.220","0.23%"
"01/27/2023","13.215","13.165","13.215","13.165","0.69%"
"01/26/2023","13.125","13.120","13.125","13.120","0.54%"
"01/25/2023","13.055","13.105","13.105","13.055","-0.84%"
"01/24/2023","13.165","13.200","13.200","13.165","-0.38%"
"01/23/2023","13.215","13.170","13.215","13.170","0.99%"
"01/20/2023","13.085","13.110","13.110","13.085","-0.08%"
"01/19/2023","13.095","13.175","13.175","13.095","0.58%"
"01/18/2023","13.020","12.965","13.020","12.965","0.15%"
"01/17/2023","13.000","13.070","13.070","13.000","-0.84%"
"01/16/2023","13.110","13.020","13.110","13.020","1.35%"
"01/13/2023","12.935","13.005","13.005","12.935","-0.15%"
"01/12/2023","12.955","13.025","13.025","12.955","-0.92%"
"01/11/2023","13.075","13.175","13.175","13.075","-1.10%"
"01/10/2023","13.220","13.310","13.310","13.220","0.11%"
"01/09/2023","13.205","13.400","13.400","13.205","-0.60%"
"01/06/2023","13.285","13.390","13.390","13.285","-0.82%"
"01/05/2023","13.395","13.450","13.450","13.395","-1.14%"
"01/04/2023","13.550","13.535","13.550","13.535","0.78%"
"01/03/2023","13.445","13.445","13.445","13.445","2.99%"
"12/29/2022","13.055","12.960","13.055","12.960","-0.08%"
"12/28/2022","13.065","13.210","13.065","13.210","-1.51%"
"12/27/2022","13.265","13.275","13.275","13.265","0.00%"
"12/26/2022","13.265","13.265","13.265","13.265","0.61%"
"12/23/2022","13.185","13.250","13.250","13.185","-1.71%"
"12/22/2022","13.415","13.535","13.535","13.415","-1.07%"
"12/21/2022","13.560","13.530","13.560","13.530","-0.22%"
"12/20/2022","13.590","13.590","13.590","13.590","-2.16%"
"12/19/2022","13.890","14.025","14.025","13.835","0.51%"
"12/16/2022","13.820","13.800","13.820","13.800","0.22%"
"12/15/2022","13.790","13.790","13.790","13.790","-1.89%"
"12/14/2022","14.055","14.090","14.090","14.040","2.22%"
"12/13/2022","13.750","13.760","13.962","13.750","0.11%"
"12/12/2022","13.735","13.555","13.735","13.555","1.63%"
"12/09/2022","13.515","13.520","13.520","13.515","0.00%"
"12/08/2022","13.515","13.610","13.610","13.515","0.22%"
"12/07/2022","13.485","13.635","13.635","13.465","-1.28%"
"12/06/2022","13.660","13.680","13.680","13.660","0.37%"
"12/05/2022","13.610","13.505","13.610","13.505","1.49%"
"12/02/2022","13.410","13.515","13.515","13.410","-1.47%"
"12/01/2022","13.610","13.680","13.680","13.610","0.55%"
"11/30/2022","13.535","13.690","13.690","13.535","-1.49%"
"11/29/2022","13.740","13.950","13.950","13.740","-2.55%"
"11/28/2022","14.100","14.230","14.230","14.100","-1.43%"
"11/25/2022","14.305","14.120","14.305","14.120","1.53%"
"11/24/2022","14.090","14.180","14.180","14.065","-2.73%"
"11/23/2022","14.485","14.310","14.485","14.310","2.66%"
"11/22/2022","14.110","13.985","14.130","13.985","0.93%"
"11/21/2022","13.980","13.950","14.000","13.950","-0.14%"
"11/18/2022","14.000","13.685","14.120","13.685","0.25%"
"11/17/2022","13.965","14.165","14.165","13.955","1.16%"
"11/16/2022","13.805","13.505","13.805","13.505","2.98%"
"11/14/2022","13.405","13.475","13.475","13.405","-1.79%"
"11/11/2022","13.650","13.585","13.650","13.585","2.59%"
"11/10/2022","13.305","13.130","13.305","13.130","6.82%"
"11/09/2022","12.455","12.455","12.455","12.455","0.20%"
"11/08/2022","12.430","12.485","12.485","12.430","0.36%"
"11/07/2022","12.385","12.320","12.420","12.320","1.06%"
"11/04/2022","12.255","12.280","12.280","12.255","-0.49%"
"11/03/2022","12.315","12.295","12.315","12.295","0.61%"
"11/01/2022","12.240","12.235","12.240","12.235","-0.12%"
"10/31/2022","12.255","12.410","12.410","12.255","-0.77%"
"10/28/2022","12.350","12.355","12.360","12.350","-0.12%"
"10/27/2022","12.365","12.400","12.400","12.340","-0.44%"
"10/26/2022","12.420","12.405","12.430","12.405","0.49%"
"10/25/2022","12.360","12.315","12.360","12.315","0.61%"
"10/24/2022","12.285","12.285","12.285","12.285","0.45%"
"10/21/2022","12.230","12.230","12.230","12.230","-0.12%"
"10/20/2022","12.245","12.235","12.245","12.235","0.29%"
"10/19/2022","12.210","12.210","12.210","12.210","0.29%"
"10/18/2022","12.175","12.190","12.190","12.175","-0.16%"
"10/17/2022","12.195","12.230","12.230","12.195","-0.85%"
"10/14/2022","12.300","12.190","12.300","12.190","0.86%"
"10/13/2022","12.195","12.270","12.270","12.180","0.21%"
"10/11/2022","12.170","12.125","12.170","12.125","1.00%"
"10/10/2022","12.050","12.095","12.095","12.050","-0.58%"
"10/07/2022","12.120","12.115","12.120","12.100","0.29%"
"10/06/2022","12.085","12.115","12.115","12.080","0.29%"
"10/05/2022","12.050","12.135","12.135","12.050","0.17%"
"10/03/2022","12.030","12.030","12.040","12.030","-0.95%"
"09/30/2022","12.145","12.210","12.210","12.145","-0.94%"
"09/29/2022","12.260","12.350","12.350","12.240","0.37%"
"09/28/2022","12.215","12.185","12.215","12.185","0.74%"
"09/27/2022","12.125","12.165","12.180","12.125","-1.62%"
"09/26/2022","12.325","12.290","12.325","12.290","1.40%"
"09/23/2022","12.155","12.130","12.155","12.130","0.41%"
"09/22/2022","12.105","12.330","12.330","12.105","-2.38%"
"09/21/2022","12.400","12.555","12.555","12.400","-1.55%"
"09/20/2022","12.595","12.560","12.625","12.560","0.04%"
"09/19/2022","12.590","12.675","12.675","12.570","-0.40%"
"09/16/2022","12.640","12.700","12.700","12.640","-0.08%"
"09/15/2022","12.650","12.630","12.650","12.630","1.04%"
"09/14/2022","12.520","12.545","12.545","12.520","-0.20%"
"09/13/2022","12.545","12.535","12.570","12.535","1.54%"
"09/12/2022","12.355","12.330","12.365","12.330","0.45%"
"09/09/2022","12.300","12.445","12.445","12.290","-1.20%"
"09/08/2022","12.450","12.455","12.455","12.450","-0.80%"
"09/06/2022","12.550","12.475","12.555","12.475","2.24%"
"09/05/2022","12.275","12.320","12.320","12.275","-0.37%"
"09/02/2022","12.320","12.280","12.325","12.280","-0.73%"
"09/01/2022","12.410","12.410","12.410","12.410","-0.72%"
"08/31/2022","12.500","12.515","12.515","12.500","-1.73%"
"08/30/2022","12.720","12.690","12.720","12.650","0.04%"
"08/29/2022","12.715","12.650","12.715","12.650","0.55%"
"08/26/2022","12.645","12.685","12.685","12.645","-0.63%"
"08/25/2022","12.725","12.630","12.725","12.630","0.99%"
"08/24/2022","12.600","12.630","12.650","12.600","0.48%"
"08/23/2022","12.540","12.675","12.675","12.540","-1.18%"
"08/22/2022","12.690","12.710","12.715","12.690","-0.20%"
"08/19/2022","12.715","12.715","12.715","12.715","1.48%"
"08/18/2022","12.530","12.445","12.530","12.445","1.05%"
"08/17/2022","12.400","12.385","12.400","12.385","1.35%"
"08/16/2022","12.235","12.255","12.255","12.235","-0.20%"
"08/15/2022","12.260","12.355","12.355","12.260","-0.49%"
"08/12/2022","12.320","12.365","12.365","12.320","-1.48%"
"08/11/2022","12.505","12.480","12.505","12.480","0.81%"
"08/10/2022","12.405","12.300","12.405","12.300","-0.64%"
"08/09/2022","12.485","12.370","12.485","12.370","-2.00%"
"08/08/2022","12.740","12.520","12.740","12.485","-1.01%"
"08/05/2022","12.870","12.580","12.870","12.580","0.16%"
"08/04/2022","12.850","12.550","12.850","12.550","-2.43%"
"08/03/2022","13.170","13.095","13.170","12.915","2.17%"
"08/02/2022","12.890","12.890","12.890","12.890","-2.05%"
"08/01/2022","13.160","13.015","13.160","13.010","0.46%"
"07/29/2022","13.100","13.285","13.285","13.100","-1.09%"
"07/28/2022","13.245","13.350","13.350","13.245","-2.54%"
"07/27/2022","13.590","13.510","13.590","13.510","0.85%"
"07/26/2022","13.475","13.435","13.475","13.435","-0.59%"
"07/25/2022","13.555","13.575","13.575","13.555","-0.66%"
"07/22/2022","13.645","13.680","13.680","13.645","-1.05%"
"07/21/2022","13.790","13.645","13.790","13.645","0.47%"
"07/20/2022","13.725","13.765","13.765","13.725","-0.44%"
"07/19/2022","13.785","13.775","13.785","13.775","-0.93%"
"07/18/2022","13.915","13.590","13.915","13.590","1.61%"
"07/15/2022","13.695","13.560","13.695","13.560","-0.87%"
"07/14/2022","13.815","13.590","13.815","13.590","0.88%"
"07/13/2022","13.695","13.485","13.695","13.460","0.44%"
"07/12/2022","13.635","13.675","13.675","13.515","-1.52%"
"07/11/2022","13.845","13.570","13.845","13.545","1.99%"
"07/08/2022","13.575","13.260","13.575","13.260","2.69%"
"07/07/2022","13.220","13.220","13.220","13.220","-0.53%"
"07/06/2022","13.290","13.265","13.300","13.265","0.15%"
"07/05/2022","13.270","13.300","13.300","13.260","0.84%"
"07/04/2022","13.160","13.135","13.160","13.135","0.65%"
"07/01/2022","13.075","13.160","13.160","13.075","-0.61%"
"06/30/2022","13.155","13.155","13.155","13.155","-1.31%"
"06/29/2022","13.330","13.330","13.330","13.330","0.53%"
"06/28/2022","13.260","13.260","13.260","13.260","2.12%"
"06/27/2022","12.985","12.960","12.985","12.960","0.43%"
"06/24/2022","12.930","12.775","12.930","12.775","1.69%"
"06/23/2022","12.715","12.715","12.715","12.715","-0.55%"
"06/22/2022","12.785","12.795","12.795","12.785","-1.04%"
"06/21/2022","12.920","12.920","12.920","12.920","0.12%"
"06/20/2022","12.905","12.970","12.970","12.905","-0.54%"
"06/17/2022","12.975","13.035","13.035","12.975","-2.63%"
"06/15/2022","13.325","13.400","13.400","13.325","-0.97%"
"06/14/2022","13.455","13.255","13.455","13.255","-3.89%"
"06/13/2022","14.000","14.000","14.000","13.030","3.70%"
"06/10/2022","13.500","12.870","13.500","12.870","0.00%"
"06/09/2022","13.500","14.000","14.000","12.850","-3.57%"
"06/08/2022","14.000","14.000","14.000","14.000","0.00%"
"06/07/2022","14.000","14.000","14.000","14.000","0.00%"
"06/06/2022","14.000","15.000","15.000","14.000","9.08%"
"06/03/2022","12.835","12.835","12.835","12.835","-0.70%"
"06/02/2022","12.925","12.925","12.925","12.925","1.10%"
"06/01/2022","12.785","12.785","12.785","12.785","0.67%"
"05/31/2022","12.700","12.700","12.700","12.700","-0.35%"
"05/30/2022","12.745","12.585","12.745","12.585","7.48%"
"05/27/2022","11.858","11.858","11.858","11.858","-6.93%"
"05/25/2022","12.740","12.740","12.740","12.740","-2.90%"
"05/24/2022","13.120","12.850","13.120","12.850","1.82%"
"05/23/2022","12.885","12.880","12.895","12.850","-0.12%"
"05/20/2022","12.900","12.995","12.995","12.900","-0.96%"
"05/19/2022","13.025","13.045","13.045","12.955","-0.61%"
"05/18/2022","13.105","13.150","13.150","13.105","-0.38%"
"05/17/2022","13.155","13.155","13.155","13.085","-0.30%"
"05/16/2022","13.195","13.155","13.195","13.155","-0.98%"
"05/13/2022","13.325","13.285","13.325","13.285","0.87%"
"05/12/2022","13.210","13.260","13.260","13.210","0.42%"
"05/11/2022","13.155","13.140","13.155","13.140","1.19%"
"05/10/2022","13.000","13.000","13.000","13.000","-0.46%"
"05/09/2022","13.060","13.165","13.165","13.060","-0.76%"
"05/06/2022","13.160","12.990","13.160","12.990","0.92%"
"05/05/2022","13.040","12.990","13.040","12.990","2.72%"
"05/04/2022","12.695","12.795","12.795","12.695","-0.86%"
"05/03/2022","12.805","12.805","12.805","12.805","-0.27%"
"05/02/2022","12.840","12.790","12.840","12.790","1.22%"
"04/29/2022","12.685","12.690","12.690","12.685","-0.47%"
"04/28/2022","12.745","12.645","12.745","12.645","0.95%"
"04/27/2022","12.625","12.680","12.680","12.625","-1.06%"
"04/26/2022","12.760","12.680","12.815","12.680","0.55%"
"04/25/2022","12.690","12.810","12.810","12.680","-0.74%"
"04/22/2022","12.785","12.780","12.810","12.780","0.59%"
"04/20/2022","12.710","12.770","12.770","12.710","-0.82%"
"04/19/2022","12.815","12.790","12.815","12.790","0.20%"
"04/18/2022","12.790","13.000","13.000","12.790","-0.62%"
"04/14/2022","12.870","12.820","12.880","12.820","0.19%"
"04/13/2022","12.845","12.815","12.845","12.815","0.12%"
"04/12/2022","12.830","12.625","12.830","12.600","0.47%"
"04/11/2022","12.770","12.560","12.820","12.560","1.67%"
"04/08/2022","12.560","12.290","12.560","12.290","1.45%"
"04/07/2022","12.380","12.235","12.380","12.235","0.16%"
"04/06/2022","12.360","12.105","12.360","12.105","1.27%"
"04/05/2022","12.205","12.100","12.205","12.100","2.31%"
"04/04/2022","11.930","11.940","11.940","11.930","-1.77%"
"04/01/2022","12.145","12.145","12.145","11.940","-1.98%"
"03/31/2022","12.390","12.275","12.390","12.145","-0.40%"
"03/30/2022","12.440","12.100","12.440","12.100","1.93%"
"03/29/2022","12.205","12.120","12.205","12.100","-0.45%"
"03/28/2022","12.260","12.130","12.260","12.110","-0.69%"
"03/25/2022","12.345","12.375","12.375","12.345","-1.59%"
"03/24/2022","12.545","12.780","12.780","12.545","-2.37%"
"03/23/2022","12.850","12.700","12.850","12.700","-0.50%"
"03/22/2022","12.915","12.740","12.915","12.700","-0.27%"
"03/21/2022","12.950","12.645","12.950","12.645","2.41%"
"03/18/2022","12.645","12.820","12.820","12.645","-2.73%"
"03/17/2022","13.000","12.820","13.000","12.820","-2.07%"
"03/16/2022","13.275","13.005","13.275","13.005","0.00%"
"03/15/2022","13.275","13.005","13.275","13.005","-0.04%"
"03/14/2022","13.280","13.055","13.280","13.055","0.61%"
"03/11/2022","13.200","12.865","13.200","12.865","0.96%"
"03/10/2022","13.075","12.665","13.075","12.665","1.83%"
"03/09/2022","12.840","12.885","12.885","12.665","-0.93%"
"03/08/2022","12.960","12.885","12.960","12.885","-0.69%"
"03/07/2022","13.050","12.460","13.050","12.460","3.08%"
"03/04/2022","12.660","12.460","12.765","12.460","1.61%"
"03/03/2022","12.460","12.230","12.460","12.230","0.40%"
"03/02/2022","12.410","12.410","12.410","12.410","1.35%"
"02/25/2022","12.245","12.030","12.245","11.980","0.37%"
"02/24/2022","12.200","12.060","12.200","12.030","0.83%"
"02/23/2022","12.100","12.060","12.100","12.060","-1.06%"
"02/22/2022","12.230","12.020","12.230","12.020","0.33%"
"02/21/2022","12.190","12.055","12.190","12.020","0.04%"
"02/18/2022","12.185","12.105","12.185","12.035","-0.41%"
"02/17/2022","12.235","12.040","12.235","12.040","0.49%"
"02/16/2022","12.175","11.995","12.175","11.995","0.12%"
"02/15/2022","12.160","12.135","12.160","11.995","-0.73%"
"02/14/2022","12.250","12.030","12.250","12.030","0.78%"
"02/11/2022","12.155","11.920","12.155","11.920","1.93%"
"02/10/2022","11.925","11.925","11.925","11.925","0.93%"
"02/09/2022","11.815","11.460","11.815","11.460","0.21%"
"02/08/2022","11.790","11.460","11.790","11.460","1.59%"
"02/07/2022","11.605","11.480","11.605","11.460","-0.90%"
"02/04/2022","11.710","11.410","11.710","11.410","1.39%"
"02/03/2022","11.550","11.355","11.550","11.355","-0.09%"
"02/02/2022","11.560","11.695","11.695","11.560","-2.73%"
"02/01/2022","11.885","11.845","11.885","11.695","-0.96%"
"01/31/2022","12.000","11.875","12.000","11.875","0.29%"
"01/28/2022","11.965","11.850","11.965","11.850","0.38%"
"01/27/2022","11.920","11.520","11.920","11.520","2.19%"
"01/26/2022","11.665","11.460","11.665","11.460","0.47%"
"01/25/2022","11.610","11.445","11.610","11.445","-0.30%"
"01/24/2022","11.645","11.550","11.645","11.550","-1.48%"
"01/21/2022","11.820","11.550","11.820","11.550","0.51%"
"01/20/2022","11.760","11.720","11.760","11.530","0.34%"
"01/19/2022","11.720","11.900","11.900","11.720","-1.51%"
"01/18/2022","11.900","11.880","11.900","11.880","-0.38%"
"01/17/2022","11.945","11.690","11.945","11.690","2.18%"
"01/14/2022","11.690","11.670","11.690","11.670","-1.02%"
"01/13/2022","11.810","11.670","11.810","11.670","1.20%"
"01/12/2022","11.670","11.670","11.670","11.670","-3.51%"
"01/11/2022","12.095","11.925","12.095","11.925","0.62%"
"01/10/2022","12.020","11.790","12.020","11.790","0.88%"
"01/07/2022","11.915","11.765","11.915","11.765","0.76%"
"01/06/2022","11.825","11.700","11.825","11.695","1.98%"
"01/05/2022","11.595","11.595","11.595","11.595","0.00%"
"01/04/2022","11.595","11.595","11.595","11.595","2.16%"
"01/03/2022","11.350","11.110","11.350","11.110","-2.07%"
"12/31/2021","11.590","11.590","11.590","11.590","-1.07%"
"12/30/2021","11.715","11.670","11.715","11.595","-1.01%"
"12/29/2021","11.835","11.535","11.835","11.535","1.33%"
"12/28/2021","11.680","11.525","11.680","11.525","-0.13%"
"12/27/2021","11.695","11.480","11.695","11.480","1.91%"
"12/24/2021","11.476","11.476","11.476","11.476","-0.73%"
"12/23/2021","11.560","11.560","11.560","11.560","0.70%"
"12/22/2021","11.480","11.265","11.480","11.265","1.91%"
"12/21/2021","11.265","11.265","11.265","11.265","-1.31%"
"12/20/2021","11.415","11.690","11.690","11.415","-2.35%"
"12/17/2021","11.690","11.585","11.840","11.585","0.91%"
"12/16/2021","11.585","11.700","11.700","11.325","1.29%"
"12/15/2021","11.438","11.600","11.600","11.438","-0.75%"
"12/14/2021","11.525","11.525","11.525","11.525","1.10%"
"12/13/2021","11.400","11.420","11.420","11.400","0.66%"
"12/10/2021","11.325","11.435","11.435","11.325","-1.86%"
"12/09/2021","11.540","11.340","11.665","11.340","1.76%"
"12/08/2021","11.340","11.485","11.485","11.340","-1.18%"
"12/07/2021","11.475","11.560","11.560","11.475","-1.03%"
"12/06/2021","11.595","11.380","11.595","11.380","0.52%"
"12/03/2021","11.535","11.650","11.650","11.535","-2.66%"
"12/02/2021","11.850","11.945","11.945","11.705","-2.19%"
"12/01/2021","12.115","12.085","12.115","11.945","-0.16%"
"11/30/2021","12.135","12.115","12.135","11.980","0.83%"
"11/29/2021","12.035","12.045","12.250","12.035","-1.35%"
"11/26/2021","12.200","12.250","12.250","12.045","-1.69%"
"11/25/2021","12.410","12.350","12.410","12.231","1.36%"
"11/24/2021","12.244","12.625","12.625","12.244","-1.06%"
"11/23/2021","12.375","12.375","12.375","12.375","-2.14%"
"11/22/2021","12.645","12.540","12.645","12.505","3.44%"
"11/19/2021","12.225","12.415","12.415","12.225","-1.21%"
"11/18/2021","12.375","12.430","12.430","12.375","-0.44%"
"11/17/2021","12.430","12.140","12.430","12.140","2.39%"
"11/16/2021","12.140","12.110","12.210","12.110","-0.90%"
"11/12/2021","12.250","12.330","12.330","12.110","-1.49%"
"11/11/2021","12.435","12.435","12.435","12.435","0.93%"
"11/10/2021","12.320","12.265","12.545","12.265","0.45%"
"11/09/2021","12.265","12.380","12.575","12.265","-2.08%"
"11/08/2021","12.525","12.255","12.525","12.255","6.62%"
"11/06/2021","11.748","11.748","11.748","11.748","-5.22%"
"11/05/2021","12.395","12.290","12.560","12.290","0.85%"
"11/04/2021","12.290","12.560","12.560","12.290","-2.92%"
"11/03/2021","12.660","12.530","12.660","12.270","-0.16%"
"11/01/2021","12.680","12.350","12.680","12.350","0.40%"
"10/29/2021","12.630","12.630","12.630","12.630","6.67%"
"10/28/2021","11.840","11.840","11.840","11.840","0.00%"
"10/27/2021","11.840","11.920","12.150","11.840","-0.67%"
"10/26/2021","11.920","11.920","11.920","11.920","1.15%"
"10/25/2021","11.785","10.970","11.785","10.970","4.70%"
"10/22/2021","11.256","10.970","11.256","10.970","-1.18%"
"10/21/2021","11.390","11.390","11.390","11.390","7.55%"
"10/20/2021","10.590","10.380","10.590","10.380","2.03%"
"10/19/2021","10.379","9.845","10.379","9.845","3.63%"
"10/18/2021","10.015","9.755","10.035","9.755","1.11%"
"10/15/2021","9.905","9.635","9.905","9.635","1.28%"
"10/14/2021","9.780","9.755","9.780","9.635","0.93%"
"10/13/2021","9.690","9.500","9.760","9.500","0.73%"
"10/11/2021","9.620","9.500","9.770","9.500","-0.62%"
"10/08/2021","9.680","9.705","9.705","9.680","-1.83%"
"10/07/2021","9.860","9.545","9.860","9.545","1.39%"
"10/06/2021","9.725","9.735","9.735","9.545","-2.02%"
"10/05/2021","9.925","9.620","9.935","9.620","0.56%"
"10/04/2021","9.870","9.625","9.915","9.620","0.41%"
"10/01/2021","9.830","9.725","10.115","9.625","-0.86%"
"09/30/2021","9.915","9.725","9.915","9.725","2.85%"
"09/29/2021","9.640","9.865","9.865","9.640","-0.67%"
"09/28/2021","9.705","9.830","9.830","9.705","-0.61%"
"09/27/2021","9.765","9.750","9.765","9.460","0.88%"
"09/24/2021","9.680","9.460","9.720","9.460","2.33%"
"09/23/2021","9.460","9.460","9.460","9.350","0.26%"
"09/22/2021","9.435","9.375","9.435","9.350","-1.15%"
"09/21/2021","9.545","9.645","9.645","9.375","-1.80%"
"09/20/2021","9.720","9.645","9.790","9.645","3.23%"
"09/18/2021","9.415","9.415","9.415","9.415","-2.38%"
"09/17/2021","9.645","9.575","9.760","9.575","0.73%"
"09/16/2021","9.575","9.710","9.710","9.575","-1.24%"
"09/15/2021","9.695","9.450","9.695","9.450","2.59%"
"09/14/2021","9.450","9.675","9.720","9.450","-3.23%"
"09/13/2021","9.765","9.765","9.765","9.765","-0.56%"
"09/10/2021","9.820","9.780","9.820","9.690","0.45%"
"09/09/2021","9.776","9.776","9.776","9.776","3.07%"
"09/08/2021","9.485","9.430","9.485","9.400","1.50%"
"09/06/2021","9.345","9.250","9.345","9.250","1.03%"
"09/03/2021","9.250","9.250","9.400","9.250","0.00%"
"09/02/2021","9.250","9.090","9.250","9.090","0.38%"
"09/01/2021","9.215","9.235","9.235","9.090","0.77%"
"08/31/2021","9.145","9.145","9.145","9.145","1.05%"
"08/30/2021","9.050","8.915","9.050","8.915","1.17%"
"08/27/2021","8.945","8.945","8.945","8.945","-1.65%"
"08/26/2021","9.095","9.015","9.095","9.005","-0.66%"
"08/25/2021","9.155","9.015","9.250","8.990","0.22%"
"08/24/2021","9.135","9.110","9.180","9.015","-1.51%"
"08/23/2021","9.275","9.220","9.275","9.110","1.09%"
"08/20/2021","9.175","9.130","9.320","8.985","-0.70%"
"08/19/2021","9.240","8.970","9.365","8.970","3.01%"
"08/18/2021","8.970","8.975","9.205","8.970","-1.91%"
"08/17/2021","9.145","9.155","9.155","8.970","1.27%"
"08/16/2021","9.030","8.925","9.045","8.925","-0.66%"
"08/13/2021","9.090","9.000","9.090","9.000","2.71%"
"08/12/2021","8.850","8.675","8.850","8.675","1.37%"
"08/11/2021","8.730","8.650","8.785","8.470","-0.46%"
"08/10/2021","8.770","8.785","8.785","8.650","-0.28%"
"08/09/2021","8.795","8.790","8.795","8.785","-0.11%"
"08/06/2021","8.805","8.760","8.805","8.760","-0.11%"
"08/05/2021","8.815","8.620","8.815","8.620","3.71%"
"08/04/2021","8.500","8.470","8.500","8.455","-0.70%"
"08/03/2021","8.560","8.670","8.670","8.470","1.66%"
"08/02/2021","8.420","8.370","8.420","8.370","0.66%"
"07/30/2021","8.365","8.105","8.370","8.105","3.21%"
"07/29/2021","8.105","8.210","8.210","8.105","-1.28%"
"07/28/2021","8.210","8.170","8.210","8.170","0.49%"
"07/27/2021","8.170","8.170","8.170","8.170","0.80%"
"07/26/2021","8.105","8.005","8.140","8.005","1.06%"
"07/23/2021","8.020","8.020","8.020","8.020","3.15%"
"07/22/2021","7.775","7.775","7.775","7.775","0.39%"
"07/21/2021","7.745","7.825","7.870","7.740","0.06%"
"07/20/2021","7.740","7.740","7.740","7.740","-1.09%"
"07/19/2021","7.825","7.825","7.825","7.825","-0.70%"
"07/16/2021","7.880","7.940","7.940","7.870","-1.19%"
"07/15/2021","7.975","7.935","7.975","7.935","0.06%"
"07/14/2021","7.970","8.065","8.335","7.925","-1.18%"
"07/13/2021","8.065","7.980","8.090","7.980","1.70%"
"07/12/2021","7.930","7.965","7.980","7.930","0.18%"
"07/09/2021","7.916","7.916","7.916","7.916","-0.05%"
"07/08/2021","7.920","7.850","7.920","7.850","0.89%"
"07/07/2021","7.850","7.850","7.850","7.850","-0.95%"
"07/06/2021","7.925","7.815","7.925","7.605","1.41%"
"07/05/2021","7.815","7.720","7.815","7.720","-4.98%"
"07/02/2021","8.225","7.760","8.225","7.720","5.79%"
"07/01/2021","7.775","7.690","7.775","7.605","0.84%"
"06/30/2021","7.710","7.605","7.945","7.605","1.58%"
"06/29/2021","7.590","7.790","7.830","7.590","-1.04%"
"06/28/2021","7.670","7.755","7.860","7.670","-4.84%"
"06/25/2021","8.060","7.825","8.060","7.790","0.00%"
"06/24/2021","8.060","7.905","8.060","7.825","-1.35%"
"06/23/2021","8.170","7.895","8.170","7.895","3.48%"
"06/22/2021","7.895","7.770","7.895","7.767","-1.86%"
"06/21/2021","8.045","7.915","8.045","7.770","1.90%"
"06/18/2021","7.895","7.780","8.200","7.780","1.35%"
"06/17/2021","7.790","7.675","8.040","7.675","1.50%"
"06/16/2021","7.675","7.650","7.675","7.600","0.52%"
"06/15/2021","7.635","7.650","7.650","7.635","-0.59%"
"06/14/2021","7.680","7.570","7.680","7.465","0.39%"
"06/11/2021","7.650","7.570","7.650","7.570","1.12%"
"06/10/2021","7.565","7.465","7.565","7.465","1.34%"
"06/09/2021","7.465","7.400","7.465","7.400","2.61%"
"06/08/2021","7.275","7.415","7.660","7.275","-1.89%"
"06/07/2021","7.415","7.320","7.415","7.320","1.92%"
"06/04/2021","7.275","7.415","7.595","7.275","-1.69%"
"06/02/2021","7.400","7.480","7.680","7.400","-0.54%"
"06/01/2021","7.440","7.410","7.440","7.410","0.81%"
"05/31/2021","7.380","7.305","7.410","7.305","0.41%"
"05/28/2021","7.350","7.355","7.630","7.305","-1.28%"
"05/27/2021","7.445","7.465","7.465","7.445","0.00%"
"05/26/2021","7.445","7.545","7.545","7.425","-1.46%"
"05/25/2021","7.555","7.585","7.585","7.535","-0.26%"
"05/24/2021","7.575","7.585","7.585","7.575","4.39%"
"05/22/2021","7.256","7.256","7.256","7.256","-4.52%"
"05/21/2021","7.600","7.605","7.660","7.600","0.00%"
"05/20/2021","7.600","7.660","7.660","7.600","-1.23%"
"05/19/2021","7.695","7.660","7.695","7.660","1.85%"
"05/18/2021","7.555","7.575","7.660","7.555","0.07%"
"05/17/2021","7.550","7.630","7.630","7.550","-0.40%"
"05/14/2021","7.580","7.560","7.580","7.560","0.20%"
"05/13/2021","7.565","7.605","7.605","7.560","1.07%"
"05/12/2021","7.485","7.375","7.485","7.375","1.63%"
"05/11/2021","7.365","7.500","7.500","7.365","-1.80%"
"05/10/2021","7.500","7.470","7.500","7.470","0.67%"
"05/07/2021","7.450","7.405","7.450","7.405","1.98%"
"05/06/2021","7.305","7.345","7.345","7.305","0.07%"
"05/05/2021","7.300","7.405","7.685","7.300","-2.28%"
"05/04/2021","7.470","7.260","7.470","7.260","3.25%"
"05/03/2021","7.235","7.020","7.260","7.020","2.92%"
"04/30/2021","7.030","7.020","7.115","7.020","0.20%"
"04/29/2021","7.016","7.020","7.065","7.016","-0.41%"
"04/28/2021","7.045","7.075","7.075","7.045","0.71%"
"04/27/2021","6.995","7.070","7.070","6.995","0.00%"
"04/26/2021","6.995","7.070","7.070","6.995","4.24%"
"04/24/2021","6.710","6.710","6.710","6.710","-4.48%"
"04/23/2021","7.025","7.070","7.070","7.025","-0.58%"
"04/22/2021","7.066","7.265","7.265","7.066","-1.04%"
"04/20/2021","7.140","7.120","7.180","7.120","-1.18%"
"04/19/2021","7.225","7.180","7.225","7.180","-1.90%"
"04/16/2021","7.365","7.360","7.365","7.360","-0.27%"
"04/15/2021","7.385","7.490","7.490","7.385","-1.40%"
"04/14/2021","7.490","7.475","7.615","7.475","-0.27%"
"04/13/2021","7.510","7.475","7.630","7.475","0.54%"
"04/12/2021","7.470","7.475","7.475","7.415","0.95%"
"04/09/2021","7.400","7.475","7.475","7.400","-1.92%"
"04/08/2021","7.545","7.590","7.590","7.475","1.28%"
"04/07/2021","7.450","7.475","7.475","7.450","1.02%"
"04/06/2021","7.375","7.395","7.395","7.375","-0.67%"
"04/05/2021","7.425","7.410","7.425","7.410","0.27%"
"04/01/2021","7.405","7.295","7.405","7.295","1.93%"
"03/31/2021","7.265","7.340","7.340","7.265","-2.55%"
"03/30/2021","7.455","7.570","7.570","7.340","-1.52%"
"03/29/2021","7.570","7.430","7.570","7.430","4.56%"
"03/26/2021","7.240","7.405","7.405","7.240","-5.17%"
"03/25/2021","7.635","7.485","7.635","7.485","2.00%"
"03/24/2021","7.485","7.345","7.485","7.345","3.46%"
"03/23/2021","7.235","7.175","7.235","7.175","0.84%"
"03/22/2021","7.175","7.060","7.175","7.060","1.63%"
"03/19/2021","7.060","6.965","7.085","6.965","0.79%"
"03/18/2021","7.005","6.980","7.080","6.980","0.29%"
"03/17/2021","6.985","6.980","6.985","6.910","1.31%"
"03/16/2021","6.895","6.980","6.980","6.875","-0.93%"
"03/15/2021","6.960","6.925","6.960","6.760","2.28%"
"03/12/2021","6.805","6.760","6.805","6.700","1.57%"
"03/11/2021","6.700","6.760","6.760","6.700","1.13%"
"03/10/2021","6.625","6.760","6.760","6.625","0.61%"
"03/09/2021","6.585","6.970","7.165","6.585","-1.20%"
"03/08/2021","6.665","6.970","6.970","6.665","3.25%"
"03/05/2021","6.455","6.455","6.455","6.455","-7.12%"
"03/04/2021","6.950","6.970","6.970","6.950","2.21%"
"03/03/2021","6.800","6.745","6.800","6.745","-0.73%"
"03/02/2021","6.850","6.660","6.850","6.660","4.90%"
"03/01/2021","6.530","6.530","6.530","6.530","1.87%"
"02/26/2021","6.410","6.375","6.410","6.375","3.81%"
"02/25/2021","6.175","6.235","6.235","6.175","0.65%"
"02/24/2021","6.135","6.080","6.135","6.080","-0.32%"
"02/23/2021","6.155","6.205","6.205","6.080","0.00%"
"02/22/2021","6.155","6.015","6.155","6.015","4.32%"
"02/19/2021","5.900","5.910","6.015","5.900","0.00%"
"02/18/2021","5.900","5.920","5.920","5.900","2.34%"
"02/17/2021","5.765","5.920","5.920","5.765","0.00%"
"02/12/2021","5.765","5.765","6.265","5.765","1.41%"
"02/11/2021","5.685","5.685","5.685","5.685","-0.05%"
"02/10/2021","5.688","5.750","5.750","5.688","11.75%"
"02/09/2021","5.090","5.110","5.130","5.090","-0.39%"
"02/08/2021","5.110","5.010","5.160","5.010","2.00%"
"02/05/2021","5.010","4.850","5.050","4.850","3.30%"
"02/04/2021","4.850","4.970","4.970","4.850","-2.41%"
"02/03/2021","4.970","5.030","5.030","4.970","-1.19%"
"02/02/2021","5.030","4.940","5.030","4.940","1.82%"
"02/01/2021","4.940","4.990","4.990","4.940","-1.00%"
"01/29/2021","4.990","5.190","5.190","4.990","-3.85%"
"01/28/2021","5.190","5.210","5.210","5.190","-0.57%"
"01/27/2021","5.220","5.230","5.230","5.220","-0.19%"
"01/26/2021","5.230","5.340","5.340","5.230","2.41%"
"01/25/2021","5.107","5.069","5.107","5.069","-3.64%"
"01/22/2021","5.300","5.150","5.300","5.150","2.91%"
"01/21/2021","5.150","5.190","5.190","5.110","-0.77%"
"01/20/2021","5.190","5.160","5.190","5.150","0.58%"
"01/19/2021","5.160","5.200","5.200","5.140","-0.77%"
"01/18/2021","5.200","5.150","5.200","5.150","0.97%"
"01/15/2021","5.150","5.150","5.150","5.130","0.00%"
"01/14/2021","5.150","5.060","5.200","5.060","1.78%"
"01/13/2021","5.060","5.120","5.120","4.980","-1.17%"
"01/12/2021","5.120","4.950","5.120","4.950","3.43%"
"01/11/2021","4.950","4.730","4.950","4.730","4.65%"
"01/08/2021","4.730","4.590","4.790","4.590","3.05%"
"01/07/2021","4.590","4.550","4.590","4.550","0.88%"
"01/06/2021","4.550","4.300","4.550","4.300","5.81%"
"01/05/2021","4.300","4.330","4.350","4.300","-0.69%"
"01/04/2021","4.330","4.360","4.360","4.330","1.46%"
"12/31/2020","4.267","4.318","4.318","4.267","-3.23%"
"12/30/2020","4.410","4.430","4.430","4.400","-0.45%"
"12/29/2020","4.430","4.430","4.490","4.430","0.00%"
"12/28/2020","4.430","4.380","4.430","4.380","3.32%"
"12/24/2020","4.287","4.378","4.378","4.287","-4.08%"
"12/23/2020","4.470","4.490","4.490","4.470","-0.45%"
"12/22/2020","4.490","4.600","4.600","4.490","-2.39%"
"12/21/2020","4.600","4.600","4.600","4.600","0.33%"
"12/18/2020","4.585","4.540","4.585","4.540","0.99%"
"12/17/2020","4.540","4.540","4.550","4.530","0.00%"
"12/16/2020","4.540","4.470","4.540","4.410","1.57%"
"12/15/2020","4.470","4.490","4.570","4.470","-0.45%"
"12/14/2020","4.490","4.650","4.650","4.490","-3.44%"
"12/11/2020","4.650","4.710","4.710","4.640","-1.27%"
"12/10/2020","4.710","4.650","4.710","4.640","1.29%"
"12/09/2020","4.650","4.720","4.720","4.630","-1.48%"
"12/08/2020","4.720","4.740","4.740","4.620","31.84%"
"12/07/2020","3.580","3.605","3.605","3.580","0.00%"
"12/04/2020","3.580","3.625","3.635","3.580","0.14%"
"12/03/2020","3.575","3.590","3.590","3.550","-0.14%"
"12/02/2020","3.580","3.605","3.605","3.580","-3.37%"
"12/01/2020","3.705","3.810","3.810","3.705","-4.26%"
"11/30/2020","3.870","3.840","3.900","3.840","0.78%"
"11/27/2020","3.840","3.850","3.850","3.830","-0.78%"
"11/26/2020","3.870","3.935","3.935","3.870","-1.90%"
"11/25/2020","3.945","3.980","3.980","3.930","-0.63%"
"11/24/2020","3.970","4.015","4.040","3.970","-1.24%"
"11/23/2020","4.020","3.985","4.020","3.985","1.90%"
"11/20/2020","3.945","3.955","3.955","3.945","2.87%"
"11/19/2020","3.835","3.870","3.870","3.835","-0.65%"
"11/18/2020","3.860","3.820","3.860","3.820","0.92%"
"11/17/2020","3.825","3.840","3.840","3.810","-1.16%"
"11/16/2020","3.870","3.870","3.870","3.870","-1.53%"
"11/13/2020","3.930","3.960","3.960","3.930","-1.75%"
"11/12/2020","4.000","3.885","4.000","3.885","0.63%"
"11/11/2020","3.975","3.920","3.975","3.920","2.98%"
"11/10/2020","3.860","3.850","3.860","3.840","0.52%"
"11/09/2020","3.840","3.800","3.840","3.800","-2.41%"
"11/06/2020","3.935","4.075","4.075","3.915","-1.63%"
"11/05/2020","4.000","3.970","4.010","3.970","-0.62%"
"11/04/2020","4.025","4.065","4.065","4.025","-2.19%"
"11/03/2020","4.115","4.035","4.115","4.035","1.98%"
"10/30/2020","4.035","4.040","4.040","4.025","0.87%"
"10/29/2020","4.000","4.025","4.025","3.975","-0.87%"
"10/28/2020","4.035","4.065","4.065","4.035","1.00%"
"10/27/2020","3.995","3.965","3.995","3.965","0.76%"
"10/26/2020","3.965","3.945","3.980","3.945","0.00%"
"10/23/2020","3.965","3.910","4.020","3.910","4.89%"
"10/22/2020","3.780","3.775","3.780","3.760","0.80%"
"10/21/2020","3.750","3.780","3.780","3.750","0.29%"
"10/20/2020","3.739","3.805","3.805","3.739","-1.86%"
"10/19/2020","3.810","3.900","3.900","3.785","-2.81%"
"10/16/2020","3.920","3.860","3.920","3.860","2.35%"
"10/15/2020","3.830","3.760","3.830","3.760","3.37%"
"10/14/2020","3.705","3.695","3.705","3.685","-0.27%"
"10/13/2020","3.715","3.735","3.745","3.715","-0.67%"
"10/09/2020","3.740","3.700","3.740","3.700","1.08%"
"10/08/2020","3.700","3.750","3.750","3.700","-2.37%"
"10/07/2020","3.790","3.970","3.970","3.790","-2.45%"
"10/06/2020","3.885","3.700","3.885","3.700","3.74%"
"10/05/2020","3.745","3.930","3.930","3.745","-4.22%"
"10/02/2020","3.910","3.660","3.910","3.660","6.83%"
"10/01/2020","3.660","3.610","3.660","3.610","5.02%"
"09/30/2020","3.485","3.585","3.585","3.485","-5.17%"
"09/29/2020","3.675","3.660","3.675","3.630","3.09%"
"09/28/2020","3.565","3.280","3.565","3.280","8.69%"
"09/25/2020","3.280","3.280","3.330","3.280","-0.61%"
"09/24/2020","3.300","3.430","3.430","3.290","-4.62%"
"09/23/2020","3.460","3.425","3.480","3.425","0.44%"
"09/22/2020","3.445","3.425","3.445","3.415","-3.09%"
"09/21/2020","3.555","3.555","3.555","3.515","3.19%"
"09/18/2020","3.445","3.340","3.475","3.340","4.55%"
"09/17/2020","3.295","3.365","3.365","3.295","-2.66%"
"09/16/2020","3.385","3.345","3.385","3.345","1.80%"
"09/15/2020","3.325","3.360","3.360","3.325","1.06%"
"09/14/2020","3.290","3.310","3.310","3.290","-2.66%"
"09/11/2020","3.380","3.310","3.380","3.310","2.49%"
"09/10/2020","3.298","3.298","3.298","3.298","-3.28%"
"09/09/2020","3.410","3.250","3.410","3.230","0.00%"
"09/08/2020","3.410","3.240","3.410","3.240","0.15%"
"09/04/2020","3.405","3.175","3.405","3.175","-0.15%"
"09/03/2020","3.410","3.265","3.410","3.235","0.15%"
"09/02/2020","3.405","3.215","3.405","3.215","0.29%"
"09/01/2020","3.395","3.195","3.395","3.195","-5.83%"
"08/31/2020","3.605","3.305","3.605","3.295","6.19%"
"08/28/2020","3.395","3.250","3.395","3.250","-0.15%"
"08/27/2020","3.400","3.319","3.400","3.319","3.98%"
"08/26/2020","3.270","3.270","3.270","3.270","2.67%"
"08/25/2020","3.185","3.185","3.185","3.185","1.05%"
"08/24/2020","3.152","3.152","3.152","3.152","-2.41%"
"08/21/2020","3.230","3.230","3.230","3.230","0.34%"
"08/20/2020","3.219","3.219","3.219","3.219","-0.19%"
"08/19/2020","3.225","3.225","3.225","3.225","3.04%"
"08/18/2020","3.130","3.130","3.130","3.130","-4.72%"
"08/17/2020","3.285","3.240","3.610","3.240","0.15%"
"08/14/2020","3.280","3.240","3.550","3.240","-8.25%"
"08/13/2020","3.575","3.180","3.575","3.180","11.02%"
"08/12/2020","3.220","3.140","3.500","3.140","-5.01%"
"08/11/2020","3.390","3.130","3.390","3.080","0.15%"
"08/10/2020","3.385","3.045","3.385","3.045","1.20%"
"08/07/2020","3.345","3.035","3.345","3.035","3.56%"
"08/06/2020","3.230","3.035","3.230","2.975","-5.83%"
"08/05/2020","3.430","3.160","3.430","3.160","1.33%"
"08/04/2020","3.385","3.105","3.385","3.105","2.58%"
"08/03/2020","3.300","3.060","3.300","3.030","0.61%"
"07/31/2020","3.280","3.020","3.280","3.020","0.15%"
"07/30/2020","3.275","3.125","3.275","3.050","-4.52%"
"07/29/2020","3.430","3.105","3.430","3.105","8.54%"
"07/28/2020","3.160","3.430","3.430","3.160","-6.78%"
"07/27/2020","3.390","3.155","3.390","3.110","6.27%"
"07/24/2020","3.190","3.280","3.280","3.190","-5.20%"
"07/23/2020","3.365","3.366","3.366","3.365","-0.03%"
"07/22/2020","3.366","3.355","3.366","3.355","0.33%"
"07/21/2020","3.355","3.355","3.355","3.355","2.13%"
"07/20/2020","3.285","3.285","3.285","3.285","-2.38%"
"07/17/2020","3.365","3.365","3.365","3.326","-1.20%"
"07/16/2020","3.406","3.426","3.426","3.406","-0.58%"
"07/15/2020","3.426","3.426","3.426","3.426","1.18%"
"07/14/2020","3.386","3.386","3.386","3.386","-0.56%"
"07/13/2020","3.405","3.405","3.405","3.405","0.37%"
"07/11/2020","3.392","3.392","3.392","3.392","0.19%"
"07/10/2020","3.386","3.475","3.475","3.386","-2.62%"
"07/09/2020","3.477","3.475","3.477","3.475","0.06%"
"07/08/2020","3.475","3.459","3.475","3.459","4.48%"
"07/07/2020","3.326","3.326","3.326","3.326","1.56%"
"07/06/2020","3.275","3.275","3.275","3.275","0.92%"
"07/03/2020","3.245","3.265","3.265","3.245","-2.11%"
"07/02/2020","3.315","3.315","3.315","3.315","0.61%"
"07/01/2020","3.295","3.295","3.295","3.295","-0.30%"
"06/30/2020","3.305","3.305","3.305","3.305","-1.20%"
"06/29/2020","3.345","3.345","3.345","3.345","-1.76%"
"06/26/2020","3.405","3.405","3.405","3.405","1.19%"
"06/25/2020","3.365","3.445","3.445","3.365","-3.19%"
"06/24/2020","3.476","3.415","3.476","3.415","1.79%"
"06/23/2020","3.415","3.415","3.415","3.415","0.29%"
"06/22/2020","3.405","3.405","3.405","3.405","0.00%"
"06/19/2020","3.405","3.455","3.455","3.405","-1.87%"
"06/18/2020","3.470","3.470","3.470","3.470","1.17%"
"06/17/2020","3.430","3.470","3.470","3.430","-0.58%"
"06/16/2020","3.450","3.420","3.480","3.420","0.29%"
"06/15/2020","3.440","3.500","3.500","3.440","-0.43%"
"06/12/2020","3.455","3.445","3.485","3.445","0.29%"
"06/10/2020","3.445","3.515","3.515","3.445","-2.82%"
"06/09/2020","3.545","3.575","3.575","3.545","0.28%"
"06/08/2020","3.535","3.550","3.550","3.535","2.17%"
"06/05/2020","3.460","3.460","3.460","3.460","1.76%"
"06/04/2020","3.400","3.425","3.425","3.400","0.74%"
"06/03/2020","3.375","3.375","3.375","3.375","-1.75%"
"06/02/2020","3.435","3.475","3.475","3.435","-2.83%"
"06/01/2020","3.535","3.535","3.535","3.535","0.71%"
"05/29/2020","3.510","3.510","3.510","3.510","-1.68%"
"05/28/2020","3.570","3.630","3.630","3.570","-0.83%"
"05/27/2020","3.600","3.620","3.620","3.600","0.70%"
"05/26/2020","3.575","3.520","3.575","3.520","0.04%"
"05/25/2020","3.574","3.574","3.574","3.574","-5.46%"
"05/22/2020","3.780","3.770","3.780","3.770","1.45%"
"05/21/2020","3.726","3.726","3.726","3.726","-2.72%"
"05/20/2020","3.830","3.820","3.830","3.820","0.52%"
"05/19/2020","3.810","3.780","3.810","3.780","0.53%"
"05/18/2020","3.790","3.820","3.820","3.790","-3.68%"
"05/15/2020","3.935","3.975","3.975","3.935","-3.55%"
"05/14/2020","4.080","4.160","4.160","4.080","2.13%"
"05/13/2020","3.995","3.815","3.995","3.815","2.57%"
"05/12/2020","3.895","3.595","3.895","3.595","6.71%"
"05/11/2020","3.650","3.590","3.650","3.590","0.83%"
"05/08/2020","3.620","3.660","3.660","3.620","-3.08%"
"05/07/2020","3.735","3.760","3.760","3.735","-5.08%"
"05/06/2020","3.935","3.975","3.975","3.935","1.03%"
"05/05/2020","3.895","3.940","3.940","3.895","-5.23%"
"05/04/2020","4.110","4.150","4.150","4.110","1.73%"
"04/30/2020","4.040","4.110","4.110","4.040","-2.77%"
"04/29/2020","4.155","4.155","4.155","4.155","2.72%"
"04/28/2020","4.045","4.165","4.165","4.045","-14.39%"
"04/27/2020","4.725","4.725","4.725","4.725","25.17%"
"04/23/2020","3.775","3.665","3.775","3.665","6.94%"
"04/22/2020","3.530","3.475","3.530","3.475","-2.89%"
"04/20/2020","3.635","3.975","3.975","3.635","-9.24%"
"04/17/2020","4.005","4.000","4.005","4.000","-1.11%"
"04/16/2020","4.050","3.980","4.050","3.980","-0.49%"
"04/15/2020","4.070","4.020","4.070","4.020","1.75%"
"04/14/2020","4.000","4.010","4.010","4.000","-2.68%"
"04/13/2020","4.110","4.155","4.155","4.110","-1.91%"
"04/09/2020","4.190","4.230","4.230","4.190","-4.88%"
"04/08/2020","4.405","4.450","4.450","4.405","-0.34%"
"04/07/2020","4.420","4.360","4.420","4.360","-1.01%"
"04/06/2020","4.465","4.430","4.465","4.430","-2.72%"
"04/03/2020","4.590","4.375","4.590","4.375","2.34%"
"04/02/2020","4.485","4.460","4.485","4.460","-1.97%"
"04/01/2020","4.575","4.470","4.575","4.470","3.39%"
"03/31/2020","4.425","4.425","4.425","4.425","-2.96%"
"03/30/2020","4.560","4.660","4.660","4.560","8.57%"
"03/27/2020","4.200","4.280","4.280","4.200","0.48%"
"03/26/2020","4.180","4.180","4.180","4.180","-1.18%"
"03/25/2020","4.230","4.510","4.510","4.230","-11.23%"
"03/24/2020","4.765","4.870","4.870","4.765","-7.83%"
"03/23/2020","5.170","5.090","5.170","5.090","1.08%"
"03/20/2020","5.115","5.130","5.130","5.115","-7.59%"
"03/19/2020","5.535","5.535","5.535","5.535","6.96%"
"03/18/2020","5.175","4.930","5.175","4.930","21.91%"
"03/17/2020","4.245","4.540","4.540","4.245","-10.91%"
"03/16/2020","4.765","5.270","5.270","4.765","-6.81%"
"03/13/2020","5.113","5.156","5.156","5.113","-12.60%"
"03/12/2020","5.850","5.850","5.850","5.850","33.87%"
"03/10/2020","4.370","4.340","4.370","4.340","-2.46%"
"03/09/2020","4.480","4.425","4.480","4.425","4.55%"
"03/06/2020","4.285","4.285","4.285","4.285","0.07%"
"03/05/2020","4.282","4.282","4.282","4.282","4.69%"
"03/04/2020","4.090","4.060","4.090","4.060","-0.85%"
"03/03/2020","4.125","4.325","4.325","4.125","-3.17%"
"03/02/2020","4.260","4.305","4.305","4.260","-5.96%"
"02/28/2020","4.530","4.570","4.570","4.530","-0.22%"
"02/27/2020","4.540","4.620","4.620","4.540","-1.94%"
"02/26/2020","4.630","4.630","4.630","4.630","1.42%"
"02/21/2020","4.565","4.589","4.589","4.565","-1.19%"
"02/20/2020","4.620","4.570","4.620","4.570","0.76%"
"02/19/2020","4.585","4.615","4.615","4.585","-0.65%"
"02/18/2020","4.615","4.605","4.615","4.605","0.22%"
"02/17/2020","4.605","4.615","4.615","4.605","-0.32%"
"02/14/2020","4.620","4.660","4.660","4.620","-2.33%"
"02/13/2020","4.730","4.720","4.730","4.720","0.85%"
"02/12/2020","4.690","4.685","4.690","4.685","-0.53%"
"02/11/2020","4.715","4.735","4.735","4.715","-1.26%"
"02/10/2020","4.775","4.775","4.775","4.775","-0.31%"
"02/07/2020","4.790","4.785","4.790","4.785","-1.14%"
"02/06/2020","4.845","4.845","4.845","4.845","2.00%"
"02/05/2020","4.750","4.765","4.765","4.750","-0.31%"
"02/04/2020","4.765","4.765","4.765","4.765","-0.83%"
"02/03/2020","4.805","4.830","4.830","4.805","-1.33%"
"01/31/2020","4.870","4.830","4.870","4.830","-0.20%"
"01/30/2020","4.880","4.860","4.880","4.860","1.67%"
"01/29/2020","4.800","4.780","4.800","4.780","-0.62%"
"01/28/2020","4.830","4.830","4.830","4.830","0.84%"
"01/27/2020","4.790","4.830","4.830","4.790","-1.64%"
"01/24/2020","4.870","4.870","4.870","4.870","0.21%"
"01/23/2020","4.860","4.890","4.890","4.860","0.62%"
"01/22/2020","4.830","4.850","4.850","4.830","-0.82%"
"01/21/2020","4.870","4.940","4.940","4.870","-1.12%"
"01/20/2020","4.925","4.935","4.935","4.925","0.00%"
"01/17/2020","4.925","4.865","4.925","4.865","-0.61%"
"01/16/2020","4.955","4.885","4.955","4.885","2.06%"
"01/15/2020","4.855","4.865","4.865","4.855","-1.82%"
"01/14/2020","4.945","4.955","4.955","4.945","-1.59%"
"01/13/2020","5.025","4.995","5.025","4.995","0.00%"
"01/10/2020","5.025","5.005","5.025","5.005","1.01%"
"01/09/2020","4.975","4.995","4.995","4.975","-0.80%"
"01/08/2020","5.015","5.025","5.025","5.015","-1.38%"
"01/07/2020","5.085","5.165","5.165","5.085","-0.55%"
"01/06/2020","5.113","5.115","5.115","5.113","0.25%"
"01/03/2020","5.100","5.130","5.130","5.100","-0.20%"
"01/02/2020","5.110","5.106","5.110","5.106","-0.33%"
"12/31/2019","5.127","5.127","5.127","5.127","-0.06%"
"12/30/2019","5.130","5.144","5.144","5.130","-1.35%"
"12/27/2019","5.200","5.195","5.200","5.195","0.29%"
"12/26/2019","5.185","5.180","5.185","5.180","-0.58%"
"12/24/2019","5.215","5.215","5.215","5.215","0.19%"
"12/23/2019","5.205","5.225","5.225","5.205","-1.23%"
"12/20/2019","5.270","5.305","5.305","5.270","-0.28%"
"12/19/2019","5.285","5.205","5.285","5.205","2.03%"
"12/18/2019","5.180","5.220","5.220","5.180","-1.15%"
"12/17/2019","5.240","5.220","5.240","5.220","2.34%"
"12/16/2019","5.120","5.045","5.120","5.045","1.49%"
"12/13/2019","5.045","5.055","5.055","5.045","-0.39%"
"12/12/2019","5.065","5.065","5.065","5.065","-0.59%"
"12/11/2019","5.095","5.095","5.095","5.095","-0.20%"
"12/10/2019","5.105","5.115","5.115","5.105","0.20%"
"12/09/2019","5.095","5.085","5.095","5.085","-0.97%"
"12/06/2019","5.145","5.165","5.165","5.145","-1.34%"
"12/05/2019","5.215","5.215","5.215","5.215","0.29%"
"12/04/2019","5.200","5.210","5.210","5.200","-1.14%"
"12/03/2019","5.260","5.300","5.300","5.260","0.38%"
"12/02/2019","5.240","5.240","5.240","5.240","0.58%"
"11/29/2019","5.210","5.210","5.210","5.210","-1.14%"
"11/28/2019","5.270","5.380","5.380","5.270","-1.31%"
"11/27/2019","5.340","5.300","5.340","5.300","-0.19%"
"11/26/2019","5.350","5.350","5.350","5.350","3.48%"
"11/25/2019","5.170","5.170","5.170","5.170","-0.48%"
"11/22/2019","5.195","5.275","5.275","5.195","-0.95%"
"11/21/2019","5.245","5.195","5.245","5.195","1.55%"
"11/19/2019","5.165","5.155","5.165","5.155","1.37%"
"11/18/2019","5.095","5.095","5.095","5.095","0.30%"
"11/14/2019","5.080","5.070","5.080","5.070","0.20%"
"11/13/2019","5.070","5.090","5.090","5.070","0.60%"
"11/12/2019","5.040","5.040","5.040","5.040","2.02%"
"11/11/2019","4.940","4.940","4.940","4.940","-1.40%"
"11/08/2019","5.010","5.010","5.010","5.010","0.70%"
"11/07/2019","4.975","4.955","4.975","4.955","1.43%"
"11/06/2019","4.905","4.885","4.905","4.885","0.20%"
"11/05/2019","4.895","4.955","4.955","4.895","1.45%"
"11/04/2019","4.825","4.825","4.825","4.825","0.42%"
"11/01/2019","4.805","4.805","4.805","4.805","-0.39%"
"10/31/2019","4.824","4.775","4.824","4.775","1.88%"
"10/30/2019","4.735","4.755","4.755","4.735","0.21%"
"10/29/2019","4.725","4.725","4.725","4.725","-0.84%"
"10/28/2019","4.765","4.765","4.765","4.765","-0.21%"
"10/25/2019","4.775","4.775","4.775","4.775","-1.24%"
"10/24/2019","4.835","4.835","4.835","4.835","-0.19%"
"10/23/2019","4.844","4.844","4.844","4.844","-1.24%"
"10/22/2019","4.905","4.905","4.905","4.905","2.32%"
"10/21/2019","4.794","4.794","4.794","4.794","-0.39%"
"10/18/2019","4.813","4.813","4.813","4.813","-0.02%"
"10/17/2019","4.814","4.814","4.814","4.814","-1.05%"
"10/16/2019","4.865","4.865","4.865","4.865","-2.70%"
"10/15/2019","5.000","5.000","5.000","5.000","1.24%"
"10/14/2019","4.939","4.939","4.939","4.939","-0.80%"
"10/11/2019","4.979","4.979","4.979","4.979","-2.54%"
"10/10/2019","5.109","5.109","5.109","5.109","-1.35%"
"10/09/2019","5.179","5.179","5.179","5.179","-2.83%"
"10/08/2019","5.330","5.330","5.330","5.330","-1.11%"
"10/07/2019","5.390","5.390","5.390","5.390","0.58%"
"10/04/2019","5.359","5.359","5.359","5.359","0.00%"
"10/03/2019","5.359","5.359","5.359","5.359","-1.29%"
"10/02/2019","5.429","5.429","5.429","5.429","3.21%"
"10/01/2019","5.260","5.265","5.325","5.260","-0.38%"
"09/30/2019","5.280","5.280","5.290","5.260","0.00%"
"09/27/2019","5.280","5.330","5.330","5.270","-0.19%"
"09/26/2019","5.290","5.310","5.320","5.280","-0.19%"
"09/25/2019","5.300","5.420","5.420","5.300","-0.93%"
"09/24/2019","5.350","5.335","5.390","5.310","0.00%"
"09/23/2019","5.350","5.285","5.350","5.285","1.13%"
"09/20/2019","5.290","5.420","5.420","5.280","-1.86%"
"09/19/2019","5.390","5.510","5.510","5.260","-2.53%"
"09/18/2019","5.530","5.560","5.560","5.480","0.18%"
"09/17/2019","5.520","5.595","5.610","5.500","-1.08%"
"09/16/2019","5.580","5.690","5.710","5.580","-1.93%"
"09/13/2019","5.690","5.690","5.710","5.620","0.89%"
"09/12/2019","5.640","5.670","5.690","5.635","-1.05%"
"09/11/2019","5.700","5.665","5.710","5.650","0.71%"
"09/10/2019","5.660","5.680","5.710","5.650","0.09%"
"09/09/2019","5.655","5.675","5.690","5.630","-0.09%"
"09/06/2019","5.660","5.760","5.760","5.650","-0.79%"
"09/05/2019","5.705","5.750","5.750","5.680","-0.09%"
"09/04/2019","5.710","5.820","5.820","5.710","-1.72%"
"09/03/2019","5.810","5.900","5.900","5.810","-1.53%"
"09/02/2019","5.900","5.840","5.900","5.820","0.85%"
"08/30/2019","5.850","6.000","6.000","5.830","-1.85%"
"08/29/2019","5.960","6.020","6.120","5.920","-1.00%"
"08/28/2019","6.020","5.895","6.040","5.895","2.03%"
"08/27/2019","5.900","5.910","6.050","5.780","0.17%"
"08/26/2019","5.890","5.730","5.920","5.710","2.61%"
"08/23/2019","5.740","5.665","5.780","5.630","1.23%"
"08/22/2019","5.670","5.630","5.680","5.620","0.18%"
"08/21/2019","5.660","5.720","5.720","5.630","-1.39%"
"08/20/2019","5.740","5.720","5.830","5.680","-0.17%"
"08/19/2019","5.750","5.670","5.750","5.640","1.41%"
"08/16/2019","5.670","5.670","5.670","5.660","-1.22%"
"08/15/2019","5.740","5.750","5.750","5.740","-0.17%"
"08/14/2019","5.750","5.660","5.750","5.660","1.59%"
"08/13/2019","5.660","5.665","5.665","5.660","-0.09%"
"08/12/2019","5.665","5.645","5.665","5.645","0.35%"
"08/09/2019","5.645","5.650","5.650","5.645","-0.09%"
"08/08/2019","5.650","5.680","5.680","5.650","-0.53%"
"08/07/2019","5.680","5.755","5.755","5.680","-1.30%"
"08/06/2019","5.755","5.860","5.860","5.755","-1.79%"
"08/05/2019","5.860","5.680","5.860","5.680","3.17%"
"08/02/2019","5.680","5.660","5.680","5.660","0.35%"
"08/01/2019","5.660","5.720","5.720","5.660","-1.05%"
"07/31/2019","5.720","5.650","5.720","5.650","1.24%"
"07/30/2019","5.650","5.670","5.670","5.650","-0.88%"
"07/29/2019","5.700","5.700","5.700","5.700","0.00%"
"07/26/2019","5.700","5.700","5.700","5.700","0.00%"
"07/25/2019","5.700","5.640","5.700","5.640","1.06%"
"07/24/2019","5.640","5.650","5.650","5.640","-0.18%"
"07/23/2019","5.650","5.710","5.710","5.650","-1.05%"
"07/22/2019","5.710","5.735","5.735","5.710","-0.44%"
"07/19/2019","5.735","5.735","5.735","5.735","0.00%"
"07/18/2019","5.735","5.760","5.760","5.735","-0.43%"
"07/17/2019","5.760","5.760","5.760","5.760","0.00%"
"07/16/2019","5.760","5.730","5.760","5.730","0.52%"
"07/15/2019","5.730","5.765","5.765","5.730","-0.61%"
"07/12/2019","5.765","5.750","5.765","5.750","0.26%"
"07/11/2019","5.750","5.750","5.750","5.750","0.00%"
"07/10/2019","5.750","5.805","5.805","5.750","-0.95%"
"07/09/2019","5.805","5.805","5.805","5.805","-1.02%"
"07/08/2019","5.865","5.865","5.865","5.865","-0.09%"
"07/05/2019","5.870","5.905","5.905","5.845","-0.68%"
"07/04/2019","5.910","5.985","5.985","5.905","-1.17%"
"07/03/2019","5.980","6.045","6.055","5.980","0.17%"
"07/02/2019","5.970","5.930","5.970","5.925","0.59%"
"07/01/2019","5.935","5.915","5.935","5.915","-0.84%"
"06/28/2019","5.985","6.010","6.010","5.985","-1.07%"
"06/27/2019","6.050","6.155","6.155","6.050","-0.49%"
"06/26/2019","6.080","6.115","6.130","6.080","-0.82%"
"06/25/2019","6.130","6.050","6.130","6.050","2.00%"
"06/24/2019","6.010","6.010","6.010","5.990","0.17%"
"06/21/2019","6.000","5.990","6.010","5.990","-2.91%"
"06/19/2019","6.180","6.205","6.250","6.180","0.08%"
"06/18/2019","6.175","6.105","6.175","6.105","-0.16%"
"06/17/2019","6.185","6.140","6.225","6.135","-0.96%"
"06/14/2019","6.245","6.180","6.245","6.160","0.08%"
"06/13/2019","6.240","6.245","6.245","6.210","-1.34%"
"06/12/2019","6.325","6.335","6.335","6.325","0.32%"
"06/11/2019","6.305","6.355","6.355","6.305","-0.32%"
"06/10/2019","6.325","6.390","6.410","6.320","-1.33%"
"06/07/2019","6.410","6.425","6.425","6.405","-1.84%"
"06/06/2019","6.530","6.560","6.560","6.530","-0.61%"
"06/05/2019","6.570","6.510","6.570","6.510","0.77%"
"06/04/2019","6.520","6.630","6.630","6.520","-0.31%"
"06/03/2019","6.540","6.615","6.615","6.540","-1.73%"
"05/31/2019","6.655","6.695","6.705","6.655","-1.48%"
"05/30/2019","6.755","6.825","6.825","6.735","-0.30%"
"05/29/2019","6.775","6.795","6.795","6.775","-0.59%"
"05/28/2019","6.815","6.885","6.885","6.815","-1.87%"
"05/27/2019","6.945","6.980","6.980","6.935","-0.43%"
"05/24/2019","6.975","6.985","6.985","6.975","-0.29%"
"05/23/2019","6.995","7.080","7.080","6.995","-0.92%"
"05/22/2019","7.060","7.025","7.065","7.025","-0.77%"
"05/21/2019","7.115","7.190","7.190","7.115","-1.18%"
"05/20/2019","7.200","7.270","7.270","7.175","-0.62%"
"05/17/2019","7.245","7.195","7.250","7.195","2.04%"
"05/16/2019","7.100","7.110","7.110","7.100","0.71%"
"05/15/2019","7.050","7.140","7.140","7.050","-0.14%"
"05/14/2019","7.060","7.160","7.160","7.060","-1.26%"
"05/13/2019","7.150","7.125","7.150","7.125","0.70%"
"05/10/2019","7.100","7.085","7.105","7.085","-0.63%"
"05/09/2019","7.145","7.165","7.165","7.145","-0.97%"
"05/08/2019","7.215","7.205","7.215","7.205","-0.82%"
"05/07/2019","7.275","7.275","7.305","7.275","-0.14%"
"05/06/2019","7.285","7.295","7.295","7.275","0.00%"
"05/03/2019","7.285","7.305","7.305","7.285","-1.22%"
"05/02/2019","7.375","7.375","7.375","7.375","0.41%"
"04/30/2019","7.345","7.355","7.365","7.345","-0.27%"
"04/29/2019","7.365","7.365","7.365","7.335","0.41%"
"04/26/2019","7.335","7.325","7.335","7.315","0.41%"
"04/25/2019","7.305","7.315","7.345","7.305","0.55%"
"04/24/2019","7.265","7.235","7.265","7.235","0.97%"
"04/23/2019","7.195","7.215","7.215","7.195","-0.55%"
"04/22/2019","7.235","7.245","7.245","7.235","-0.28%"
"04/18/2019","7.255","7.305","7.305","7.255","-1.43%"
"04/17/2019","7.360","7.325","7.360","7.325","0.20%"
"04/16/2019","7.345","7.355","7.355","7.335","0.27%"
"04/15/2019","7.325","7.315","7.345","7.315","-0.27%"
"04/12/2019","7.345","7.345","7.345","7.335","-0.14%"
"04/11/2019","7.355","7.330","7.360","7.315","0.96%"
"04/10/2019","7.285","7.335","7.335","7.285","-0.68%"
"04/09/2019","7.335","7.315","7.335","7.315","0.89%"
"04/08/2019","7.270","7.275","7.290","7.270","0.21%"
"04/05/2019","7.255","7.275","7.315","7.255","-0.75%"
"04/04/2019","7.310","7.335","7.335","7.310","0.27%"
"04/03/2019","7.290","7.230","7.290","7.230","0.69%"
"04/02/2019","7.240","7.250","7.250","7.240","-0.41%"
"04/01/2019","7.270","7.280","7.280","7.270","-0.68%"
"03/29/2019","7.320","7.325","7.325","7.280","-0.27%"
"03/28/2019","7.340","7.490","7.490","7.340","-0.81%"
"03/27/2019","7.400","7.480","7.480","7.380","1.72%"
"03/26/2019","7.275","7.230","7.275","7.230","-0.48%"
"03/25/2019","7.310","7.405","7.405","7.290","1.81%"
"03/22/2019","7.180","7.180","7.180","7.180","3.01%"
"03/21/2019","6.970","6.930","6.970","6.930","0.43%"
"03/20/2019","6.940","7.020","7.020","6.940","-0.86%"
"03/19/2019","7.000","7.010","7.010","7.000","-0.43%"
"03/18/2019","7.030","7.070","7.070","7.030","-0.99%"
"03/15/2019","7.100","7.100","7.100","7.100","0.14%"
"03/14/2019","7.090","7.040","7.090","7.040","1.14%"
"03/13/2019","7.010","7.130","7.130","7.010","-1.68%"
"03/12/2019","7.130","7.150","7.200","7.130","-0.42%"
"03/11/2019","7.160","7.180","7.180","7.160","-0.83%"
"03/08/2019","7.220","7.310","7.310","7.220","-0.96%"
"03/07/2019","7.290","7.290","7.290","7.290","0.14%"
"03/01/2019","7.280","7.260","7.280","7.260","0.55%"
"02/28/2019","7.240","7.200","7.240","7.200","0.56%"
"02/27/2019","7.200","7.230","7.230","7.200","-0.28%"
"02/26/2019","7.220","7.220","7.220","7.220","1.12%"
"02/25/2019","7.140","7.140","7.140","7.140","0.00%"
"02/22/2019","7.140","7.170","7.170","7.140","-0.70%"
"02/21/2019","7.190","7.200","7.200","7.190","0.84%"
"02/20/2019","7.130","7.140","7.140","7.130","0.56%"
"02/19/2019","7.090","7.080","7.090","7.080","0.00%"
"02/18/2019","7.090","7.070","7.090","7.070","1.14%"
"02/15/2019","7.010","7.010","7.010","7.010","-1.27%"
"02/14/2019","7.100","7.110","7.110","7.100","-0.70%"
"02/13/2019","7.150","7.220","7.220","7.150","-1.79%"
"02/12/2019","7.280","7.310","7.310","7.280","-1.09%"
"02/11/2019","7.360","7.330","7.360","7.330","0.27%"
"02/08/2019","7.340","7.220","7.340","7.220","1.52%"
"02/07/2019","7.230","7.220","7.230","7.220","1.54%"
"02/06/2019","7.120","7.120","7.120","7.120","0.00%"
"02/05/2019","7.120","7.120","7.120","7.110","0.42%"
"02/04/2019","7.090","7.090","7.090","7.090","0.85%"
"02/01/2019","7.030","7.110","7.110","7.030","-0.99%"
"01/31/2019","7.100","7.120","7.120","7.100","-1.80%"
"01/30/2019","7.230","7.160","7.230","7.160","0.28%"
"01/29/2019","7.210","7.320","7.320","7.210","-1.50%"
"01/28/2019","7.320","7.310","7.320","7.310","0.55%"
"01/24/2019","7.280","7.300","7.300","7.280","-1.22%"
"01/23/2019","7.370","7.370","7.370","7.370","-1.07%"
"01/22/2019","7.450","7.430","7.450","7.430","0.40%"
"01/21/2019","7.420","7.440","7.440","7.420","-1.20%"
"01/18/2019","7.510","7.510","7.510","7.510","0.00%"
"01/17/2019","7.510","7.550","7.550","7.510","-0.40%"
"01/16/2019","7.540","7.550","7.550","7.540","0.40%"
"01/15/2019","7.510","7.460","7.510","7.460","0.67%"
"01/14/2019","7.460","7.550","7.550","7.460","-0.93%"
"01/11/2019","7.530","7.540","7.540","7.530","0.00%"
"01/10/2019","7.530","7.490","7.530","7.490","1.07%"
"01/09/2019","7.450","7.450","7.450","7.450","-0.13%"
"01/08/2019","7.460","7.460","7.460","7.460","0.27%"
"01/07/2019","7.440","7.380","7.440","7.380","1.22%"
"01/04/2019","7.350","7.300","7.350","7.300","0.68%"
"01/03/2019","7.300","7.300","7.300","7.300","-0.14%"
"01/02/2019","7.310","7.350","7.350","7.310","-0.54%"
"12/31/2018","7.350","7.350","7.350","7.350","0.00%"
"12/28/2018","7.350","7.470","7.470","7.350","-1.61%"
"12/27/2018","7.470","7.510","7.510","7.470","-0.80%"
"12/26/2018","7.530","7.500","7.530","7.500","0.80%"
"12/24/2018","7.470","7.470","7.470","7.470","0.00%"
"12/21/2018","7.470","7.470","7.470","7.470","-0.27%"
"12/20/2018","7.490","7.490","7.490","7.490","-0.53%"
"12/19/2018","7.530","7.580","7.580","7.530","-0.92%"
"12/18/2018","7.600","7.610","7.610","7.570","-0.13%"
"12/17/2018","7.610","7.620","7.620","7.610","-0.13%"
"12/14/2018","7.620","7.680","7.680","7.620","-1.04%"
"12/13/2018","7.700","7.750","7.750","7.700","-2.28%"
"12/12/2018","7.880","7.880","7.880","7.880","-0.51%"
"12/11/2018","7.920","7.900","7.920","7.900","-0.13%"
"12/10/2018","7.930","7.930","7.930","7.930","0.25%"
"12/07/2018","7.910","7.910","7.910","7.910","-2.10%"
"12/06/2018","8.080","8.100","8.100","8.080","-0.25%"
"12/05/2018","8.100","8.080","8.100","8.070","0.25%"
"12/04/2018","8.080","8.030","8.080","8.030","0.62%"
"12/03/2018","8.030","7.980","8.030","7.980","0.00%"
"11/30/2018","8.030","8.040","8.040","8.030","-0.12%"
"11/29/2018","8.040","8.040","8.040","8.040","0.50%"
"11/28/2018","8.000","8.030","8.030","8.000","-1.60%"
"11/27/2018","8.130","8.110","8.130","8.110","1.50%"
"11/26/2018","8.010","7.950","8.010","7.950","1.01%"
"11/23/2018","7.930","7.990","7.990","7.930","-0.88%"
"11/22/2018","8.000","8.000","8.000","8.000","0.25%"
"11/21/2018","7.980","8.060","8.060","7.980","-1.24%"
"11/19/2018","8.080","8.010","8.080","8.010","0.87%"
"11/16/2018","8.010","8.100","8.100","8.010","-1.23%"
"11/14/2018","8.110","8.190","8.190","8.110","-0.61%"
"11/13/2018","8.160","8.160","8.160","8.160","-1.09%"
"11/12/2018","8.250","8.280","8.280","8.230","-0.36%"
"11/09/2018","8.280","8.350","8.350","8.280","0.00%"
"11/08/2018","8.280","8.250","8.280","8.250","0.61%"
"11/07/2018","8.230","8.150","8.230","8.150","0.24%"
"11/06/2018","8.210","8.190","8.210","8.190","0.49%"
"11/05/2018","8.170","8.240","8.240","8.170","-0.49%"
"11/01/2018","8.210","8.230","8.230","8.210","-0.12%"
"10/31/2018","8.220","8.160","8.220","8.160","-0.36%"
"10/30/2018","8.250","8.290","8.290","8.250","-0.48%"
"10/29/2018","8.290","8.150","8.290","8.150","-0.60%"
"10/26/2018","8.340","8.440","8.440","8.340","-1.42%"
"10/25/2018","8.460","8.420","8.460","8.420","0.71%"
"10/24/2018","8.400","8.400","8.400","8.400","0.12%"
"10/23/2018","8.390","8.400","8.400","8.390","-0.12%"
"10/22/2018","8.400","8.550","8.550","8.400","-2.33%"
"10/19/2018","8.600","8.540","8.600","8.540","0.47%"
"10/18/2018","8.560","8.530","8.560","8.530","0.82%"
"10/17/2018","8.490","8.540","8.540","8.490","0.12%"
"10/16/2018","8.480","8.510","8.510","8.480","-1.28%"
"10/15/2018","8.590","8.660","8.660","8.590","-2.28%"
"10/11/2018","8.790","8.740","8.790","8.740","-0.23%"
"10/10/2018","8.810","8.740","8.810","8.740","1.03%"
"10/09/2018","8.720","8.930","8.930","8.720","-2.57%"
"10/08/2018","8.950","9.340","9.340","8.950","-3.45%"
"10/05/2018","9.270","9.270","9.270","9.270","-1.38%"
"10/04/2018","9.400","9.410","9.410","9.400","0.53%"
"10/03/2018","9.350","9.350","9.350","9.350","0.00%"
"10/02/2018","9.350","9.400","9.400","9.350","4.35%"
"10/01/2018","8.960","9.010","9.080","8.860","-0.67%"
"09/28/2018","9.020","8.950","9.030","8.840","1.92%"
"09/27/2018","8.850","9.030","9.070","8.840","-1.34%"
"09/26/2018","8.970","9.110","9.140","8.940","-0.88%"
"09/25/2018","9.050","9.120","9.300","8.980","0.00%"
"09/24/2018","9.050","9.070","9.150","8.975","0.11%"
"09/21/2018","9.040","9.180","9.180","8.960","-1.20%"
"09/20/2018","9.150","9.200","9.270","9.045","0.11%"
"09/19/2018","9.140","9.190","9.280","9.010","-1.08%"
"09/18/2018","9.240","9.180","9.250","9.080","0.82%"
"09/17/2018","9.165","9.235","9.500","9.110","-0.97%"
"09/14/2018","9.255","9.390","9.480","9.235","-1.12%"
"09/13/2018","9.360","9.150","9.390","9.050","2.18%"
"09/12/2018","9.160","9.230","9.230","9.020","0.11%"
"09/11/2018","9.150","9.190","9.380","9.090","0.66%"
"09/10/2018","9.090","9.335","9.335","9.060","-0.76%"
"09/06/2018","9.160","9.420","9.475","9.120","-3.88%"
"09/05/2018","9.530","9.535","9.625","9.370","-0.26%"
"09/04/2018","9.555","9.415","9.565","9.320","1.54%"
"09/03/2018","9.410","9.265","9.475","9.265","1.62%"
"08/31/2018","9.260","9.435","9.555","9.230","-1.07%"
"08/30/2018","9.360","9.065","9.435","9.010","3.88%"
"08/29/2018","9.010","9.125","9.185","9.010","-0.88%"
"08/28/2018","9.090","9.075","9.215","9.030","0.44%"
"08/27/2018","9.050","9.120","9.175","9.030","-0.77%"
"08/24/2018","9.120","9.195","9.305","9.050","-0.98%"
"08/23/2018","9.210","8.980","9.310","8.930","2.45%"
"08/22/2018","8.990","9.150","9.320","8.930","-2.81%"
"08/21/2018","9.250","8.870","9.270","8.810","4.76%"
"08/20/2018","8.830","8.770","8.920","8.680","0.80%"
"08/17/2018","8.760","8.780","8.970","8.740","-0.23%"
"08/16/2018","8.780","8.760","8.840","8.610","0.34%"
"08/15/2018","8.750","8.780","8.940","8.690","-0.34%"
"08/14/2018","8.780","9.090","9.130","8.720","-2.23%"
"08/13/2018","8.980","9.030","9.280","8.910","-0.55%"
"08/10/2018","9.030","8.720","9.110","8.720","4.03%"
"08/09/2018","8.680","8.590","8.770","8.590","0.46%"
"08/08/2018","8.640","8.620","8.640","8.460","1.29%"
"08/07/2018","8.530","8.450","8.570","8.310","0.95%"
"08/06/2018","8.450","8.420","8.450","8.330","0.24%"
"08/03/2018","8.430","8.450","8.450","8.330","0.12%"
"08/02/2018","8.420","8.430","8.480","8.380","0.12%"
"08/01/2018","8.410","8.470","8.470","8.330","0.36%"
"07/31/2018","8.380","8.470","8.470","8.360","-0.59%"
"07/30/2018","8.430","8.390","8.430","8.390","0.48%"
"07/27/2018","8.390","8.440","8.480","8.340","-0.59%"
"07/26/2018","8.440","8.520","8.540","8.410","0.12%"
"07/25/2018","8.430","8.590","8.610","8.420","-1.40%"
"07/24/2018","8.550","8.620","8.630","8.530","-0.70%"
"07/23/2018","8.610","8.600","8.660","8.570","0.47%"
"07/20/2018","8.570","8.645","8.645","8.470","-1.78%"
"07/19/2018","8.725","8.650","8.740","8.570","0.52%"
"07/18/2018","8.680","8.590","8.680","8.580","0.93%"
"07/17/2018","8.600","8.670","8.720","8.570","-0.81%"
"07/16/2018","8.670","8.690","8.690","8.620","-0.23%"
"07/13/2018","8.690","8.820","8.820","8.660","-0.80%"
"07/12/2018","8.760","8.690","8.820","8.580","1.15%"
"07/11/2018","8.660","8.670","8.700","8.530","0.12%"
"07/10/2018","8.650","8.770","8.770","8.560","-1.37%"
"07/06/2018","8.770","8.900","8.900","8.720","-1.46%"
"07/05/2018","8.900","8.880","8.960","8.760","0.23%"
"07/04/2018","8.880","8.810","8.960","8.750","0.45%"
"07/03/2018","8.840","8.670","8.840","8.620","4.25%"
"07/02/2018","8.480","8.630","8.650","8.300","-0.93%"
"06/29/2018","8.560","8.540","8.630","8.500","-0.35%"
"06/28/2018","8.590","8.745","8.780","8.550","-2.16%"
"06/27/2018","8.780","8.630","8.800","8.630","1.39%"
"06/26/2018","8.660","8.780","8.790","8.550","-0.80%"
"06/25/2018","8.730","8.940","8.940","8.720","-2.57%"
"06/22/2018","8.960","8.905","9.000","8.870","0.34%"
"06/21/2018","8.930","9.110","9.110","8.820","0.11%"
"06/20/2018","8.920","8.890","8.950","8.680","0.34%"
"06/19/2018","8.890","9.170","9.190","8.760","-2.41%"
"06/18/2018","9.110","9.280","9.280","9.010","-2.36%"
"06/15/2018","9.330","9.575","9.740","9.260","-4.89%"
"06/14/2018","9.810","9.095","9.810","9.000","7.21%"
"06/13/2018","9.150","8.895","9.240","8.895","2.12%"
"06/12/2018","8.960","8.960","8.960","8.960","0.67%"
"06/11/2018","8.900","8.900","8.980","8.730","0.00%"
"06/08/2018","8.900","9.025","9.510","8.740","1.14%"
"06/07/2018","8.800","8.315","8.800","8.315","2.92%"
"06/06/2018","8.550","8.135","8.560","8.135","3.64%"
"06/05/2018","8.250","7.910","8.260","7.910","4.30%"
"06/04/2018","7.910","7.860","7.940","7.840","0.00%"
"06/01/2018","7.910","8.020","8.020","7.880","-0.38%"
"05/30/2018","7.940","7.960","8.190","7.930","-1.24%"
"05/29/2018","8.040","8.000","8.060","7.850","0.50%"
"05/28/2018","8.000","7.880","8.020","7.870","2.30%"
"05/25/2018","7.820","7.810","7.860","7.760","0.64%"
"05/24/2018","7.770","7.680","7.870","7.680","0.78%"
"05/23/2018","7.710","7.870","7.880","7.640","-1.15%"
"05/22/2018","7.800","7.900","7.900","7.770","-0.64%"
"05/21/2018","7.850","8.000","8.080","7.850","-1.57%"
"05/20/2018","7.975","7.975","7.975","7.975","0.00%"
"05/18/2018","7.975","7.970","8.120","7.940","1.33%"
"05/17/2018","7.870","7.610","7.930","7.610","3.28%"
"05/16/2018","7.620","7.625","7.690","7.600","0.13%"
"05/15/2018","7.610","7.780","7.850","7.600","-0.91%"
"05/14/2018","7.680","7.570","7.750","7.550","1.19%"
"05/11/2018","7.590","7.510","7.610","7.430","1.88%"
"05/10/2018","7.450","7.605","7.610","7.450","-2.61%"
"05/09/2018","7.650","7.525","7.670","7.470","1.26%"
"05/08/2018","7.555","7.380","7.555","7.380","1.41%"
"05/07/2018","7.450","7.320","7.460","7.320","1.92%"
"05/04/2018","7.310","7.295","7.390","7.285","-0.41%"
"05/03/2018","7.340","7.235","7.360","7.235","1.10%"
"05/02/2018","7.260","7.210","7.300","7.210","0.28%"
"04/30/2018","7.240","7.160","7.240","7.160","1.12%"
"04/27/2018","7.160","7.190","7.190","7.150","-0.14%"
"04/26/2018","7.170","7.220","7.230","7.170","-0.83%"
"04/25/2018","7.230","7.185","7.240","7.185","0.70%"
"04/24/2018","7.180","7.190","7.230","7.150","0.07%"
"04/23/2018","7.175","7.145","7.180","7.145","0.35%"
"04/20/2018","7.150","7.195","7.240","7.125","-0.56%"
"04/19/2018","7.190","7.150","7.220","7.150","0.42%"
"04/18/2018","7.160","7.230","7.230","7.150","-0.42%"
"04/17/2018","7.190","7.190","7.210","7.170","-0.14%"
"04/16/2018","7.200","7.200","7.220","7.180","-0.14%"
"04/13/2018","7.210","7.255","7.280","7.200","-0.83%"
"04/12/2018","7.270","7.310","7.310","7.250","-0.55%"
"04/11/2018","7.310","7.390","7.390","7.300","-0.81%"
"04/10/2018","7.370","7.450","7.450","7.350","-0.81%"
"04/09/2018","7.430","7.390","7.440","7.370","1.09%"
"04/06/2018","7.350","7.310","7.390","7.310","0.27%"
"04/05/2018","7.330","7.390","7.390","7.300","-0.81%"
"04/04/2018","7.390","7.350","7.480","7.350","0.41%"
"04/03/2018","7.360","7.360","7.375","7.305","0.41%"
"04/02/2018","7.330","7.285","7.360","7.285","0.62%"
"03/29/2018","7.285","7.340","7.390","7.280","-0.75%"
"03/28/2018","7.340","7.360","7.400","7.340","-0.27%"
"03/27/2018","7.360","7.290","7.380","7.290","0.27%"
"03/26/2018","7.340","7.380","7.410","7.290","-0.94%"
"03/23/2018","7.410","7.430","7.460","7.395","-0.27%"
"03/22/2018","7.430","7.625","7.625","7.405","-2.56%"
"03/21/2018","7.625","7.645","7.720","7.625","-1.10%"
"03/20/2018","7.710","7.600","7.710","7.600","0.92%"
"03/19/2018","7.640","7.595","7.640","7.580","0.53%"
"03/16/2018","7.600","7.660","7.670","7.600","-0.20%"
"03/15/2018","7.615","7.650","7.690","7.615","-0.46%"
"03/14/2018","7.650","7.570","7.650","7.570","1.06%"
"03/13/2018","7.570","7.570","7.600","7.540","0.00%"
"03/12/2018","7.570","7.580","7.590","7.515","-0.13%"
"03/09/2018","7.580","7.580","7.650","7.545","-0.33%"
"03/08/2018","7.605","7.650","7.670","7.580","-0.59%"
"03/07/2018","7.650","7.650","7.700","7.630","-0.39%"
"03/06/2018","7.680","7.660","7.740","7.660","4.07%"
"03/05/2018","7.380","7.470","7.470","7.380","-1.20%"
"03/02/2018","7.470","7.560","7.560","7.450","-0.73%"
"03/01/2018","7.525","7.600","7.600","7.505","-0.59%"
"02/28/2018","7.570","7.580","7.620","7.530","0.13%"
"02/27/2018","7.560","7.600","7.620","7.530","-0.13%"
"02/26/2018","7.570","7.595","7.620","7.570","-0.26%"
"02/23/2018","7.590","7.595","7.640","7.510","0.13%"
"02/22/2018","7.580","7.580","7.620","7.530","0.13%"
"02/21/2018","7.570","7.590","7.590","7.530","0.00%"
"02/20/2018","7.570","7.650","7.670","7.570","-0.79%"
"02/19/2018","7.630","7.665","7.680","7.630","-0.78%"
"02/18/2018","7.690","7.690","7.690","7.690","0.00%"
"02/16/2018","7.690","7.830","7.830","7.670","-1.54%"
"02/15/2018","7.810","7.890","7.890","7.790","-0.64%"
"02/14/2018","7.860","7.955","8.050","7.850","-0.88%"
"02/12/2018","7.930","7.930","7.930","7.930","0.00%"
"02/09/2018","7.930","7.945","7.970","7.890","-0.13%"
"02/08/2018","7.940","8.025","8.025","7.910","-0.50%"
"02/07/2018","7.980","8.045","8.060","7.980","-0.99%"
"02/06/2018","8.060","8.170","8.170","8.040","-0.06%"
"02/05/2018","8.065","8.095","8.110","8.060","-0.06%"
"02/02/2018","8.070","8.015","8.075","8.005","0.94%"
"02/01/2018","7.995","7.995","8.025","7.975","0.19%"
"01/31/2018","7.980","7.980","7.990","7.950","-0.13%"
"01/30/2018","7.990","7.970","8.000","7.930","0.50%"
"01/29/2018","7.950","7.935","7.950","7.915","0.57%"
"01/26/2018","7.905","8.015","8.015","7.865","-0.69%"
"01/25/2018","7.960","7.925","7.960","7.925","0.44%"
"01/24/2018","7.925","8.105","8.115","7.885","-1.98%"
"01/23/2018","8.085","8.070","8.095","8.035","0.43%"
"01/22/2018","8.050","8.045","8.070","8.030","0.12%"
"01/19/2018","8.040","8.055","8.070","8.020","0.00%"
"01/18/2018","8.040","8.080","8.080","8.020","-0.12%"
"01/17/2018","8.050","8.010","8.070","7.990","-0.12%"
"01/16/2018","8.060","7.980","8.070","7.980","0.25%"
"01/15/2018","8.040","8.060","8.060","7.960","-0.12%"
"01/12/2018","8.050","8.015","8.140","8.015","0.12%"
"01/11/2018","8.040","8.070","8.110","8.030","-0.12%"
"01/10/2018","8.050","8.010","8.090","7.970","0.75%"
"01/09/2018","7.990","8.000","8.000","7.950","0.38%"
"01/08/2018","7.960","7.970","8.000","7.960","-0.50%"
"01/05/2018","8.000","7.960","8.000","7.910","0.76%"
"01/04/2018","7.940","7.950","7.950","7.905","0.13%"
"01/03/2018","7.930","7.940","7.950","7.890","3.59%"
"01/02/2018","7.655","7.785","7.785","7.655","-1.67%"
"12/29/2017","7.785","7.775","7.785","7.775","0.13%"
"12/28/2017","7.775","7.800","7.800","7.775","-0.45%"
"12/27/2017","7.810","7.815","7.815","7.810","-0.19%"
"12/26/2017","7.825","7.870","7.870","7.825","-0.57%"
"12/22/2017","7.870","7.880","7.880","7.865","-0.06%"
"12/21/2017","7.875","7.840","7.875","7.840","0.06%"
"12/20/2017","7.870","7.965","7.965","7.870","-1.32%"
"12/19/2017","7.975","7.925","7.975","7.925","0.38%"
"12/18/2017","7.945","7.970","7.970","7.945","-0.31%"
"12/16/2017","7.970","7.970","7.970","7.970","0.00%"
"12/15/2017","7.970","8.000","8.000","7.970","-0.50%"
"12/14/2017","8.010","8.025","8.025","8.010","0.44%"
"12/13/2017","7.975","7.985","7.985","7.975","-0.62%"
"12/12/2017","8.025","8.025","8.025","8.025","0.50%"
"12/11/2017","7.985","8.010","8.010","7.975","-0.25%"
"12/08/2017","8.005","8.040","8.040","7.975","-0.56%"
"12/07/2017","8.050","7.995","8.115","7.995","0.81%"
"12/06/2017","7.985","7.995","8.015","7.985","-0.25%"
"12/05/2017","8.005","8.025","8.025","8.005","-0.25%"
"12/04/2017","8.025","8.120","8.120","8.025","-1.41%"
"12/01/2017","8.140","8.155","8.155","8.130","0.00%"
"11/30/2017","8.140","8.140","8.170","8.140","0.74%"
"11/29/2017","8.080","8.035","8.080","8.015","0.81%"
"11/28/2017","8.015","8.065","8.065","8.015","-0.87%"
"11/27/2017","8.085","8.100","8.100","8.085","0.00%"
"11/24/2017","8.085","8.085","8.105","8.085","0.12%"
"11/23/2017","8.075","8.160","8.160","8.075","-0.86%"
"11/22/2017","8.145","8.160","8.195","8.145","0.00%"
"11/21/2017","8.145","8.175","8.175","8.145","-0.61%"
"11/20/2017","8.195","8.195","8.195","8.195","0.00%"
"11/17/2017","8.195","8.285","8.285","8.195","-1.21%"
"11/16/2017","8.295","8.345","8.365","8.295","-0.84%"
"11/14/2017","8.365","8.315","8.365","8.255","0.72%"
"11/13/2017","8.305","8.315","8.325","8.305","0.48%"
"11/10/2017","8.265","8.225","8.265","8.195","0.61%"
"11/09/2017","8.215","8.185","8.215","8.185","0.37%"
"11/08/2017","8.185","8.255","8.255","8.185","-0.85%"
"11/07/2017","8.255","8.210","8.255","8.210","0.55%"
"11/06/2017","8.210","8.285","8.285","8.210","-0.48%"
"11/03/2017","8.250","8.180","8.250","8.180","0.12%"
"11/01/2017","8.240","8.130","8.240","8.130","0.98%"
"10/31/2017","8.160","8.200","8.200","8.160","0.06%"
"10/30/2017","8.155","8.165","8.165","8.155","0.55%"
"10/29/2017","8.110","8.110","8.110","8.110","0.00%"
"10/27/2017","8.110","8.225","8.225","8.110","-0.67%"
"10/26/2017","8.165","8.040","8.165","8.040","2.06%"
"10/25/2017","8.000","7.980","8.000","7.980","-0.68%"
"10/24/2017","8.055","8.025","8.055","8.025","0.62%"
"10/23/2017","8.005","8.020","8.020","8.005","0.06%"
"10/22/2017","8.000","8.000","8.000","8.000","0.00%"
"10/20/2017","8.000","7.980","8.000","7.980","0.50%"
"10/19/2017","7.960","8.000","8.000","7.960","-0.62%"
"10/18/2017","8.010","8.010","8.010","8.010","0.00%"
"10/17/2017","8.010","8.070","8.070","8.010","-0.62%"
"10/16/2017","8.060","8.035","8.060","8.035","0.75%"
"10/13/2017","8.000","8.010","8.010","8.000","-0.44%"
"10/11/2017","8.035","8.035","8.035","8.035","-0.12%"
"10/10/2017","8.045","8.045","8.045","8.045","-0.62%"
"10/09/2017","8.095","8.095","8.095","8.095","0.50%"
"10/06/2017","8.055","8.115","8.115","8.055","-0.74%"
"10/05/2017","8.115","8.005","8.115","8.005","1.37%"
"10/04/2017","8.005","7.975","8.005","7.975","0.38%"
"10/03/2017","7.975","7.905","7.975","7.905","3.84%"
"10/02/2017","7.680","7.710","7.720","7.650","-0.13%"
"09/29/2017","7.690","7.750","7.820","7.650","-1.03%"
"09/28/2017","7.770","7.750","7.770","7.700","0.00%"
"09/27/2017","7.770","7.700","7.840","7.650","1.04%"
"09/26/2017","7.690","7.750","7.800","7.650","-2.41%"
"09/25/2017","7.880","7.655","7.880","7.640","2.87%"
"09/22/2017","7.660","7.715","7.730","7.640","-0.58%"
"09/21/2017","7.705","7.805","7.805","7.615","-0.90%"
"09/20/2017","7.775","7.785","7.845","7.735","-0.26%"
"09/19/2017","7.795","7.900","7.900","7.790","-0.89%"
"09/18/2017","7.865","7.950","7.950","7.855","-1.63%"
"09/15/2017","7.995","7.980","8.065","7.900","0.38%"
"09/14/2017","7.965","8.040","8.085","7.920","-0.62%"
"09/13/2017","8.015","8.065","8.065","7.965","-0.37%"
"09/12/2017","8.045","8.075","8.095","7.995","-0.25%"
"09/11/2017","8.065","7.995","8.085","7.935","1.00%"
"09/08/2017","7.985","8.015","8.015","7.905","-0.62%"
"09/06/2017","8.035","8.175","8.175","7.965","-1.11%"
"09/05/2017","8.125","8.215","8.215","8.115","-1.22%"
"09/04/2017","8.225","8.215","8.265","8.200","0.37%"
"09/01/2017","8.195","8.195","8.235","8.135","0.12%"
"08/31/2017","8.185","8.225","8.255","8.055","-0.12%"
"08/30/2017","8.195","8.265","8.265","8.185","-0.73%"
"08/29/2017","8.255","8.265","8.325","8.205","-0.48%"
"08/28/2017","8.295","8.285","8.325","8.225","0.12%"
"08/25/2017","8.285","8.325","8.335","8.235","-0.36%"
"08/24/2017","8.315","8.405","8.405","8.265","-1.07%"
"08/23/2017","8.405","8.525","8.525","8.345","-1.00%"
"08/22/2017","8.490","8.545","8.690","8.430","-0.24%"
"08/21/2017","8.510","8.505","8.555","8.415","0.35%"
"08/18/2017","8.480","8.565","8.595","8.445","-0.59%"
"08/17/2017","8.530","8.475","8.595","8.460","0.71%"
"08/16/2017","8.470","8.495","8.525","8.400","-0.06%"
"08/15/2017","8.475","8.505","8.505","8.415","-0.24%"
"08/14/2017","8.495","8.510","8.540","8.430","-1.11%"
"08/11/2017","8.590","8.535","8.625","8.410","0.76%"
"08/10/2017","8.525","8.475","8.525","8.435","0.35%"
"08/09/2017","8.495","8.415","8.495","8.380","1.01%"
"08/08/2017","8.410","8.405","8.445","8.335","-0.18%"
"08/07/2017","8.425","8.340","8.425","8.300","0.54%"
"08/06/2017","8.380","8.380","8.380","8.380","0.00%"
"08/04/2017","8.380","8.320","8.380","8.260","1.21%"
"08/03/2017","8.280","8.390","8.390","8.260","-0.78%"
"08/02/2017","8.345","8.410","8.440","8.320","-1.13%"
"08/01/2017","8.440","8.370","8.460","8.340","0.24%"
"07/31/2017","8.420","8.460","8.480","8.380","-0.59%"
"07/28/2017","8.470","8.490","8.510","8.410","-0.35%"
"07/27/2017","8.500","8.530","8.650","8.420","-2.19%"
"07/26/2017","8.690","8.700","8.750","8.660","-0.23%"
"07/25/2017","8.710","8.700","8.750","8.640","0.46%"
"07/24/2017","8.670","8.690","8.720","8.630","0.23%"
"07/21/2017","8.650","8.640","8.720","8.580","-0.35%"
"07/20/2017","8.680","8.680","8.740","8.590","-0.91%"
"07/19/2017","8.760","8.840","8.850","8.680","-0.23%"
"07/18/2017","8.780","8.880","8.890","8.770","-0.57%"
"07/17/2017","8.830","8.965","9.020","8.825","-1.23%"
"07/16/2017","8.940","8.940","8.940","8.940","0.00%"
"07/14/2017","8.940","9.000","9.020","8.870","-0.89%"
"07/13/2017","9.020","8.945","9.065","8.945","0.84%"
"07/12/2017","8.945","9.115","9.115","8.930","-1.81%"
"07/11/2017","9.110","9.145","9.165","9.050","-0.33%"
"07/10/2017","9.140","9.175","9.175","9.055","1.05%"
"07/07/2017","9.045","9.060","9.260","9.040","-0.17%"
"07/06/2017","9.060","9.060","9.060","9.060","-0.44%"
"07/05/2017","9.100","9.205","9.205","9.090","-1.03%"
"07/04/2017","9.195","9.185","9.230","9.120","0.05%"
"07/03/2017","9.190","9.275","9.275","9.030","-0.49%"
"07/02/2017","9.235","9.235","9.235","9.235","0.00%"
"07/01/2017","9.235","9.235","9.235","9.235","0.00%"
"06/30/2017","9.235","9.380","9.380","9.230","-1.02%"
"06/29/2017","9.330","9.310","9.410","9.200","-0.11%"
"06/28/2017","9.340","9.405","9.490","9.250","-0.21%"
"06/27/2017","9.360","9.365","9.480","9.330","0.21%"
"06/26/2017","9.340","9.395","9.395","9.290","-0.53%"
"06/25/2017","9.390","9.390","9.390","9.390","0.00%"
"06/23/2017","9.390","9.365","9.500","9.300","-0.05%"
"06/22/2017","9.395","9.320","9.405","9.270","0.80%"
"06/21/2017","9.320","9.320","9.320","9.320","-0.32%"
"06/20/2017","9.350","9.315","9.470","9.260","1.19%"
"06/19/2017","9.240","9.415","9.465","9.240","-1.44%"
"06/16/2017","9.375","9.555","9.555","9.350","-1.68%"
"06/15/2017","9.535","9.535","9.535","9.535","0.00%"
"06/14/2017","9.535","9.605","9.625","9.430","-0.37%"
"06/13/2017","9.570","9.545","9.625","9.440","0.84%"
"06/12/2017","9.490","9.565","9.565","9.410","-1.25%"
"06/09/2017","9.610","9.750","9.750","9.470","-1.44%"
"06/08/2017","9.750","9.740","9.820","9.700","0.41%"
"06/07/2017","9.710","9.730","9.760","9.610","0.31%"
"06/06/2017","9.680","9.910","9.910","9.635","-3.30%"
"06/05/2017","10.010","9.870","10.010","9.840","1.21%"
"06/02/2017","9.890","9.820","9.940","9.710","0.61%"
"06/01/2017","9.830","9.645","9.840","9.560","1.81%"
"05/31/2017","9.655","9.700","9.710","9.570","-0.72%"
"05/30/2017","9.725","9.605","9.785","9.520","1.51%"
"05/29/2017","9.580","9.745","9.855","9.560","0.84%"
"05/26/2017","9.500","9.600","9.610","9.500","-3.60%"
"05/25/2017","9.855","9.815","9.855","9.810","0.66%"
"05/24/2017","9.790","9.880","9.880","9.790","-3.55%"
"05/23/2017","10.150","10.200","10.280","10.150","-2.07%"
"05/22/2017","10.365","10.410","10.415","10.340","-1.00%"
"05/19/2017","10.470","10.470","10.470","10.340","-0.85%"
"05/18/2017","10.560","10.565","10.565","10.560","17.59%"
"05/17/2017","8.980","8.950","8.980","8.900","0.56%"
"05/16/2017","8.930","8.960","8.960","8.930","-0.78%"
"05/15/2017","9.000","9.090","9.120","9.000","-1.21%"
"05/12/2017","9.110","9.150","9.150","9.100","-0.44%"
"05/11/2017","9.150","9.190","9.200","9.150","-1.29%"
"05/10/2017","9.270","9.280","9.300","9.260","-0.75%"
"05/09/2017","9.340","9.380","9.380","9.340","-0.74%"
"05/08/2017","9.410","9.460","9.460","9.410","-0.48%"
"05/07/2017","9.455","9.455","9.455","9.455","0.00%"
"05/05/2017","9.455","9.445","9.465","9.435","-0.47%"
"05/04/2017","9.500","9.470","9.500","9.470","0.74%"
"05/03/2017","9.430","9.410","9.430","9.400","-0.11%"
"05/02/2017","9.440","9.480","9.480","9.430","-0.63%"
"04/28/2017","9.500","9.560","9.570","9.500","-0.52%"
"04/27/2017","9.550","9.510","9.550","9.506","0.10%"
"04/26/2017","9.540","9.540","9.560","9.533","0.00%"
"04/25/2017","9.540","9.500","9.540","9.500","1.06%"
"04/24/2017","9.440","9.450","9.460","9.440","-1.05%"
"04/22/2017","9.540","9.540","9.540","9.540","0.00%"
"04/20/2017","9.540","9.500","9.540","9.475","0.69%"
"04/19/2017","9.475","9.445","9.475","9.445","0.53%"
"04/18/2017","9.425","9.455","9.455","9.425","-1.10%"
"04/17/2017","9.530","9.500","9.530","9.500","-0.31%"
"04/13/2017","9.560","9.524","9.560","9.524","0.79%"
"04/12/2017","9.485","9.485","9.485","9.485","0.32%"
"04/11/2017","9.455","9.428","9.455","9.428","-0.16%"
"04/10/2017","9.470","9.508","9.508","9.470","-1.04%"
"04/07/2017","9.570","9.590","9.590","9.570","-0.42%"
"04/06/2017","9.610","9.566","9.610","9.566","1.37%"
"04/05/2017","9.480","9.480","9.480","9.480","-0.37%"
"04/04/2017","9.515","9.542","9.555","9.515","-0.57%"
"04/03/2017","9.570","9.570","9.570","9.570","0.10%"
"03/31/2017","9.560","9.600","9.600","9.560","0.00%"
"03/30/2017","9.560","9.570","9.570","9.560","0.53%"
"03/29/2017","9.510","9.542","9.542","9.510","-0.31%"
"03/28/2017","9.540","9.520","9.540","9.520","0.90%"
"03/27/2017","9.455","9.465","9.475","9.455","-0.42%"
"03/26/2017","9.495","9.495","9.495","9.495","0.00%"
"03/24/2017","9.495","9.570","9.605","9.460","-0.94%"
"03/23/2017","9.585","9.550","9.625","9.550","0.37%"
"03/22/2017","9.550","9.520","9.575","9.520","0.16%"
"03/21/2017","9.535","9.570","9.570","9.525","-0.52%"
"03/20/2017","9.585","9.580","9.597","9.580","-0.05%"
"03/18/2017","9.590","9.590","9.590","9.590","0.00%"
"03/17/2017","9.590","9.580","9.595","9.575","0.16%"
"03/16/2017","9.575","9.520","9.585","9.520","0.16%"
"03/15/2017","9.560","9.635","9.655","9.520","-0.73%"
"03/14/2017","9.630","9.560","9.640","9.560","0.42%"
"03/13/2017","9.590","9.580","9.600","9.580","-0.42%"
"03/10/2017","9.630","9.655","9.690","9.600","-1.73%"
"03/09/2017","9.800","9.780","9.819","9.780","0.31%"
"03/08/2017","9.770","9.760","9.790","9.760","0.31%"
"03/07/2017","9.740","9.715","9.743","9.715","0.21%"
"03/06/2017","9.720","9.770","9.770","9.720","-0.82%"
"03/03/2017","9.800","9.800","9.820","9.800","-0.81%"
"03/02/2017","9.880","9.845","9.880","9.820","0.00%"
"03/01/2017","9.880","9.895","9.895","9.845","-0.20%"
"02/24/2017","9.900","9.875","9.905","9.875","0.15%"
"02/23/2017","9.885","10.035","10.035","9.885","-1.59%"
"02/22/2017","10.045","10.045","10.075","10.045","-0.10%"
"02/21/2017","10.055","10.105","10.105","10.055","-0.64%"
"02/20/2017","10.120","10.125","10.130","10.115","-0.15%"
"02/17/2017","10.135","10.210","10.210","10.135","-0.54%"
"02/16/2017","10.190","10.140","10.190","10.140","0.30%"
"02/15/2017","10.160","10.180","10.184","10.140","-0.49%"
"02/14/2017","10.210","10.160","10.210","10.140","0.39%"
"02/13/2017","10.170","10.145","10.180","10.145","0.00%"
"02/10/2017","10.170","10.215","10.215","10.165","-0.49%"
"02/09/2017","10.220","10.215","10.240","10.215","0.15%"
"02/08/2017","10.205","10.265","10.265","10.205","-0.78%"
"02/07/2017","10.285","10.300","10.335","10.265","-0.24%"
"02/06/2017","10.310","10.325","10.325","10.310","-0.15%"
"02/03/2017","10.325","10.385","10.385","10.325","-0.58%"
"02/02/2017","10.385","10.435","10.495","10.385","-0.53%"
"02/01/2017","10.440","10.445","10.495","10.440","-0.19%"
"01/31/2017","10.460","10.450","10.503","10.440","-0.33%"
"01/30/2017","10.495","10.475","10.510","10.475","0.24%"
"01/27/2017","10.470","10.525","10.525","10.470","-0.52%"
"01/26/2017","10.525","10.480","10.525","10.480","0.43%"
"01/25/2017","10.480","10.470","10.480","10.470","0.10%"
"01/24/2017","10.470","10.480","10.480","10.450","0.00%"
"01/23/2017","10.470","10.435","10.485","10.430","0.14%"
"01/20/2017","10.455","10.495","10.495","10.445","-0.38%"
"01/19/2017","10.495","10.580","10.580","10.495","-0.80%"
"01/18/2017","10.580","10.555","10.580","10.535","0.24%"
"01/17/2017","10.555","10.535","10.555","10.510","0.14%"
"01/16/2017","10.540","10.590","10.590","10.520","-0.19%"
"01/13/2017","10.560","10.530","10.590","10.530","0.33%"
"01/12/2017","10.525","10.900","10.900","10.525","-3.44%"
"01/11/2017","10.900","10.880","10.920","10.880","0.18%"
"01/10/2017","10.880","10.940","10.940","10.880","-0.55%"
"01/09/2017","10.940","10.950","10.950","10.920","0.09%"
"01/06/2017","10.930","10.915","10.930","10.890","0.23%"
"01/05/2017","10.905","11.050","11.050","10.905","-1.40%"
"01/04/2017","11.060","11.000","11.060","11.000","0.45%"
"01/03/2017","11.010","10.995","11.039","10.995","-0.18%"
"01/02/2017","11.030","11.115","11.115","11.021","-0.76%"
"12/30/2016","11.115","11.120","11.120","11.115","-0.04%"
"12/29/2016","11.120","11.120","11.120","11.095","0.00%"
"12/28/2016","11.120","11.125","11.125","11.105","-0.04%"
"12/27/2016","11.125","11.125","11.155","11.125","0.00%"
"12/26/2016","11.125","11.170","11.170","11.125","-0.40%"
"12/23/2016","11.170","11.180","11.180","11.170","-0.27%"
"12/22/2016","11.200","11.220","11.230","11.170","-0.27%"
"12/21/2016","11.230","11.340","11.340","11.230","-1.06%"
"12/20/2016","11.350","11.315","11.385","11.315","0.22%"
"12/19/2016","11.325","11.395","11.395","11.325","-0.70%"
"12/16/2016","11.405","11.460","11.460","11.395","-0.83%"
"12/15/2016","11.500","11.585","11.585","11.470","0.35%"
"12/14/2016","11.460","11.510","11.510","11.460","-0.52%"
"12/13/2016","11.520","11.475","11.520","11.450","0.39%"
"12/12/2016","11.475","11.530","11.530","11.459","-0.39%"
"12/09/2016","11.520","11.485","11.520","11.455","-0.13%"
"12/08/2016","11.535","11.610","11.610","11.535","-0.47%"
"12/07/2016","11.590","11.650","11.650","11.540","-0.26%"
"12/06/2016","11.620","11.660","11.670","11.620","-0.68%"
"12/05/2016","11.700","11.810","11.820","11.700","-2.21%"
"12/02/2016","11.965","11.990","12.015","11.965","0.29%"
"12/01/2016","11.930","11.830","11.975","11.750","2.10%"
"11/30/2016","11.685","11.690","11.729","11.685","-0.34%"
"11/29/2016","11.725","11.770","11.780","11.725","-0.55%"
"11/28/2016","11.790","11.845","11.845","11.750","-1.05%"
"11/25/2016","11.915","11.790","11.915","11.790","1.23%"
"11/24/2016","11.770","11.785","11.814","11.770","0.04%"
"11/23/2016","11.765","11.755","11.877","11.755","0.09%"
"11/22/2016","11.755","11.835","11.835","11.755","-0.63%"
"11/21/2016","11.830","12.075","12.075","11.830","-1.99%"
"11/18/2016","12.070","12.085","12.120","12.040","-0.12%"
"11/17/2016","12.085","12.070","12.123","12.045","-1.47%"
"11/16/2016","12.265","12.300","12.300","12.167","-0.16%"
"11/14/2016","12.285","11.985","12.335","11.985","2.25%"
"11/11/2016","12.015","12.020","12.020","11.990","0.92%"
"11/10/2016","11.905","11.705","11.997","11.705","1.71%"
"11/09/2016","11.705","11.600","11.715","11.600","0.82%"
"11/08/2016","11.610","11.635","11.645","11.600","-0.26%"
"11/07/2016","11.640","11.710","11.710","11.630","-0.68%"
"11/04/2016","11.720","11.760","11.770","11.720","-0.59%"
"11/03/2016","11.790","11.765","11.790","11.745","0.21%"
"11/01/2016","11.765","11.715","11.765","11.715","0.60%"
"10/31/2016","11.695","11.641","11.695","11.641","0.00%"
"10/28/2016","11.695","11.765","11.765","11.675","-0.76%"
"10/27/2016","11.785","11.585","11.785","11.585","0.55%"
"10/26/2016","11.720","11.680","11.730","11.680","0.34%"
"10/25/2016","11.680","11.650","11.680","11.650","0.69%"
"10/24/2016","11.600","11.575","11.600","11.575","-0.34%"
"10/21/2016","11.640","11.600","11.640","11.579","0.74%"
"10/20/2016","11.555","11.625","11.625","11.525","0.96%"
"10/19/2016","11.445","11.435","11.445","11.413","-0.61%"
"10/18/2016","11.515","11.505","11.515","11.495","0.17%"
"10/17/2016","11.495","11.540","11.540","11.495","-0.04%"
"10/15/2016","11.500","11.500","11.500","11.500","0.00%"
"10/14/2016","11.500","11.445","11.510","11.445","-0.30%"
"10/13/2016","11.535","11.575","11.575","11.515","0.00%"
"10/11/2016","11.535","11.545","11.545","11.535","0.39%"
"10/10/2016","11.490","11.470","11.500","11.470","-1.54%"
"10/07/2016","11.670","11.730","11.870","11.580","-0.26%"
"10/06/2016","11.700","11.800","11.800","11.660","-0.51%"
"10/05/2016","11.760","11.860","11.860","11.730","-0.84%"
"10/04/2016","11.860","11.770","11.870","11.745","0.47%"
"10/03/2016","11.805","11.885","11.950","11.765","-0.76%"
"09/30/2016","11.895","11.940","11.970","11.840","0.13%"
"09/29/2016","11.880","11.890","11.955","11.850","-0.34%"
"09/28/2016","11.920","11.880","11.940","11.770","0.80%"
"09/27/2016","11.825","11.970","11.970","11.805","-0.59%"
"09/26/2016","11.895","11.960","12.020","11.890","-0.17%"
"09/25/2016","11.915","11.915","11.915","11.915","0.00%"
"09/24/2016","11.915","11.915","11.915","11.915","0.00%"
"09/23/2016","11.915","11.970","12.015","11.850","-0.71%"
"09/22/2016","12.000","11.985","12.215","11.880","-0.46%"
"09/21/2016","12.055","12.250","12.345","12.030","-1.15%"
"09/20/2016","12.195","12.300","12.300","12.130","-0.41%"
"09/19/2016","12.245","12.320","12.320","12.200","-0.08%"
"09/17/2016","12.255","12.255","12.255","12.255","0.00%"
"09/16/2016","12.255","12.360","12.360","12.225","-0.57%"
"09/15/2016","12.325","12.410","12.425","12.290","-0.40%"
"09/14/2016","12.375","12.450","12.460","12.320","-0.24%"
"09/13/2016","12.405","12.310","12.435","12.235","1.39%"
"09/12/2016","12.235","12.360","12.375","12.230","-0.81%"
"09/09/2016","12.335","12.210","12.365","12.185","1.31%"
"09/08/2016","12.175","12.240","12.250","12.135","0.00%"
"09/06/2016","12.175","12.290","12.290","12.155","-0.57%"
"09/05/2016","12.245","12.260","12.285","12.195","0.12%"
"09/02/2016","12.230","12.350","12.380","12.190","-0.65%"
"09/01/2016","12.310","12.550","12.550","12.280","-1.52%"
"08/31/2016","12.500","12.570","12.660","12.470","-0.08%"
"08/30/2016","12.510","12.530","12.620","12.360","-0.08%"
"08/29/2016","12.520","12.580","12.660","12.510","0.00%"
"08/26/2016","12.520","12.520","12.600","12.390","0.08%"
"08/25/2016","12.510","12.510","12.520","12.430","0.40%"
"08/24/2016","12.460","12.470","12.470","12.390","0.32%"
"08/23/2016","12.420","12.500","12.500","12.386","0.00%"
"08/22/2016","12.420","12.410","12.490","12.390","0.00%"
"08/19/2016","12.420","12.520","12.520","12.390","-0.40%"
"08/18/2016","12.470","12.480","12.480","12.405","0.48%"
"08/17/2016","12.410","12.460","12.510","12.400","0.28%"
"08/16/2016","12.375","12.400","12.430","12.340","-0.04%"
"08/15/2016","12.380","12.400","12.420","12.340","0.08%"
"08/14/2016","12.370","12.370","12.370","12.370","0.00%"
"08/13/2016","12.370","12.370","12.370","12.370","0.00%"
"08/12/2016","12.370","12.370","12.450","12.310","0.00%"
"08/11/2016","12.370","12.460","12.460","12.340","-0.16%"
"08/10/2016","12.390","12.340","12.430","12.340","0.00%"
"08/09/2016","12.390","12.430","12.490","12.340","-0.56%"
"08/08/2016","12.460","12.450","12.480","12.390","0.40%"
"08/06/2016","12.410","12.410","12.410","12.410","0.00%"
"08/05/2016","12.410","12.480","12.490","12.390","-0.56%"
"08/04/2016","12.480","12.580","12.580","12.470","-0.87%"
"08/03/2016","12.590","12.560","12.640","12.510","0.40%"
"08/02/2016","12.540","12.530","12.620","12.510","0.24%"
"08/01/2016","12.510","12.510","12.550","12.440","-0.95%"
"07/29/2016","12.630","12.670","12.670","12.490","-0.08%"
"07/28/2016","12.640","12.610","12.680","12.580","0.24%"
"07/27/2016","12.610","12.600","12.670","12.580","0.08%"
"07/26/2016","12.600","12.600","12.640","12.570","0.08%"
"07/25/2016","12.590","12.590","12.640","12.570","0.16%"
"07/22/2016","12.570","12.550","12.640","12.515","0.36%"
"07/21/2016","12.525","12.380","12.580","12.380","1.01%"
"07/20/2016","12.400","12.460","12.480","12.190","-0.16%"
"07/19/2016","12.420","12.460","12.500","12.420","-0.08%"
"07/18/2016","12.430","12.490","12.530","12.410","-0.40%"
"07/15/2016","12.480","12.460","12.530","12.420","0.40%"
"07/14/2016","12.430","12.470","12.470","12.345","0.28%"
"07/13/2016","12.395","12.520","12.520","12.385","-0.80%"
"07/12/2016","12.495","12.470","12.530","12.375","0.32%"
"07/11/2016","12.455","12.480","12.520","12.390","0.04%"
"07/08/2016","12.450","12.590","12.590","12.415","-1.19%"
"07/07/2016","12.600","12.630","12.675","12.520","-0.32%"
"07/06/2016","12.640","12.580","12.680","12.575","0.68%"
"07/05/2016","12.555","12.500","12.815","12.500","0.72%"
"07/04/2016","12.465","12.520","12.575","12.410","-0.32%"
"07/01/2016","12.505","12.660","12.685","12.485","-1.50%"
"06/30/2016","12.695","12.640","12.725","12.605","0.24%"
"06/29/2016","12.665","12.450","12.665","12.450","1.52%"
"06/28/2016","12.475","12.370","12.605","12.370","0.89%"
"06/27/2016","12.365","12.505","12.505","12.329","-1.20%"
"06/24/2016","12.515","12.675","12.695","12.485","-0.08%"
"06/23/2016","12.525","12.605","12.605","12.505","-0.71%"
"06/22/2016","12.615","12.805","12.805","12.485","0.64%"
"06/21/2016","12.535","12.815","12.815","12.505","-1.18%"
"06/20/2016","12.685","12.680","12.695","12.620","-1.05%"
"06/17/2016","12.820","13.025","13.025","12.785","0.12%"
"06/16/2016","12.805","12.805","12.865","12.725","0.16%"
"06/15/2016","12.785","12.775","12.825","12.695","0.35%"
"06/14/2016","12.740","12.885","12.885","12.600","0.24%"
"06/13/2016","12.710","12.725","12.775","12.580","-0.20%"
"06/10/2016","12.735","12.635","12.735","12.515","1.07%"
"06/09/2016","12.600","12.905","12.905","12.565","0.56%"
"06/08/2016","12.530","12.545","12.615","12.485","-0.63%"
"06/07/2016","12.610","12.635","12.655","12.555","0.40%"
"06/06/2016","12.560","12.555","12.625","12.545","-0.24%"
"06/03/2016","12.590","12.900","12.900","12.575","-0.94%"
"06/02/2016","12.710","12.890","12.890","12.690","-0.63%"
"06/01/2016","12.790","12.890","12.950","12.760","-0.70%"
"05/31/2016","12.880","13.390","13.390","12.850","0.08%"
"05/30/2016","12.870","13.050","13.060","12.850","-1.42%"
"05/27/2016","13.055","13.150","13.220","12.960","0.50%"
"05/25/2016","12.990","13.100","13.100","12.840","0.46%"
"05/24/2016","12.930","12.910","12.960","12.810","0.31%"
"05/23/2016","12.890","12.880","12.940","12.810","0.82%"
"05/20/2016","12.785","13.180","13.180","12.780","-0.39%"
"05/19/2016","12.835","12.900","12.970","12.780","-0.70%"
"05/18/2016","12.925","12.730","12.960","12.700","0.82%"
"05/17/2016","12.820","12.750","12.880","12.690","0.63%"
"05/16/2016","12.740","12.700","12.760","12.680","0.24%"
"05/14/2016","12.710","12.710","12.710","12.710","0.00%"
"05/13/2016","12.710","12.790","12.790","12.640","0.32%"
"05/12/2016","12.670","12.700","12.760","12.610","-0.35%"
"05/11/2016","12.715","12.690","12.715","12.610","-0.70%"
"05/10/2016","12.805","13.120","13.120","12.760","-1.01%"
"05/09/2016","12.935","13.020","13.070","12.850","0.86%"
"05/06/2016","12.825","13.110","13.110","12.800","-0.04%"
"05/05/2016","12.830","12.870","12.870","12.790","-0.12%"
"05/04/2016","12.845","13.020","13.020","12.760","0.67%"
"05/03/2016","12.760","12.760","12.850","12.750","-0.20%"
"05/02/2016","12.785","12.750","12.820","12.710","0.35%"
"04/30/2016","12.740","12.740","12.740","12.740","0.00%"
"04/29/2016","12.740","13.200","13.200","12.670","-0.35%"
"04/28/2016","12.785","12.690","12.860","12.660","0.67%"
"04/27/2016","12.700","12.815","12.920","12.690","-0.94%"
"04/26/2016","12.820","13.070","13.070","12.640","0.94%"
"04/25/2016","12.700","12.830","12.830","12.650","-0.70%"
"04/22/2016","12.790","12.780","12.810","12.740","0.31%"
"04/20/2016","12.750","12.775","12.890","12.730","-0.47%"
"04/19/2016","12.810","12.870","12.870","12.680","-0.08%"
"04/18/2016","12.820","12.860","12.940","12.750","-0.89%"
"04/15/2016","12.935","13.070","13.070","12.890","-1.07%"
"04/14/2016","13.075","13.430","13.430","13.070","-0.42%"
"04/13/2016","13.130","13.300","13.300","13.120","-1.57%"
"04/12/2016","13.340","13.335","13.450","13.305","-0.15%"
"04/11/2016","13.360","13.485","13.750","13.325","-1.11%"
"04/08/2016","13.510","13.450","13.650","13.450","-1.64%"
"04/07/2016","13.735","13.700","13.790","13.620","0.81%"
"04/06/2016","13.625","13.560","13.660","13.560","0.41%"
"04/05/2016","13.570","13.605","13.650","13.570","-0.29%"
"04/04/2016","13.610","13.480","13.610","13.480","0.93%"
"04/01/2016","13.485","13.579","13.665","13.485","-1.35%"
"03/31/2016","13.670","13.540","13.695","13.474","2.86%"
"03/30/2016","13.290","13.290","13.290","13.260","0.00%"
"03/29/2016","13.290","13.305","13.310","13.245","-0.37%"
"03/28/2016","13.340","13.360","13.560","13.340","-0.37%"
"03/24/2016","13.390","13.390","13.480","13.390","0.22%"
"03/23/2016","13.360","13.250","13.360","13.250","0.83%"
"03/22/2016","13.250","13.350","13.415","13.250","-1.19%"
"03/21/2016","13.410","13.390","13.575","13.390","0.15%"
"03/18/2016","13.390","13.374","13.405","13.374","-0.67%"
"03/17/2016","13.480","13.575","13.575","13.460","-1.82%"
"03/16/2016","13.730","13.795","13.880","13.730","-0.22%"
"03/15/2016","13.760","13.550","13.780","13.550","1.47%"
"03/14/2016","13.560","13.510","13.610","13.510","0.30%"
"03/11/2016","13.520","13.750","13.750","13.520","-1.74%"
"03/10/2016","13.760","13.880","13.880","13.666","-0.94%"
"03/09/2016","13.890","14.150","14.150","13.799","-2.53%"
"03/08/2016","14.250","14.350","14.350","14.250","-0.84%"
"03/07/2016","14.370","14.170","14.370","14.170","1.41%"
"03/04/2016","14.170","14.085","14.170","14.085","-0.25%"
"03/03/2016","14.205","14.260","14.370","14.205","-0.46%"
"03/02/2016","14.270","14.260","14.271","14.205","-1.59%"
"03/01/2016","14.500","14.520","14.520","14.373","-0.68%"
"02/29/2016","14.600","14.620","14.620","14.470","-0.18%"
"02/26/2016","14.627","14.560","14.627","14.470","0.25%"
"02/25/2016","14.590","14.480","14.590","14.480","0.72%"
"02/24/2016","14.485","14.580","14.650","14.485","-0.69%"
"02/23/2016","14.585","14.540","14.650","14.540","0.28%"
"02/22/2016","14.545","14.580","14.580","14.465","-0.31%"
"02/19/2016","14.590","14.740","14.870","14.590","-1.08%"
"02/18/2016","14.750","14.660","14.770","14.660","0.58%"
"02/17/2016","14.665","14.590","14.665","14.550","-0.85%"
"02/16/2016","14.790","14.750","14.790","14.723","-1.10%"
"02/15/2016","14.955","15.020","15.020","14.945","-0.57%"
"02/14/2016","15.040","15.040","15.040","15.040","0.00%"
"02/12/2016","15.040","15.110","15.110","15.040","-0.40%"
"02/11/2016","15.100","15.010","15.140","15.010","0.60%"
"02/10/2016","15.010","15.030","15.030","15.010","-1.51%"
"02/05/2016","15.240","15.260","15.300","15.240","0.93%"
"02/04/2016","15.100","14.935","15.130","14.890","0.94%"
"02/03/2016","14.960","14.895","15.125","14.736","-1.19%"
"02/02/2016","15.140","14.765","15.140","14.765","2.47%"
"02/01/2016","14.775","15.140","15.140","14.765","-1.43%"
"01/29/2016","14.990","14.980","15.010","14.882","-0.23%"
"01/28/2016","15.025","15.385","15.385","15.025","-2.94%"
"01/27/2016","15.480","15.445","15.480","15.410","0.23%"
"01/26/2016","15.445","15.705","15.705","15.430","-1.87%"
"01/25/2016","15.740","15.740","15.740","15.740","0.06%"
"01/22/2016","15.730","15.730","15.730","15.700","-2.48%"
"01/21/2016","16.130","16.280","16.280","16.059","-0.80%"
"01/20/2016","16.260","16.340","16.376","16.260","0.62%"
"01/19/2016","16.160","16.235","16.235","16.108","-0.52%"
"01/18/2016","16.245","16.250","16.270","16.245","-0.03%"
"01/15/2016","16.250","16.160","16.267","16.160","0.43%"
"01/14/2016","16.180","16.080","16.210","16.080","0.62%"
"01/13/2016","16.080","16.090","16.090","16.050","-0.12%"
"01/12/2016","16.100","16.090","16.100","16.047","-0.31%"
"01/11/2016","16.150","16.080","16.153","16.080","0.34%"
"01/10/2016","16.095","16.095","16.095","16.095","0.00%"
"01/08/2016","16.095","16.090","16.095","16.068","-0.03%"
"01/07/2016","16.100","16.010","16.100","16.000","0.47%"
"01/06/2016","16.025","16.150","16.150","16.025","-0.84%"
"01/05/2016","16.160","16.440","16.440","16.160","-1.79%"
"01/04/2016","16.455","16.470","16.502","16.455","-0.45%"