"Date","Price","Open","High","Low","Change %"
"01/30/2026","1.383","1.425","1.425","1.375","-0.86%"
"01/29/2026","1.395","1.442","1.442","1.385","-1.41%"
"01/28/2026","1.415","1.445","1.445","1.395","-0.21%"
"01/27/2026","1.418","1.438","1.438","1.405","1.00%"
"01/26/2026","1.404","1.468","1.468","1.400","0.43%"
"01/23/2026","1.398","1.435","1.435","1.390","-0.43%"
"01/22/2026","1.404","1.433","1.433","1.395","-0.07%"
"01/21/2026","1.405","1.428","1.428","1.393","0.36%"
"01/20/2026","1.400","1.440","1.440","1.390","-0.92%"
"01/19/2026","1.413","1.438","1.438","1.403","0.00%"
"01/16/2026","1.413","1.458","1.458","1.393","-0.84%"
"01/15/2026","1.425","1.468","1.470","1.420","-1.04%"
"01/14/2026","1.440","1.513","1.513","1.433","-0.55%"
"01/13/2026","1.448","1.483","1.483","1.438","-0.07%"
"01/12/2026","1.449","1.450","1.481","1.444","3.43%"
"01/09/2026","1.401","1.429","1.429","1.385","0.94%"
"01/08/2026","1.388","1.420","1.420","1.383","1.24%"
"01/07/2026","1.371","1.350","1.380","1.350","1.48%"
"01/06/2026","1.351","1.375","1.375","1.351","-2.67%"
"01/05/2026","1.388","1.399","1.399","1.330","2.97%"
"01/04/2026","1.348","1.457","1.457","1.342","0.37%"
"12/31/2025","1.343","1.393","1.393","1.333","0.98%"
"12/30/2025","1.330","1.318","1.336","1.316","-0.89%"
"12/29/2025","1.342","1.320","1.342","1.320","-0.22%"
"12/26/2025","1.345","1.315","1.345","1.315","0.90%"
"12/25/2025","1.333","1.370","1.370","1.320","-0.52%"
"12/24/2025","1.340","1.370","1.370","1.320","-0.37%"
"12/23/2025","1.345","1.380","1.380","1.328","0.15%"
"12/22/2025","1.343","1.335","1.353","1.334","-0.30%"
"12/19/2025","1.347","1.380","1.380","1.334","-1.54%"
"12/18/2025","1.368","1.350","1.368","1.346","0.96%"
"12/17/2025","1.355","1.350","1.365","1.348","-0.07%"
"12/16/2025","1.356","1.350","1.364","1.346","0.07%"
"12/15/2025","1.355","1.340","1.359","1.340","-0.07%"
"12/12/2025","1.356","1.420","1.420","1.343","-0.15%"
"12/11/2025","1.358","1.380","1.380","1.345","0.15%"
"12/10/2025","1.356","1.388","1.388","1.345","-0.22%"
"12/09/2025","1.359","1.391","1.391","1.343","-0.07%"
"12/08/2025","1.360","1.388","1.388","1.353","-4.36%"
"12/05/2025","1.422","1.428","1.431","1.419","-0.97%"
"12/04/2025","1.436","1.453","1.453","1.413","0.49%"
"12/03/2025","1.429","1.455","1.464","1.415","-0.28%"
"12/02/2025","1.433","1.464","1.464","1.415","0.14%"
"12/01/2025","1.431","1.455","1.455","1.413","0.56%"
"11/28/2025","1.423","1.508","1.508","1.418","-1.52%"
"11/27/2025","1.445","1.513","1.513","1.434","0.21%"
"11/26/2025","1.442","1.510","1.510","1.430","0.84%"
"11/25/2025","1.430","1.469","1.469","1.430","-1.04%"
"11/24/2025","1.445","1.429","1.510","1.429","0.21%"
"11/21/2025","1.442","1.510","1.510","1.430","0.07%"
"11/20/2025","1.441","1.510","1.510","1.430","0.07%"
"11/19/2025","1.440","1.467","1.467","1.430","-0.21%"
"11/18/2025","1.443","1.510","1.510","1.430","-0.07%"
"11/17/2025","1.444","1.450","1.469","1.430","0.84%"
"11/14/2025","1.432","1.474","1.474","1.431","-1.17%"
"11/13/2025","1.449","1.473","1.473","1.433","-0.14%"
"11/12/2025","1.451","1.510","1.510","1.433","-0.14%"
"11/11/2025","1.453","1.510","1.510","1.433","0.21%"
"11/10/2025","1.450","1.473","1.473","1.433","0.69%"
"11/07/2025","1.440","1.470","1.470","1.430","0.00%"
"11/06/2025","1.440","1.510","1.510","1.428","-0.21%"
"11/05/2025","1.443","1.440","1.460","1.425","0.49%"
"11/04/2025","1.436","1.453","1.453","1.425","0.70%"
"11/03/2025","1.426","1.440","1.440","1.410","0.07%"
"10/31/2025","1.425","1.535","1.535","1.403","0.85%"
"10/30/2025","1.413","1.405","1.448","1.403","-1.94%"
"10/29/2025","1.441","1.520","1.520","1.393","-2.64%"
"10/28/2025","1.480","1.508","1.508","1.451","-1.40%"
"10/27/2025","1.501","1.541","1.541","1.485","-0.66%"
"10/24/2025","1.511","1.545","1.545","1.498","-0.40%"
"10/23/2025","1.517","1.580","1.580","1.498","-0.13%"
"10/22/2025","1.519","1.580","1.580","1.500","-0.07%"
"10/21/2025","1.520","1.548","1.548","1.498","-0.46%"
"10/20/2025","1.527","1.541","1.541","1.498","0.86%"
"10/17/2025","1.514","1.513","1.533","1.496","0.13%"
"10/16/2025","1.512","1.580","1.580","1.499","-0.33%"
"10/15/2025","1.517","1.530","1.530","1.495","0.53%"
"10/14/2025","1.509","1.538","1.538","1.490","-1.82%"
"10/13/2025","1.537","1.504","1.537","1.485","7.48%"
"10/11/2025","1.430","1.448","1.448","1.402","0.35%"
"10/10/2025","1.425","1.448","1.448","1.413","-2.60%"
"10/09/2025","1.463","1.470","1.470","1.408","1.74%"
"09/30/2025","1.438","1.480","1.480","1.426","-0.07%"
"09/29/2025","1.439","1.420","1.468","1.420","0.00%"
"09/28/2025","1.439","1.435","1.450","1.425","-0.55%"
"09/26/2025","1.447","1.478","1.530","1.430","-0.28%"
"09/25/2025","1.451","1.480","1.480","1.440","0.69%"
"09/24/2025","1.441","1.480","1.480","1.427","0.35%"
"09/23/2025","1.436","1.460","1.460","1.420","0.07%"
"09/22/2025","1.435","1.470","1.470","1.415","1.27%"
"09/19/2025","1.417","1.444","1.444","1.405","0.50%"
"09/18/2025","1.410","1.434","1.434","1.405","-0.14%"
"09/17/2025","1.412","1.450","1.450","1.397","-0.70%"
"09/16/2025","1.422","1.470","1.470","1.404","-0.84%"
"09/15/2025","1.434","1.470","1.470","1.418","0.49%"
"09/12/2025","1.427","1.458","1.458","1.408","0.85%"
"09/11/2025","1.415","1.470","1.470","1.400","-1.39%"
"09/10/2025","1.435","1.460","1.460","1.423","1.06%"
"09/09/2025","1.420","1.448","1.448","1.410","0.14%"
"09/08/2025","1.418","1.448","1.448","1.406","0.35%"
"09/05/2025","1.413","1.450","1.450","1.400","1.00%"
"09/04/2025","1.399","1.430","1.430","1.378","-0.14%"
"09/03/2025","1.401","1.440","1.440","1.385","-0.71%"
"09/02/2025","1.411","1.438","1.438","1.395","0.00%"
"09/01/2025","1.411","1.450","1.450","1.394","-0.42%"
"08/29/2025","1.417","1.462","1.462","1.395","0.21%"
"08/28/2025","1.414","1.450","1.450","1.403","-0.07%"
"08/27/2025","1.415","1.453","1.453","1.409","-0.35%"
"08/26/2025","1.420","1.460","1.460","1.410","-1.11%"
"08/25/2025","1.436","1.470","1.470","1.413","-0.14%"
"08/22/2025","1.438","1.470","1.470","1.420","0.70%"
"08/21/2025","1.428","1.510","1.510","1.423","-0.70%"
"08/20/2025","1.438","1.468","1.468","1.423","0.42%"
"08/19/2025","1.432","1.470","1.470","1.415","0.35%"
"08/18/2025","1.427","1.448","1.448","1.415","0.85%"
"08/15/2025","1.415","1.450","1.450","1.404","0.00%"
"08/14/2025","1.415","1.450","1.450","1.409","-0.28%"
"08/13/2025","1.419","1.450","1.450","1.398","0.21%"
"08/12/2025","1.416","1.448","1.448","1.406","0.43%"
"08/11/2025","1.410","1.438","1.438","1.398","-0.35%"
"08/08/2025","1.415","1.433","1.433","1.403","0.14%"
"08/07/2025","1.413","1.458","1.458","1.403","-1.53%"
"08/06/2025","1.435","1.468","1.468","1.408","-0.07%"
"08/05/2025","1.436","1.470","1.470","1.423","-0.35%"
"08/04/2025","1.441","1.448","1.448","1.413","0.91%"
"08/01/2025","1.428","1.463","1.463","1.420","-0.97%"
"07/31/2025","1.442","1.473","1.473","1.431","-0.89%"
"07/30/2025","1.455","1.491","1.491","1.451","1.11%"
"07/29/2025","1.439","1.458","1.458","1.423","-0.14%"
"07/28/2025","1.441","1.468","1.468","1.418","-1.57%"
"07/25/2025","1.464","1.498","1.498","1.435","0.48%"
"07/24/2025","1.457","1.460","1.460","1.428","2.97%"
"07/23/2025","1.415","1.440","1.440","1.405","1.36%"
"07/22/2025","1.396","1.438","1.438","1.384","-0.21%"
"07/21/2025","1.399","1.430","1.430","1.393","0.21%"
"07/18/2025","1.396","1.433","1.433","1.388","-0.21%"
"07/17/2025","1.399","1.440","1.440","1.385","-0.07%"
"07/16/2025","1.400","1.440","1.440","1.386","-1.48%"
"07/15/2025","1.421","1.460","1.460","1.395","0.50%"
"07/14/2025","1.414","1.394","1.423","1.383","0.64%"
"07/11/2025","1.405","1.430","1.430","1.390","0.79%"
"07/10/2025","1.394","1.415","1.415","1.381","0.94%"
"07/09/2025","1.381","1.403","1.403","1.373","0.80%"
"07/08/2025","1.370","1.390","1.390","1.360","0.74%"
"07/07/2025","1.360","1.386","1.386","1.351","0.74%"
"07/04/2025","1.350","1.405","1.405","1.351","-0.74%"
"07/03/2025","1.360","1.410","1.410","1.360","0.00%"
"07/02/2025","1.360","1.416","1.416","1.361","-0.73%"
"07/01/2025","1.370","1.413","1.413","1.370","0.00%"
"06/30/2025","1.370","1.400","1.400","1.363","0.74%"
"06/27/2025","1.360","1.410","1.410","1.358","-0.73%"
"06/26/2025","1.370","1.430","1.430","1.373","-0.72%"
"06/25/2025","1.380","1.425","1.425","1.375","0.00%"
"06/24/2025","1.380","1.472","1.472","1.378","0.73%"
"06/23/2025","1.370","1.416","1.416","1.366","0.00%"
"06/20/2025","1.370","1.413","1.413","1.369","0.00%"
"06/19/2025","1.370","1.370","1.389","1.369","0.00%"
"06/18/2025","1.370","1.385","1.400","1.377","-1.44%"
"06/17/2025","1.390","1.450","1.450","1.373","-0.71%"
"06/16/2025","1.400","1.455","1.455","1.409","-0.71%"
"06/13/2025","1.410","1.462","1.462","1.414","-0.70%"
"06/12/2025","1.420","1.470","1.470","1.421","0.00%"
"06/11/2025","1.420","1.475","1.475","1.421","-0.70%"
"06/10/2025","1.430","1.520","1.520","1.426","0.00%"
"06/09/2025","1.430","1.472","1.472","1.425","0.00%"
"06/06/2025","1.430","1.478","1.478","1.427","-0.69%"
"06/05/2025","1.440","1.508","1.508","1.435","-1.37%"
"06/04/2025","1.460","1.480","1.520","1.469","-0.68%"
"06/03/2025","1.470","1.500","1.500","1.470","0.00%"
"05/30/2025","1.470","1.535","1.535","1.477","0.00%"
"05/29/2025","1.470","1.518","1.518","1.484","0.68%"
"05/28/2025","1.460","1.510","1.510","1.468","0.00%"
"05/27/2025","1.460","1.520","1.520","1.466","0.00%"
"05/26/2025","1.460","1.510","1.510","1.465","0.00%"
"05/23/2025","1.460","1.515","1.515","1.470","-0.68%"
"05/22/2025","1.470","1.513","1.513","1.468","0.68%"
"05/21/2025","1.460","1.525","1.525","1.476","-0.68%"
"05/20/2025","1.470","1.503","1.503","1.460","0.68%"
"05/19/2025","1.460","1.510","1.510","1.468","-0.68%"
"05/16/2025","1.470","1.550","1.550","1.463","2.08%"
"05/15/2025","1.440","1.482","1.482","1.436","0.70%"
"05/14/2025","1.430","1.460","1.460","1.420","0.70%"
"05/13/2025","1.420","1.473","1.473","1.420","-0.70%"
"05/12/2025","1.430","1.478","1.478","1.398","1.42%"
"05/09/2025","1.410","1.453","1.453","1.398","-1.40%"
"05/08/2025","1.430","1.488","1.488","1.405","-0.69%"
"05/07/2025","1.440","1.500","1.500","1.438","-0.69%"
"05/06/2025","1.450","1.500","1.500","1.450","0.00%"
"04/30/2025","1.450","1.508","1.508","1.450","-0.68%"
"04/29/2025","1.460","1.528","1.528","1.465","-1.35%"
"04/28/2025","1.480","1.534","1.534","1.478","0.00%"
"04/27/2025","1.480","1.515","1.529","1.480","0.00%"
"04/25/2025","1.480","1.515","1.515","1.480","0.68%"
"04/24/2025","1.470","1.520","1.520","1.463","0.00%"
"04/23/2025","1.470","1.504","1.508","1.473","0.68%"
"04/22/2025","1.460","1.510","1.510","1.458","0.00%"
"04/21/2025","1.460","1.495","1.495","1.453","0.69%"
"04/18/2025","1.450","1.489","1.489","1.440","0.00%"
"04/17/2025","1.450","1.473","1.473","1.421","2.11%"
"04/16/2025","1.420","1.470","1.470","1.423","0.00%"
"04/15/2025","1.420","1.460","1.460","1.413","0.71%"
"04/14/2025","1.410","1.447","1.450","1.411","1.44%"
"04/11/2025","1.390","1.455","1.455","1.385","-2.80%"
"04/10/2025","1.430","1.480","1.485","1.445","0.00%"
"04/09/2025","1.430","1.505","1.508","1.425","-2.05%"
"04/08/2025","1.460","1.480","1.483","1.450","2.10%"
"04/07/2025","1.430","1.448","1.450","1.431","0.00%"
"04/03/2025","1.430","1.518","1.518","1.420","-5.30%"
"04/02/2025","1.510","1.570","1.570","1.515","-0.66%"
"04/01/2025","1.520","1.558","1.558","1.525","4.83%"
"03/31/2025","1.450","1.528","1.528","1.435","-1.36%"
"03/28/2025","1.470","1.523","1.533","1.470","2.08%"
"03/27/2025","1.440","1.518","1.523","1.463","-3.36%"
"03/26/2025","1.490","1.560","1.560","1.483","-1.32%"
"03/25/2025","1.510","1.535","1.535","1.485","0.00%"
"03/24/2025","1.510","1.560","1.560","1.537","0.67%"
"03/21/2025","1.500","1.530","1.530","1.500","0.67%"
"03/20/2025","1.490","1.560","1.560","1.485","-1.97%"
"03/19/2025","1.520","1.578","1.578","1.518","-1.30%"
"03/18/2025","1.540","1.618","1.618","1.495","-0.65%"
"03/17/2025","1.550","1.625","1.625","1.555","1.31%"
"03/14/2025","1.530","1.610","1.610","1.530","-1.29%"
"03/13/2025","1.550","1.600","1.600","1.500","-1.90%"
"03/12/2025","1.580","1.638","1.638","1.588","1.94%"
"03/11/2025","1.550","1.575","1.578","1.540","5.44%"
"03/10/2025","1.470","1.550","1.550","1.476","2.80%"
"03/07/2025","1.430","1.494","1.530","1.452","-0.69%"
"03/06/2025","1.440","1.443","1.453","1.415","3.60%"
"03/05/2025","1.390","1.470","1.470","1.395","1.46%"
"03/04/2025","1.370","1.420","1.420","1.390","-1.44%"
"03/03/2025","1.390","1.465","1.465","1.397","-2.11%"
"02/28/2025","1.420","1.505","1.505","1.441","0.00%"
"02/27/2025","1.420","1.460","1.465","1.425","-0.70%"
"02/26/2025","1.430","1.480","1.480","1.425","0.00%"
"02/25/2025","1.430","1.520","1.520","1.440","0.00%"
"02/24/2025","1.430","1.515","1.515","1.405","0.14%"
"02/21/2025","1.428","1.470","1.480","1.423","1.85%"
"02/20/2025","1.402","1.405","1.415","1.380","0.50%"
"02/19/2025","1.395","1.440","1.440","1.370","-0.92%"
"02/18/2025","1.408","1.425","1.450","1.395","1.29%"
"02/17/2025","1.390","1.410","1.410","1.365","4.51%"
"02/14/2025","1.330","1.340","1.380","1.313","0.76%"
"02/13/2025","1.320","1.324","1.324","1.285","1.77%"
"02/12/2025","1.297","1.320","1.320","1.284","0.31%"
"02/11/2025","1.293","1.318","1.318","1.289","0.31%"
"02/10/2025","1.289","1.285","1.294","1.260","3.95%"
"02/08/2025","1.240","1.285","1.285","1.255","-1.43%"
"02/07/2025","1.258","1.260","1.260","1.230","-0.55%"
"02/06/2025","1.265","1.295","1.295","1.230","0.00%"
"02/05/2025","1.265","1.300","1.300","1.250","-0.39%"
"01/27/2025","1.270","1.375","1.375","1.250","-3.05%"
"01/26/2025","1.310","1.360","1.360","1.328","0.31%"
"01/24/2025","1.306","1.320","1.329","1.300","1.40%"
"01/23/2025","1.288","1.305","1.305","1.275","1.10%"
"01/22/2025","1.274","1.290","1.295","1.263","-1.01%"
"01/21/2025","1.287","1.320","1.325","1.265","-0.08%"
"01/20/2025","1.288","1.315","1.320","1.270","4.72%"
"01/17/2025","1.230","1.239","1.239","1.195","1.32%"
"01/16/2025","1.214","1.210","1.219","1.193","0.75%"
"01/15/2025","1.205","1.210","1.210","1.173","0.00%"
"01/14/2025","1.205","1.297","1.297","1.205","-2.82%"
"01/13/2025","1.240","1.239","1.240","1.213","3.33%"
"01/10/2025","1.200","1.200","1.205","1.190","3.45%"
"01/09/2025","1.160","1.115","1.160","1.090","5.94%"
"01/08/2025","1.095","1.095","1.095","1.052","3.79%"
"01/07/2025","1.055","1.060","1.063","1.020","2.93%"
"01/06/2025","1.025","1.045","1.047","1.010","0.99%"
"01/03/2025","1.015","1.125","1.125","1.015","-7.31%"
"01/02/2025","1.095","1.125","1.125","1.070","-0.64%"
"12/31/2024","1.102","1.140","1.140","1.095","-1.78%"
"12/30/2024","1.122","1.120","1.130","1.095","2.47%"
"12/27/2024","1.095","1.130","1.130","1.080","0.00%"
"12/26/2024","1.095","1.100","1.105","1.059","1.67%"
"12/25/2024","1.077","1.079","1.079","1.045","3.06%"
"12/24/2024","1.045","1.080","1.080","1.035","-0.19%"
"12/23/2024","1.047","1.090","1.090","1.045","-3.68%"
"12/20/2024","1.087","1.170","1.170","1.073","-5.31%"
"12/19/2024","1.148","1.185","1.190","1.133","-3.93%"
"12/18/2024","1.195","1.205","1.205","1.153","1.70%"
"12/17/2024","1.175","1.185","1.190","1.165","1.29%"
"12/16/2024","1.160","1.218","1.218","1.152","-1.94%"
"12/13/2024","1.183","1.250","1.250","1.173","-3.82%"
"12/12/2024","1.230","1.300","1.300","1.220","-4.13%"
"12/11/2024","1.283","1.308","1.308","1.261","0.79%"
"12/10/2024","1.273","1.340","1.340","1.263","-3.63%"
"12/09/2024","1.321","1.340","1.350","1.313","0.00%"
"12/06/2024","1.321","1.340","1.340","1.306","0.38%"
"12/05/2024","1.316","1.335","1.335","1.303","-0.15%"
"12/04/2024","1.318","1.370","1.370","1.298","-1.35%"
"12/03/2024","1.336","1.360","1.360","1.323","0.23%"
"12/02/2024","1.333","1.410","1.410","1.316","-3.96%"
"11/29/2024","1.388","1.420","1.420","1.363","-0.57%"
"11/28/2024","1.396","1.430","1.430","1.393","-0.14%"
"11/27/2024","1.398","1.435","1.435","1.391","-0.50%"
"11/26/2024","1.405","1.400","1.405","1.388","1.44%"
"11/25/2024","1.385","1.430","1.430","1.363","-0.93%"
"11/22/2024","1.398","1.420","1.420","1.378","0.50%"
"11/21/2024","1.391","1.438","1.438","1.385","-0.50%"
"11/20/2024","1.398","1.440","1.440","1.393","-0.29%"
"11/19/2024","1.402","1.440","1.440","1.395","-0.50%"
"11/18/2024","1.409","1.440","1.440","1.400","0.07%"
"11/15/2024","1.408","1.450","1.450","1.403","-0.71%"
"11/14/2024","1.418","1.460","1.460","1.413","-0.70%"
"11/13/2024","1.428","1.450","1.450","1.410","0.78%"
"11/12/2024","1.417","1.450","1.450","1.405","-0.70%"
"11/11/2024","1.427","1.460","1.460","1.415","-1.72%"
"11/08/2024","1.452","1.463","1.463","1.418","1.75%"
"11/07/2024","1.427","1.475","1.480","1.423","-1.25%"
"11/06/2024","1.445","1.480","1.480","1.425","0.00%"
"11/05/2024","1.445","1.470","1.470","1.423","0.84%"
"11/04/2024","1.433","1.470","1.470","1.425","-0.28%"
"11/01/2024","1.437","1.480","1.480","1.430","-2.11%"
"10/31/2024","1.468","1.510","1.510","1.450","-2.46%"
"10/30/2024","1.505","1.570","1.578","1.474","0.74%"
"10/29/2024","1.494","1.615","1.615","1.490","-0.80%"
"10/28/2024","1.506","1.590","1.590","1.498","-1.70%"
"10/25/2024","1.532","1.532","1.532","1.532","-1.23%"
"10/24/2024","1.551","1.551","1.551","1.551","-1.71%"
"10/23/2024","1.578","1.560","1.578","1.542","13.36%"
"10/22/2024","1.392","1.517","1.517","1.392","3.58%"
"10/21/2024","1.344","1.499","1.499","1.349","-4.42%"
"10/18/2024","1.406","1.423","1.423","1.393","-1.19%"
"10/17/2024","1.423","1.393","1.423","1.393","0.00%"
"10/16/2024","1.423","1.456","1.456","1.423","-2.27%"
"10/15/2024","1.456","1.456","1.456","1.456","0.00%"
"10/14/2024","1.456","1.429","1.456","1.429","1.89%"
"10/11/2024","1.429","1.393","1.429","1.393","-0.83%"
"10/10/2024","1.441","1.393","1.441","1.393","-1.97%"
"10/09/2024","1.470","1.393","1.470","1.393","2.08%"
"10/08/2024","1.440","1.417","1.440","1.316","0.63%"
"09/30/2024","1.431","1.393","1.431","1.393","3.70%"
"09/26/2024","1.380","1.393","1.393","1.380","-2.27%"
"09/24/2024","1.412","1.422","1.422","1.390","1.36%"
"09/23/2024","1.393","1.503","1.503","1.376","0.72%"
"09/20/2024","1.383","1.485","1.485","1.374","-1.57%"
"09/19/2024","1.405","1.450","1.450","1.345","3.31%"
"09/18/2024","1.360","1.385","1.385","1.331","0.00%"
"09/14/2024","1.360","1.383","1.383","1.354","-0.44%"
"09/13/2024","1.366","1.378","1.378","1.345","1.19%"
"09/12/2024","1.350","1.394","1.394","1.350","-2.39%"
"09/11/2024","1.383","1.455","1.455","1.370","-2.26%"
"09/10/2024","1.415","1.480","1.480","1.375","-1.46%"
"09/09/2024","1.436","1.530","1.530","1.421","-2.25%"
"09/06/2024","1.469","1.492","1.492","1.461","-0.14%"
"09/05/2024","1.471","1.476","1.491","1.454","0.00%"
"09/04/2024","1.471","1.531","1.531","1.470","-2.58%"
"09/03/2024","1.510","1.551","1.551","1.445","-0.40%"
"09/02/2024","1.516","1.560","1.560","1.478","-1.37%"
"08/30/2024","1.537","1.578","1.578","1.510","-0.19%"
"08/29/2024","1.540","1.583","1.583","1.538","-1.09%"
"08/28/2024","1.557","1.590","1.590","1.555","-0.06%"
"08/27/2024","1.558","1.575","1.575","1.549","0.13%"
"08/26/2024","1.556","1.630","1.630","1.520","-1.89%"
"08/23/2024","1.586","1.680","1.680","1.575","-1.80%"
"08/22/2024","1.615","1.681","1.681","1.615","-2.94%"
"08/21/2024","1.664","1.630","1.664","1.618","2.72%"
"08/20/2024","1.620","1.628","1.660","1.595","0.06%"
"08/19/2024","1.619","1.700","1.700","1.615","-3.23%"
"08/16/2024","1.673","1.750","1.750","1.648","-1.12%"
"08/15/2024","1.692","1.652","1.700","1.641","3.17%"
"08/14/2024","1.640","1.623","1.641","1.608","1.67%"
"08/13/2024","1.613","1.602","1.613","1.578","1.64%"
"08/12/2024","1.587","1.670","1.670","1.585","0.89%"
"08/09/2024","1.573","1.548","1.573","1.532","2.21%"
"08/08/2024","1.539","1.555","1.555","1.535","0.33%"
"08/07/2024","1.534","1.543","1.547","1.502","0.99%"
"08/06/2024","1.519","1.535","1.535","1.518","-0.13%"
"08/05/2024","1.521","1.640","1.640","1.506","-0.33%"
"08/02/2024","1.526","1.560","1.560","1.505","0.66%"
"08/01/2024","1.516","1.573","1.573","1.513","-0.20%"
"07/31/2024","1.519","1.589","1.589","1.514","-1.36%"
"07/30/2024","1.540","1.557","1.557","1.520","0.26%"
"07/29/2024","1.536","1.630","1.630","1.523","1.86%"
"07/26/2024","1.508","1.545","1.545","1.503","-1.05%"
"07/25/2024","1.524","1.573","1.573","1.507","-0.26%"
"07/24/2024","1.528","1.574","1.574","1.523","-1.42%"
"07/23/2024","1.550","1.574","1.574","1.540","-0.19%"
"07/22/2024","1.553","1.630","1.630","1.550","-3.00%"
"07/19/2024","1.601","1.653","1.653","1.601","-1.17%"
"07/18/2024","1.620","1.703","1.703","1.604","0.37%"
"07/17/2024","1.614","1.638","1.654","1.604","-0.43%"
"07/16/2024","1.621","1.658","1.658","1.616","-0.25%"
"07/15/2024","1.625","1.655","1.660","1.611","0.43%"
"07/12/2024","1.618","1.649","1.649","1.609","-0.68%"
"07/11/2024","1.629","1.650","1.672","1.625","-0.24%"
"07/10/2024","1.633","1.658","1.681","1.630","-0.49%"
"07/09/2024","1.641","1.713","1.713","1.636","-2.38%"
"07/08/2024","1.681","1.715","1.715","1.674","2.38%"
"07/05/2024","1.642","1.645","1.647","1.631","0.92%"
"07/04/2024","1.627","1.660","1.660","1.619","0.37%"
"07/03/2024","1.621","1.660","1.660","1.616","-1.04%"
"07/02/2024","1.638","1.685","1.685","1.634","-1.21%"
"07/01/2024","1.658","1.720","1.720","1.626","0.36%"
"06/28/2024","1.652","1.653","1.687","1.633","1.04%"
"06/27/2024","1.635","1.679","1.689","1.633","-1.62%"
"06/26/2024","1.662","1.706","1.750","1.655","-1.13%"
"06/25/2024","1.681","1.743","1.743","1.681","-2.44%"
"06/24/2024","1.723","1.813","1.813","1.711","0.17%"
"06/21/2024","1.720","1.746","1.746","1.710","0.53%"
"06/20/2024","1.711","1.760","1.760","1.707","-0.18%"
"06/19/2024","1.714","1.758","1.787","1.710","-1.66%"
"06/18/2024","1.743","1.752","1.770","1.739","-0.51%"
"06/17/2024","1.752","1.835","1.835","1.738","0.57%"
"06/14/2024","1.742","1.785","1.790","1.739","-0.11%"
"06/13/2024","1.744","1.759","1.759","1.739","0.17%"
"06/12/2024","1.741","1.776","1.776","1.727","0.75%"
"06/11/2024","1.728","1.763","1.763","1.725","-0.97%"
"06/07/2024","1.745","1.763","1.768","1.737","-0.63%"
"06/06/2024","1.756","1.781","1.781","1.754","-0.06%"
"06/05/2024","1.757","1.855","1.855","1.749","-0.40%"
"06/04/2024","1.764","1.798","1.798","1.755","0.23%"
"06/03/2024","1.760","1.860","1.860","1.758","-0.90%"
"05/31/2024","1.776","1.820","1.820","1.771","-0.56%"
"05/30/2024","1.786","1.830","1.830","1.781","-1.27%"
"05/29/2024","1.809","1.828","1.828","1.807","-0.44%"
"05/28/2024","1.817","1.828","1.828","1.808","0.17%"
"05/27/2024","1.814","1.895","1.895","1.806","-0.17%"
"05/24/2024","1.817","1.829","1.829","1.790","0.78%"
"05/23/2024","1.803","1.838","1.838","1.803","-1.10%"
"05/22/2024","1.823","1.905","1.905","1.801","0.28%"
"05/21/2024","1.818","1.838","1.838","1.816","0.11%"
"05/20/2024","1.816","1.890","1.890","1.803","-0.22%"
"05/17/2024","1.820","1.823","1.839","1.809","-0.27%"
"05/16/2024","1.825","1.855","1.855","1.818","0.11%"
"05/15/2024","1.823","1.858","1.858","1.814","-0.44%"
"05/14/2024","1.831","1.870","1.870","1.829","-1.98%"
"05/13/2024","1.868","1.967","1.967","1.836","0.13%"
"05/11/2024","1.865","1.860","1.869","1.860","-0.88%"
"05/10/2024","1.882","1.878","1.882","1.870","0.43%"
"05/09/2024","1.874","1.885","1.885","1.865","0.27%"
"05/08/2024","1.869","1.903","1.903","1.858","-0.64%"
"05/07/2024","1.881","1.918","1.918","1.879","-0.79%"
"05/06/2024","1.896","1.968","1.968","1.881","-1.86%"
"04/30/2024","1.932","1.850","1.990","1.821","0.36%"
"04/29/2024","1.925","1.850","1.990","1.821","2.26%"
"04/28/2024","1.883","1.865","1.895","1.847","1.65%"
"04/26/2024","1.852","1.850","1.880","1.821","1.20%"
"04/25/2024","1.830","1.858","1.858","1.828","-0.22%"
"04/24/2024","1.834","1.852","1.852","1.832","0.27%"
"04/23/2024","1.829","1.860","1.860","1.826","-0.65%"
"04/22/2024","1.841","1.930","1.930","1.826","-0.38%"
"04/19/2024","1.848","1.868","1.877","1.838","-0.81%"
"04/18/2024","1.863","1.874","1.874","1.855","-0.53%"
"04/17/2024","1.873","1.889","1.889","1.865","-0.27%"
"04/16/2024","1.878","1.885","1.888","1.860","0.97%"
"04/15/2024","1.860","1.890","1.890","1.840","0.11%"
"04/12/2024","1.858","1.885","1.885","1.840","-0.43%"
"04/11/2024","1.866","1.895","1.895","1.853","0.43%"
"04/10/2024","1.858","1.883","1.883","1.856","-0.59%"
"04/09/2024","1.869","1.903","1.903","1.860","-0.59%"
"04/08/2024","1.880","1.916","1.916","1.868","0.00%"
"04/07/2024","1.880","1.867","1.888","1.867","-1.21%"
"04/03/2024","1.903","1.925","1.925","1.884","-0.31%"
"04/02/2024","1.909","1.928","1.928","1.901","-0.21%"
"04/01/2024","1.913","1.940","1.940","1.903","0.79%"
"03/29/2024","1.898","1.985","1.985","1.893","-2.27%"
"03/28/2024","1.942","1.976","1.976","1.939","-0.72%"
"03/27/2024","1.956","1.983","1.985","1.956","-0.81%"
"03/26/2024","1.972","1.995","1.995","1.955","0.20%"
"03/25/2024","1.968","2.070","2.070","1.954","-1.06%"
"03/22/2024","1.989","2.105","2.105","1.960","-0.35%"
"03/21/2024","1.996","2.080","2.080","1.984","-1.14%"
"03/20/2024","2.019","2.031","2.031","2.007","0.25%"
"03/19/2024","2.014","2.050","2.050","2.006","-0.05%"
"03/18/2024","2.015","2.143","2.143","2.006","-2.09%"
"03/15/2024","2.058","2.110","2.110","2.050","-1.06%"
"03/14/2024","2.080","2.095","2.100","2.070","-0.05%"
"03/13/2024","2.081","2.149","2.149","2.063","0.14%"
"03/12/2024","2.078","2.140","2.140","2.058","1.37%"
"03/11/2024","2.050","2.138","2.138","2.034","0.29%"
"03/08/2024","2.044","2.053","2.058","2.027","0.59%"
"03/07/2024","2.032","2.035","2.036","1.991","-0.34%"
"03/06/2024","2.039","2.063","2.089","2.031","-0.54%"
"03/05/2024","2.050","2.088","2.150","2.045","-0.73%"
"03/04/2024","2.065","2.165","2.165","2.054","0.83%"
"03/01/2024","2.048","2.043","2.053","2.040","0.39%"
"02/29/2024","2.040","2.081","2.081","2.021","-1.21%"
"02/28/2024","2.065","2.101","2.101","2.043","0.15%"
"02/27/2024","2.062","2.052","2.093","2.042","0.73%"
"02/26/2024","2.047","2.090","2.100","2.039","-0.53%"
"02/23/2024","2.058","2.068","2.073","2.032","0.24%"
"02/22/2024","2.053","2.121","2.125","2.036","-2.61%"
"02/21/2024","2.108","2.169","2.169","2.102","-1.13%"
"02/20/2024","2.132","2.145","2.170","2.122","-0.47%"
"02/19/2024","2.142","2.221","2.221","2.134","0.61%"
"02/18/2024","2.129","2.126","2.135","2.122","-1.44%"
"02/09/2024","2.160","2.178","2.178","2.150","0.05%"
"02/08/2024","2.159","2.178","2.178","2.150","-0.14%"
"02/07/2024","2.162","2.253","2.253","2.151","-1.14%"
"02/06/2024","2.187","2.170","2.187","2.134","2.39%"
"02/05/2024","2.136","2.142","2.142","2.116","1.11%"
"02/04/2024","2.112","2.105","2.120","2.105","-1.24%"
"02/02/2024","2.139","2.153","2.153","2.120","0.28%"
"02/01/2024","2.133","2.150","2.150","2.113","0.95%"
"01/31/2024","2.113","2.105","2.120","2.096","0.14%"
"01/30/2024","2.110","2.170","2.170","2.086","-1.81%"
"01/29/2024","2.149","2.213","2.213","2.121","-1.42%"
"01/26/2024","2.180","2.220","2.220","2.173","0.00%"
"01/25/2024","2.180","2.250","2.250","2.169","-2.81%"
"01/24/2024","2.243","2.270","2.270","2.211","-0.27%"
"01/23/2024","2.249","2.270","2.270","2.229","0.58%"
"01/22/2024","2.236","2.256","2.280","2.226","0.31%"
"01/19/2024","2.229","2.305","2.305","2.224","-1.07%"
"01/18/2024","2.253","2.300","2.300","2.243","-0.49%"
"01/17/2024","2.264","2.350","2.350","2.254","-0.48%"
"01/16/2024","2.275","2.300","2.300","2.258","0.57%"
"01/15/2024","2.262","2.280","2.300","2.235","0.94%"
"01/12/2024","2.241","2.320","2.320","2.236","0.09%"
"01/11/2024","2.239","2.270","2.285","2.235","-0.18%"
"01/10/2024","2.243","2.270","2.270","2.235","0.36%"
"01/09/2024","2.235","2.350","2.350","2.223","-0.80%"
"01/08/2024","2.253","2.270","2.270","2.230","0.76%"
"01/05/2024","2.236","2.290","2.290","2.212","-2.06%"
"01/04/2024","2.283","2.278","2.325","2.267","0.22%"
"01/03/2024","2.278","2.300","2.300","2.275","0.09%"
"01/02/2024","2.276","2.315","2.315","2.191","4.16%"
"12/30/2023","2.185","2.185","2.185","2.185","-0.86%"
"12/29/2023","2.204","2.209","2.248","2.198","-0.63%"
"12/28/2023","2.218","2.300","2.300","2.175","0.59%"
"12/27/2023","2.205","2.305","2.305","2.195","-2.78%"
"12/26/2023","2.268","2.360","2.360","2.233","-0.53%"
"12/25/2023","2.280","2.395","2.395","2.261","-2.15%"
"12/22/2023","2.330","2.363","2.363","2.318","-0.64%"
"12/21/2023","2.345","2.405","2.405","2.343","-0.76%"
"12/20/2023","2.363","2.463","2.463","2.344","1.07%"
"12/19/2023","2.338","2.345","2.345","2.329","0.34%"
"12/18/2023","2.330","2.433","2.433","2.319","-0.72%"
"12/15/2023","2.347","2.391","2.397","2.340","-1.14%"
"12/14/2023","2.374","2.470","2.470","2.372","-1.74%"
"12/13/2023","2.416","2.520","2.520","2.385","-0.78%"
"12/12/2023","2.435","2.486","2.486","2.428","-0.25%"
"12/11/2023","2.441","2.528","2.528","2.406","-0.12%"
"12/08/2023","2.444","2.509","2.509","2.438","-0.77%"
"12/07/2023","2.463","2.560","2.560","2.436","-0.28%"
"12/06/2023","2.470","2.530","2.530","2.441","1.02%"
"12/05/2023","2.445","2.483","2.483","2.441","-0.49%"
"12/04/2023","2.457","2.500","2.500","2.409","1.57%"
"12/01/2023","2.419","2.459","2.459","2.409","-0.12%"
"11/30/2023","2.422","2.490","2.490","2.417","-1.06%"
"11/29/2023","2.448","2.525","2.525","2.432","-0.04%"
"11/28/2023","2.449","2.550","2.550","2.435","-1.45%"
"11/27/2023","2.485","2.540","2.540","2.436","1.51%"
"11/24/2023","2.448","2.473","2.473","2.419","0.70%"
"11/23/2023","2.431","2.432","2.432","2.409","1.29%"
"11/22/2023","2.400","2.420","2.420","2.384","1.05%"
"11/21/2023","2.375","2.394","2.394","2.348","1.15%"
"11/20/2023","2.348","2.410","2.410","2.326","0.77%"
"11/17/2023","2.330","2.370","2.370","2.322","0.04%"
"11/16/2023","2.329","2.387","2.387","2.323","-0.89%"
"11/15/2023","2.350","2.406","2.406","2.347","-0.89%"
"11/14/2023","2.371","2.406","2.406","2.358","0.34%"
"11/13/2023","2.363","2.460","2.460","2.355","-1.13%"
"11/10/2023","2.390","2.417","2.417","2.385","-0.08%"
"11/09/2023","2.392","2.438","2.438","2.383","-0.25%"
"11/08/2023","2.398","2.436","2.436","2.371","0.21%"
"11/07/2023","2.393","2.390","2.393","2.364","0.72%"
"11/06/2023","2.376","2.450","2.450","2.361","0.55%"
"11/03/2023","2.363","2.410","2.410","2.357","-0.38%"
"11/02/2023","2.372","2.394","2.394","2.366","0.00%"
"11/01/2023","2.372","2.396","2.396","2.360","0.30%"
"10/31/2023","2.365","2.423","2.423","2.354","-0.84%"
"10/30/2023","2.385","2.430","2.430","2.367","2.76%"
"10/27/2023","2.321","2.308","2.321","2.302","0.48%"
"10/26/2023","2.310","2.340","2.347","2.310","-0.82%"
"10/25/2023","2.329","2.379","2.384","2.310","-2.14%"
"10/24/2023","2.380","2.348","2.398","2.348","0.93%"
"10/23/2023","2.358","2.420","2.420","2.340","-1.30%"
"10/20/2023","2.389","2.420","2.428","2.385","-1.28%"
"10/19/2023","2.420","2.380","2.422","2.370","3.24%"
"10/18/2023","2.344","2.340","2.344","2.323","0.47%"
"10/17/2023","2.333","2.330","2.344","2.303","2.10%"
"10/16/2023","2.285","2.320","2.323","2.281","-0.22%"
"10/13/2023","2.290","2.313","2.320","2.285","-0.61%"
"10/12/2023","2.304","2.330","2.330","2.293","-0.69%"
"10/11/2023","2.320","2.288","2.320","2.272","2.52%"
"10/10/2023","2.263","2.238","2.263","2.237","1.12%"
"10/09/2023","2.238","2.220","2.238","2.215","1.54%"
"10/08/2023","2.204","2.202","2.211","2.198","0.00%"
"10/07/2023","2.204","2.197","2.211","2.197","-1.80%"
"09/28/2023","2.245","2.298","2.298","2.219","-1.92%"
"09/27/2023","2.289","2.310","2.313","2.277","-0.26%"
"09/26/2023","2.295","2.290","2.295","2.271","0.83%"
"09/25/2023","2.276","2.276","2.276","2.245","1.56%"
"09/23/2023","2.241","2.241","2.241","2.241","-0.62%"
"09/22/2023","2.255","2.251","2.266","2.234","0.18%"
"09/21/2023","2.251","2.275","2.275","2.241","-0.40%"
"09/20/2023","2.260","2.264","2.302","2.246","-0.18%"
"09/19/2023","2.264","2.262","2.269","2.250","0.27%"
"09/18/2023","2.258","2.261","2.261","2.219","1.48%"
"09/15/2023","2.225","2.211","2.225","2.204","0.63%"
"09/14/2023","2.211","2.203","2.227","2.191","0.50%"
"09/13/2023","2.200","2.270","2.270","2.182","-1.79%"
"09/12/2023","2.240","2.270","2.270","2.205","-0.71%"
"09/11/2023","2.256","2.270","2.270","2.238","0.45%"
"09/08/2023","2.246","2.250","2.250","2.204","0.27%"
"09/07/2023","2.240","2.205","2.260","2.205","2.24%"
"09/06/2023","2.191","2.182","2.191","2.164","1.25%"
"09/05/2023","2.164","2.160","2.170","2.155","0.19%"
"09/04/2023","2.160","2.145","2.163","2.145","0.75%"
"09/03/2023","2.144","2.144","2.144","2.144","0.00%"
"09/02/2023","2.144","2.140","2.144","2.140","-0.33%"
"09/01/2023","2.151","2.121","2.154","2.116","1.51%"
"08/31/2023","2.119","2.145","2.145","2.100","-0.42%"
"08/30/2023","2.128","2.180","2.180","2.121","-1.62%"
"08/29/2023","2.163","2.165","2.174","2.139","0.84%"
"08/28/2023","2.145","2.150","2.150","2.134","1.61%"
"08/25/2023","2.111","2.130","2.130","2.080","1.00%"
"08/24/2023","2.090","2.137","2.137","2.078","-0.10%"
"08/23/2023","2.092","2.107","2.107","2.083","-0.05%"
"08/22/2023","2.093","2.120","2.120","2.075","0.48%"
"08/21/2023","2.083","2.125","2.125","2.068","-0.24%"
"08/18/2023","2.088","2.132","2.132","2.077","-0.48%"
"08/17/2023","2.098","2.106","2.106","2.078","0.19%"
"08/16/2023","2.094","2.130","2.130","2.080","-0.14%"
"08/15/2023","2.097","2.150","2.150","2.053","-0.71%"
"08/14/2023","2.112","2.150","2.150","2.095","-0.61%"
"08/11/2023","2.125","2.160","2.160","2.105","0.09%"
"08/10/2023","2.123","2.150","2.150","2.113","0.38%"
"08/09/2023","2.115","2.140","2.140","2.093","0.48%"
"08/08/2023","2.105","2.124","2.124","2.095","-0.24%"
"08/07/2023","2.110","2.118","2.118","2.110","2.78%"
"08/04/2023","2.053","2.150","2.150","2.033","0.49%"
"08/03/2023","2.043","2.127","2.127","2.035","-1.49%"
"08/02/2023","2.074","2.160","2.160","2.053","-0.19%"
"08/01/2023","2.078","2.210","2.210","2.063","-1.19%"
"07/31/2023","2.103","2.180","2.180","2.090","0.38%"
"07/28/2023","2.095","2.170","2.170","2.075","0.77%"
"07/27/2023","2.079","2.212","2.212","2.073","-1.14%"
"07/26/2023","2.103","2.205","2.205","2.093","-0.66%"
"07/25/2023","2.117","2.100","2.117","2.071","2.97%"
"07/24/2023","2.056","2.145","2.145","2.044","0.15%"
"07/21/2023","2.053","2.155","2.155","2.050","-0.73%"
"07/20/2023","2.068","2.115","2.115","2.062","-0.34%"
"07/19/2023","2.075","2.160","2.160","2.062","0.14%"
"07/18/2023","2.072","2.167","2.167","2.065","-0.24%"
"07/17/2023","2.077","2.210","2.210","2.072","-1.56%"
"07/14/2023","2.110","2.210","2.210","2.100","-0.71%"
"07/13/2023","2.125","2.142","2.142","2.101","0.81%"
"07/12/2023","2.108","2.185","2.185","2.092","0.52%"
"07/11/2023","2.097","2.187","2.187","2.082","-0.29%"
"07/10/2023","2.103","2.187","2.187","2.090","-0.05%"
"07/07/2023","2.104","2.187","2.187","2.084","0.10%"
"07/06/2023","2.102","2.140","2.140","2.092","-0.14%"
"07/05/2023","2.105","2.140","2.140","2.092","-0.52%"
"07/04/2023","2.116","2.190","2.190","2.087","0.05%"
"07/03/2023","2.115","2.150","2.150","2.100","0.00%"
"06/30/2023","2.115","2.240","2.240","2.103","-1.40%"
"06/29/2023","2.145","2.250","2.250","2.135","-1.29%"
"06/28/2023","2.173","2.220","2.220","2.153","-0.78%"
"06/27/2023","2.190","2.210","2.210","2.170","0.46%"
"06/26/2023","2.180","2.256","2.256","2.162","0.93%"
"06/25/2023","2.160","2.172","2.181","2.158","-1.37%"
"06/21/2023","2.190","2.280","2.280","2.170","-0.23%"
"06/20/2023","2.195","2.295","2.295","2.183","-1.13%"
"06/19/2023","2.220","2.180","2.220","2.160","3.35%"
"06/16/2023","2.148","2.175","2.175","2.132","0.94%"
"06/15/2023","2.128","2.141","2.141","2.101","1.29%"
"06/14/2023","2.101","2.180","2.180","2.072","-0.10%"
"06/13/2023","2.103","2.215","2.215","2.080","-0.99%"
"06/12/2023","2.124","2.200","2.200","2.102","0.71%"
"06/09/2023","2.109","2.190","2.190","2.102","-0.71%"
"06/08/2023","2.124","2.150","2.150","2.108","1.00%"
"06/07/2023","2.103","2.185","2.185","2.082","0.19%"
"06/06/2023","2.099","2.220","2.220","2.087","-1.69%"
"06/05/2023","2.135","2.200","2.200","2.127","-1.43%"
"06/02/2023","2.166","2.237","2.237","2.132","0.51%"
"06/01/2023","2.155","2.240","2.240","2.137","-0.60%"
"05/31/2023","2.168","2.221","2.221","2.162","-1.36%"
"05/30/2023","2.198","2.253","2.253","2.195","-0.81%"
"05/29/2023","2.216","2.307","2.307","2.192","-0.89%"
"05/26/2023","2.236","2.247","2.247","2.227","0.22%"
"05/25/2023","2.231","2.250","2.250","2.221","0.36%"
"05/24/2023","2.223","2.269","2.269","2.217","-0.76%"
"05/23/2023","2.240","2.241","2.241","2.192","0.00%"
"05/22/2023","2.240","2.327","2.327","2.234","-1.28%"
"05/19/2023","2.269","2.323","2.323","2.262","-0.70%"
"05/18/2023","2.285","2.315","2.315","2.273","0.35%"
"05/17/2023","2.277","2.270","2.277","2.252","0.53%"
"05/16/2023","2.265","2.295","2.295","2.236","1.12%"
"05/15/2023","2.240","2.309","2.309","2.219","1.17%"
"05/12/2023","2.214","2.216","2.219","2.199","0.23%"
"05/11/2023","2.209","2.263","2.263","2.201","-1.07%"
"05/10/2023","2.233","2.277","2.277","2.228","-1.41%"
"05/09/2023","2.265","2.328","2.328","2.252","-0.22%"
"05/08/2023","2.270","2.323","2.323","2.255","1.18%"
"05/06/2023","2.243","2.245","2.250","2.243","-0.51%"
"05/05/2023","2.255","2.320","2.320","2.250","-1.44%"
"05/04/2023","2.288","2.390","2.390","2.272","-0.17%"
"04/28/2023","2.292","2.340","2.340","2.287","-0.22%"
"04/27/2023","2.297","2.380","2.380","2.287","-1.92%"
"04/26/2023","2.342","2.408","2.408","2.335","-0.59%"
"04/25/2023","2.356","2.425","2.425","2.352","-0.38%"
"04/24/2023","2.365","2.455","2.455","2.352","0.36%"
"04/23/2023","2.356","2.350","2.365","2.350","-0.57%"
"04/21/2023","2.370","2.417","2.417","2.358","0.08%"
"04/20/2023","2.368","2.404","2.404","2.358","-0.08%"
"04/19/2023","2.370","2.465","2.465","2.358","-0.17%"
"04/18/2023","2.374","2.460","2.460","2.367","-0.34%"
"04/17/2023","2.382","2.458","2.458","2.367","0.51%"
"04/14/2023","2.370","2.410","2.410","2.357","0.00%"
"04/13/2023","2.370","2.410","2.410","2.360","0.21%"
"04/12/2023","2.365","2.418","2.418","2.357","0.08%"
"04/11/2023","2.363","2.420","2.420","2.360","-0.67%"
"04/10/2023","2.379","2.465","2.465","2.372","-0.21%"
"04/07/2023","2.384","2.400","2.400","2.379","-0.17%"
"04/06/2023","2.388","2.420","2.420","2.378","0.34%"
"04/04/2023","2.380","2.425","2.425","2.375","0.00%"
"04/03/2023","2.380","2.453","2.453","2.359","0.42%"
"03/31/2023","2.370","2.430","2.430","2.366","-0.96%"
"03/30/2023","2.393","2.430","2.430","2.372","0.34%"
"03/29/2023","2.385","2.429","2.429","2.385","-0.42%"
"03/28/2023","2.395","2.395","2.400","2.389","0.17%"
"03/27/2023","2.391","2.460","2.460","2.388","-0.83%"
"03/24/2023","2.411","2.445","2.455","2.390","0.75%"
"03/23/2023","2.393","2.460","2.460","2.380","-0.21%"
"03/22/2023","2.398","2.405","2.405","2.385","0.38%"
"03/21/2023","2.389","2.415","2.415","2.389","-0.04%"
"03/20/2023","2.390","2.430","2.430","2.363","-0.21%"
"03/17/2023","2.395","2.435","2.435","2.394","-0.21%"
"03/16/2023","2.400","2.450","2.460","2.395","-0.33%"
"03/15/2023","2.408","2.440","2.440","2.402","-0.62%"
"03/14/2023","2.423","2.438","2.438","2.415","0.12%"
"03/13/2023","2.420","2.500","2.500","2.404","-2.42%"
"03/10/2023","2.480","2.490","2.490","2.480","0.61%"
"03/09/2023","2.465","2.548","2.548","2.453","-0.52%"
"03/08/2023","2.478","2.560","2.560","2.468","0.81%"
"03/07/2023","2.458","2.490","2.490","2.450","-0.41%"
"03/06/2023","2.468","2.570","2.570","2.460","-0.68%"
"03/03/2023","2.485","2.575","2.575","2.480","-0.44%"
"03/02/2023","2.496","2.566","2.566","2.465","-0.56%"
"03/01/2023","2.510","2.586","2.586","2.495","0.00%"
"02/28/2023","2.510","2.510","2.510","2.490","-0.83%"
"02/27/2023","2.531","2.540","2.540","2.510","0.84%"
"02/24/2023","2.510","2.525","2.525","2.491","0.28%"
"02/23/2023","2.503","2.540","2.540","2.480","0.12%"
"02/22/2023","2.500","2.560","2.560","2.470","-0.40%"
"02/21/2023","2.510","2.510","2.520","2.498","0.28%"
"02/20/2023","2.503","2.520","2.520","2.448","1.42%"
"02/17/2023","2.468","2.492","2.492","2.445","0.41%"
"02/16/2023","2.458","2.510","2.510","2.443","-0.08%"
"02/15/2023","2.460","2.470","2.480","2.440","0.78%"
"02/14/2023","2.441","2.548","2.548","2.425","-0.41%"
"02/13/2023","2.451","2.520","2.520","2.429","0.33%"
"02/10/2023","2.443","2.465","2.465","2.423","0.21%"
"02/09/2023","2.438","2.510","2.560","2.430","-0.49%"
"02/08/2023","2.450","2.480","2.480","2.440","0.00%"
"02/07/2023","2.450","2.465","2.475","2.433","0.57%"
"02/06/2023","2.436","2.460","2.460","2.420","5.45%"
"02/03/2023","2.310","2.340","2.350","2.295","-0.65%"
"02/02/2023","2.325","2.360","2.390","2.305","-0.21%"
"02/01/2023","2.330","2.430","2.430","2.320","-0.64%"
"01/31/2023","2.345","2.460","2.460","2.325","-1.76%"
"01/30/2023","2.387","2.455","2.455","2.360","2.21%"
"01/29/2023","2.336","2.335","2.338","2.334","-0.74%"
"01/28/2023","2.353","2.346","2.353","2.330","-1.96%"
"01/20/2023","2.400","2.410","2.460","2.395","0.84%"
"01/19/2023","2.380","2.445","2.445","2.370","-1.04%"
"01/18/2023","2.405","2.444","2.444","2.370","0.63%"
"01/17/2023","2.390","2.470","2.470","2.378","-1.20%"
"01/16/2023","2.419","2.409","2.419","2.370","1.85%"
"01/13/2023","2.375","2.420","2.420","2.340","0.08%"
"01/12/2023","2.373","2.410","2.440","2.340","-0.42%"
"01/11/2023","2.383","2.410","2.440","2.368","-1.20%"
"01/10/2023","2.412","2.400","2.412","2.345","2.64%"
"01/09/2023","2.350","2.405","2.405","2.328","-0.42%"
"01/06/2023","2.360","2.324","2.360","2.309","2.48%"
"01/05/2023","2.303","2.308","2.308","2.285","0.44%"
"01/04/2023","2.293","2.323","2.333","2.287","-0.91%"
"01/03/2023","2.314","2.397","2.397","2.300","-1.24%"
"12/30/2022","2.343","2.370","2.370","2.323","-0.42%"
"12/29/2022","2.353","2.392","2.408","2.343","-1.75%"
"12/28/2022","2.395","2.490","2.490","2.370","-0.83%"
"12/27/2022","2.415","2.380","2.415","2.350","1.86%"
"12/26/2022","2.371","2.370","2.420","2.345","0.55%"
"12/23/2022","2.358","2.390","2.403","2.340","-0.84%"
"12/22/2022","2.378","2.415","2.435","2.370","-0.83%"
"12/21/2022","2.398","2.435","2.440","2.383","-1.03%"
"12/20/2022","2.423","2.435","2.435","2.378","1.42%"
"12/19/2022","2.389","2.480","2.480","2.383","-1.69%"
"12/16/2022","2.430","2.458","2.458","2.410","-0.33%"
"12/15/2022","2.438","2.499","2.499","2.412","-1.14%"
"12/14/2022","2.466","2.520","2.520","2.430","-0.68%"
"12/13/2022","2.483","2.445","2.483","2.440","1.35%"
"12/12/2022","2.450","2.510","2.510","2.400","0.95%"
"12/09/2022","2.427","2.483","2.483","2.403","0.37%"
"12/08/2022","2.418","2.405","2.421","2.388","0.75%"
"12/07/2022","2.400","2.396","2.400","2.365","1.27%"
"12/06/2022","2.370","2.335","2.370","2.335","1.50%"
"12/05/2022","2.335","2.350","2.380","2.324","0.17%"
"12/02/2022","2.331","2.365","2.365","2.315","-0.81%"
"12/01/2022","2.350","2.345","2.370","2.330","0.51%"
"11/30/2022","2.338","2.376","2.376","2.325","-1.06%"
"11/29/2022","2.363","2.318","2.363","2.303","2.52%"
"11/28/2022","2.305","2.363","2.363","2.260","0.35%"
"11/25/2022","2.297","2.279","2.297","2.245","1.73%"
"11/24/2022","2.258","2.310","2.310","2.241","-1.18%"
"11/23/2022","2.285","2.350","2.350","2.275","-1.51%"
"11/22/2022","2.320","2.340","2.340","2.305","-0.13%"
"11/21/2022","2.323","2.370","2.400","2.295","-1.36%"
"11/18/2022","2.355","2.396","2.396","2.330","-0.34%"
"11/17/2022","2.363","2.419","2.419","2.340","-1.34%"
"11/16/2022","2.395","2.375","2.395","2.325","1.23%"
"11/15/2022","2.366","2.310","2.366","2.285","4.00%"
"11/14/2022","2.275","2.245","2.295","2.215","3.74%"
"11/11/2022","2.193","2.210","2.210","2.130","2.72%"
"11/10/2022","2.135","2.174","2.174","2.123","0.47%"
"11/09/2022","2.125","2.135","2.135","2.118","0.09%"
"11/08/2022","2.123","2.105","2.123","2.086","1.87%"
"11/07/2022","2.084","2.110","2.110","2.073","-0.05%"
"11/04/2022","2.085","2.080","2.092","2.063","0.82%"
"11/03/2022","2.068","2.080","2.080","2.059","0.10%"
"11/02/2022","2.066","2.100","2.100","2.063","-0.10%"
"11/01/2022","2.068","2.065","2.068","2.045","0.68%"
"10/31/2022","2.054","2.090","2.090","2.044","-0.48%"
"10/28/2022","2.064","2.080","2.080","2.056","0.00%"
"10/27/2022","2.064","2.093","2.093","2.062","-1.39%"
"10/26/2022","2.093","2.140","2.140","2.070","-0.10%"
"10/25/2022","2.095","2.095","2.095","2.083","0.38%"
"10/24/2022","2.087","2.120","2.120","2.080","-0.14%"
"10/21/2022","2.090","2.110","2.110","2.070","0.72%"
"10/20/2022","2.075","2.080","2.090","2.064","0.48%"
"10/19/2022","2.065","2.100","2.100","2.061","-0.15%"
"10/18/2022","2.068","2.107","2.107","2.064","-0.34%"
"10/17/2022","2.075","2.100","2.100","2.065","-0.48%"
"10/15/2022","2.085","2.056","2.085","2.056","0.10%"
"10/14/2022","2.083","2.113","2.113","2.073","-0.57%"
"10/13/2022","2.095","2.110","2.110","2.083","-0.24%"
"10/12/2022","2.100","2.105","2.105","2.080","0.24%"
"10/11/2022","2.095","2.190","2.190","2.075","-1.64%"
"10/10/2022","2.130","2.145","2.145","2.100","1.79%"
"10/09/2022","2.092","2.094","2.099","2.073","-0.55%"
"10/08/2022","2.104","2.130","2.135","2.102","-0.52%"
"10/03/2022","2.115","2.115","2.115","2.115","-3.64%"
"09/30/2022","2.195","2.145","2.195","2.145","2.71%"
"09/29/2022","2.137","2.147","2.147","2.113","0.33%"
"09/28/2022","2.130","2.117","2.135","2.107","0.80%"
"09/27/2022","2.113","2.110","2.115","2.100","0.48%"
"09/26/2022","2.103","2.110","2.130","2.083","2.59%"
"09/23/2022","2.050","2.050","2.050","2.050","0.74%"
"09/22/2022","2.035","2.040","2.040","2.035","-0.39%"
"09/21/2022","2.043","2.055","2.055","2.043","-0.73%"
"09/20/2022","2.058","2.058","2.058","2.058","-0.24%"
"09/19/2022","2.063","2.060","2.068","2.050","0.15%"
"09/16/2022","2.060","2.060","2.060","2.060","1.53%"
"09/15/2022","2.029","2.025","2.033","2.025","-0.10%"
"09/14/2022","2.031","2.041","2.041","2.031","0.00%"
"09/13/2022","2.031","2.150","2.150","2.024","0.40%"
"09/09/2022","2.023","2.060","2.060","2.013","-0.98%"
"09/08/2022","2.043","2.045","2.045","2.015","1.39%"
"09/07/2022","2.015","2.053","2.053","2.010","-0.59%"
"09/06/2022","2.027","2.044","2.044","1.998","0.70%"
"09/05/2022","2.013","2.133","2.133","1.998","-0.54%"
"09/02/2022","2.024","2.072","2.072","2.022","-0.69%"
"09/01/2022","2.038","2.070","2.070","2.036","-0.78%"
"08/31/2022","2.054","2.084","2.084","2.048","-0.05%"
"08/30/2022","2.055","2.128","2.128","2.053","-1.77%"
"08/29/2022","2.092","2.213","2.213","2.085","-0.85%"
"08/26/2022","2.110","2.118","2.118","2.104","0.05%"
"08/25/2022","2.109","2.108","2.109","2.090","1.10%"
"08/24/2022","2.086","2.097","2.097","2.082","-0.10%"
"08/23/2022","2.088","2.085","2.093","2.074","0.87%"
"08/22/2022","2.070","2.100","2.100","2.060","0.58%"
"08/19/2022","2.058","2.084","2.084","2.050","0.15%"
"08/18/2022","2.055","2.104","2.104","2.052","-1.01%"
"08/17/2022","2.076","2.085","2.103","2.076","-0.34%"
"08/16/2022","2.083","2.103","2.110","2.059","-0.48%"
"08/15/2022","2.093","2.285","2.285","2.082","-3.81%"
"08/12/2022","2.176","2.212","2.212","2.171","-0.41%"
"08/11/2022","2.185","2.209","2.209","2.178","0.41%"
"08/10/2022","2.176","2.203","2.203","2.148","0.83%"
"08/09/2022","2.158","2.190","2.190","2.115","1.65%"
"08/08/2022","2.123","2.175","2.175","2.085","5.20%"
"08/05/2022","2.018","2.003","2.035","1.992","1.25%"
"08/04/2022","1.993","2.023","2.023","1.976","-1.09%"
"08/03/2022","2.015","2.040","2.040","2.008","-0.69%"
"08/02/2022","2.029","2.080","2.080","2.022","-1.50%"
"08/01/2022","2.060","2.160","2.160","2.058","-2.09%"
"07/29/2022","2.104","2.148","2.148","2.100","-1.59%"
"07/28/2022","2.138","2.123","2.161","2.102","1.57%"
"07/27/2022","2.105","2.157","2.157","2.102","-0.61%"
"07/26/2022","2.118","2.192","2.192","2.115","-1.81%"
"07/25/2022","2.157","2.290","2.290","2.153","-0.78%"
"07/22/2022","2.174","2.263","2.263","2.168","-0.28%"
"07/21/2022","2.180","2.218","2.218","2.171","-0.23%"
"07/20/2022","2.185","2.261","2.261","2.182","-0.86%"
"07/19/2022","2.204","2.245","2.245","2.194","0.14%"
"07/18/2022","2.201","2.300","2.300","2.193","-0.32%"
"07/15/2022","2.208","2.232","2.232","2.202","-0.54%"
"07/14/2022","2.220","2.273","2.273","2.217","-1.07%"
"07/13/2022","2.244","2.283","2.283","2.240","-0.36%"
"07/12/2022","2.252","2.285","2.285","2.243","-1.01%"
"07/11/2022","2.275","2.403","2.403","2.275","-1.22%"
"07/08/2022","2.303","2.332","2.332","2.298","0.00%"
"07/07/2022","2.303","2.337","2.337","2.302","-0.43%"
"07/06/2022","2.313","2.366","2.366","2.302","-0.13%"
"07/05/2022","2.316","2.310","2.316","2.294","0.78%"
"07/04/2022","2.298","2.360","2.360","2.243","2.59%"
"07/01/2022","2.240","2.290","2.290","2.231","-0.58%"
"06/30/2022","2.253","2.313","2.313","2.248","-1.40%"
"06/29/2022","2.285","2.313","2.313","2.275","-0.17%"
"06/28/2022","2.289","2.326","2.326","2.278","0.26%"
"06/27/2022","2.283","2.350","2.350","2.270","1.33%"
"06/24/2022","2.253","2.296","2.296","2.238","0.40%"
"06/23/2022","2.244","2.296","2.296","2.238","-0.58%"
"06/22/2022","2.257","2.314","2.314","2.254","-0.27%"
"06/21/2022","2.263","2.291","2.291","2.261","0.04%"
"06/20/2022","2.262","2.280","2.280","2.250","0.62%"
"06/17/2022","2.248","2.290","2.290","2.248","-0.71%"
"06/16/2022","2.264","2.304","2.304","2.262","-0.26%"
"06/15/2022","2.270","2.375","2.375","2.265","0.22%"
"06/14/2022","2.265","2.308","2.308","2.264","0.18%"
"06/13/2022","2.261","2.290","2.290","2.255","0.31%"
"06/10/2022","2.254","2.283","2.283","2.244","0.00%"
"06/09/2022","2.254","2.320","2.320","2.252","-0.49%"
"06/08/2022","2.265","2.290","2.290","2.261","-0.61%"
"06/07/2022","2.279","2.293","2.300","2.270","-0.04%"
"06/06/2022","2.280","2.242","2.285","2.227","1.56%"
"06/02/2022","2.245","2.242","2.247","2.227","0.54%"
"06/01/2022","2.233","2.281","2.281","2.222","-0.09%"
"05/31/2022","2.235","2.234","2.235","2.208","1.41%"
"05/30/2022","2.204","2.220","2.220","2.185","0.82%"
"05/27/2022","2.186","2.208","2.208","2.178","0.37%"
"05/26/2022","2.178","2.233","2.233","2.177","-2.02%"
"05/25/2022","2.223","2.235","2.235","2.215","0.09%"
"05/24/2022","2.221","2.230","2.230","2.208","0.23%"
"05/23/2022","2.216","2.300","2.300","2.208","-1.07%"
"05/20/2022","2.240","2.235","2.250","2.230","0.58%"
"05/19/2022","2.227","2.219","2.230","2.203","0.68%"
"05/18/2022","2.212","2.266","2.266","2.208","-0.98%"
"05/17/2022","2.234","2.288","2.288","2.231","-1.06%"
"05/16/2022","2.258","2.370","2.370","2.253","-0.57%"
"05/13/2022","2.271","2.306","2.306","2.262","-0.31%"
"05/12/2022","2.278","2.293","2.293","2.273","-0.65%"
"05/11/2022","2.293","2.312","2.312","2.282","0.35%"
"05/10/2022","2.285","2.359","2.359","2.280","-1.25%"
"05/09/2022","2.314","2.410","2.410","2.305","0.61%"
"05/07/2022","2.300","2.310","2.310","2.300","-1.71%"
"05/06/2022","2.340","2.357","2.357","2.326","0.34%"
"05/05/2022","2.332","2.420","2.420","2.320","-0.04%"
"04/29/2022","2.333","2.377","2.377","2.325","-0.60%"
"04/28/2022","2.347","2.345","2.347","2.318","1.51%"
"04/27/2022","2.312","2.298","2.312","2.288","1.05%"
"04/26/2022","2.288","2.324","2.324","2.276","0.31%"
"04/25/2022","2.281","2.338","2.338","2.278","-0.50%"
"04/24/2022","2.293","2.298","2.298","2.290","4.44%"
"04/22/2022","2.195","2.220","2.220","2.192","-0.59%"
"04/21/2022","2.208","2.232","2.232","2.202","-0.67%"
"04/20/2022","2.223","2.237","2.237","2.206","0.82%"
"04/19/2022","2.205","2.225","2.225","2.202","-0.45%"
"04/18/2022","2.215","2.280","2.280","2.208","0.45%"
"04/15/2022","2.205","2.252","2.252","2.194","-0.81%"
"04/14/2022","2.223","2.278","2.278","2.218","-1.33%"
"04/13/2022","2.253","2.283","2.283","2.240","-0.40%"
"04/12/2022","2.262","2.280","2.280","2.245","0.22%"
"04/11/2022","2.257","2.338","2.338","2.235","0.80%"
"04/08/2022","2.239","2.268","2.268","2.231","0.04%"
"04/07/2022","2.238","2.288","2.288","2.228","0.00%"
"04/06/2022","2.238","2.365","2.365","2.238","-0.09%"
"04/02/2022","2.240","2.250","2.257","2.234","-2.27%"
"04/01/2022","2.292","2.335","2.335","2.265","-0.30%"
"03/31/2022","2.299","2.337","2.337","2.295","-0.91%"
"03/30/2022","2.320","2.319","2.350","2.295","0.04%"
"03/29/2022","2.319","2.360","2.360","2.298","-0.04%"
"03/28/2022","2.320","2.412","2.412","2.290","1.09%"
"03/25/2022","2.295","2.329","2.329","2.288","-0.78%"
"03/24/2022","2.313","2.430","2.430","2.306","-0.90%"
"03/23/2022","2.334","2.378","2.378","2.309","0.43%"
"03/22/2022","2.324","2.315","2.324","2.285","1.93%"
"03/21/2022","2.280","2.360","2.360","2.266","0.93%"
"03/18/2022","2.259","2.308","2.308","2.255","-1.05%"
"03/17/2022","2.283","2.323","2.337","2.280","-0.22%"
"03/16/2022","2.288","2.305","2.307","2.273","0.44%"
"03/15/2022","2.278","2.241","2.282","2.225","2.84%"
"03/14/2022","2.215","2.295","2.295","2.183","-1.07%"
"03/12/2022","2.239","2.239","2.239","2.239","-0.53%"
"03/11/2022","2.251","2.305","2.305","2.251","-0.71%"
"03/10/2022","2.267","2.281","2.281","2.253","0.71%"
"03/09/2022","2.251","2.255","2.268","2.233","0.94%"
"03/08/2022","2.230","2.283","2.283","2.222","-1.11%"
"03/07/2022","2.255","2.313","2.313","2.252","-0.31%"
"03/04/2022","2.262","2.313","2.313","2.261","-0.48%"
"03/03/2022","2.273","2.280","2.280","2.253","1.02%"
"03/02/2022","2.250","2.253","2.253","2.230","0.99%"
"03/01/2022","2.228","2.278","2.278","2.210","0.32%"
"02/28/2022","2.221","2.320","2.320","2.210","-0.80%"
"02/25/2022","2.239","2.255","2.258","2.233","-0.44%"
"02/24/2022","2.249","2.283","2.283","2.243","-0.40%"
"02/23/2022","2.258","2.303","2.303","2.252","-0.96%"
"02/22/2022","2.280","2.283","2.283","2.244","1.33%"
"02/21/2022","2.250","2.313","2.313","2.215","2.04%"
"02/18/2022","2.205","2.223","2.223","2.188","0.55%"
"02/17/2022","2.193","2.242","2.242","2.192","-0.50%"
"02/16/2022","2.204","2.300","2.300","2.200","-0.23%"
"02/15/2022","2.209","2.295","2.295","2.188","-0.14%"
"02/14/2022","2.212","2.295","2.295","2.188","0.45%"
"02/11/2022","2.202","2.195","2.215","2.163","2.61%"
"02/10/2022","2.146","2.162","2.162","2.133","0.05%"
"02/09/2022","2.145","2.158","2.158","2.128","0.85%"
"02/08/2022","2.127","2.142","2.142","2.108","0.14%"
"02/07/2022","2.124","2.160","2.160","2.118","2.12%"
"01/30/2022","2.080","2.108","2.108","2.080","-0.79%"
"01/29/2022","2.096","2.105","2.115","2.085","-2.08%"
"01/28/2022","2.141","2.179","2.179","2.129","-0.46%"
"01/27/2022","2.151","2.182","2.182","2.143","-0.09%"
"01/26/2022","2.153","2.167","2.167","2.137","0.84%"
"01/25/2022","2.135","2.127","2.135","2.093","2.15%"
"01/24/2022","2.090","2.190","2.190","2.088","-2.06%"
"01/21/2022","2.134","2.198","2.198","2.133","-2.15%"
"01/20/2022","2.181","2.221","2.221","2.175","-0.27%"
"01/19/2022","2.187","2.270","2.270","2.175","-2.89%"
"01/18/2022","2.252","2.328","2.328","2.248","-2.43%"
"01/17/2022","2.308","2.400","2.400","2.305","-1.41%"
"01/14/2022","2.341","2.358","2.358","2.330","0.17%"
"01/13/2022","2.337","2.357","2.357","2.327","0.39%"
"01/12/2022","2.328","2.350","2.350","2.325","-0.17%"
"01/11/2022","2.332","2.378","2.378","2.321","-0.72%"
"01/10/2022","2.349","2.440","2.440","2.342","-1.01%"
"01/07/2022","2.373","2.426","2.426","2.367","-0.29%"
"01/06/2022","2.380","2.385","2.385","2.360","0.93%"
"01/05/2022","2.358","2.380","2.380","2.348","0.34%"
"01/04/2022","2.350","2.420","2.420","2.338","-0.84%"
"12/31/2021","2.370","2.407","2.407","2.355","-0.67%"
"12/30/2021","2.386","2.437","2.437","2.382","-1.53%"
"12/29/2021","2.423","2.478","2.478","2.415","-1.02%"
"12/28/2021","2.448","2.473","2.473","2.446","-0.16%"
"12/27/2021","2.452","2.580","2.580","2.444","-0.85%"
"12/24/2021","2.473","2.490","2.490","2.456","0.53%"
"12/23/2021","2.460","2.515","2.515","2.458","-0.89%"
"12/22/2021","2.482","2.517","2.517","2.479","-0.64%"
"12/21/2021","2.498","2.503","2.504","2.487","0.60%"
"12/20/2021","2.483","2.495","2.495","2.471","0.81%"
"12/17/2021","2.463","2.496","2.496","2.461","0.00%"
"12/16/2021","2.463","2.485","2.485","2.458","0.00%"
"12/15/2021","2.463","2.505","2.505","2.459","-0.28%"
"12/14/2021","2.470","2.530","2.530","2.469","-1.16%"
"12/13/2021","2.499","2.560","2.560","2.495","0.00%"
"12/10/2021","2.499","2.533","2.533","2.496","-0.48%"
"12/09/2021","2.511","2.570","2.570","2.505","-0.16%"
"12/08/2021","2.515","2.522","2.522","2.496","0.68%"
"12/07/2021","2.498","2.541","2.541","2.487","0.28%"
"12/06/2021","2.491","2.580","2.580","2.472","-2.70%"
"12/03/2021","2.560","2.580","2.580","2.550","0.47%"
"12/02/2021","2.548","2.588","2.588","2.540","0.20%"
"12/01/2021","2.543","2.570","2.570","2.540","0.12%"
"11/30/2021","2.540","2.555","2.555","2.532","0.71%"
"11/29/2021","2.522","2.560","2.560","2.517","-0.04%"
"11/26/2021","2.523","2.565","2.565","2.522","-0.39%"
"11/25/2021","2.533","2.570","2.570","2.529","-0.63%"
"11/24/2021","2.549","2.578","2.578","2.542","-0.04%"
"11/23/2021","2.550","2.650","2.650","2.549","0.04%"
"11/22/2021","2.549","2.690","2.690","2.544","-0.23%"
"11/19/2021","2.555","2.608","2.608","2.549","0.04%"
"11/18/2021","2.554","2.615","2.615","2.550","-0.04%"
"11/17/2021","2.555","2.583","2.583","2.554","-0.20%"
"11/16/2021","2.560","2.582","2.582","2.558","-0.19%"
"11/15/2021","2.565","2.678","2.678","2.560","-0.31%"
"11/12/2021","2.573","2.610","2.610","2.563","-0.39%"
"11/11/2021","2.583","2.595","2.595","2.561","0.94%"
"11/10/2021","2.559","2.595","2.595","2.558","-0.66%"
"11/09/2021","2.576","2.581","2.581","2.558","0.23%"
"11/08/2021","2.570","2.588","2.588","2.544","0.86%"
"11/05/2021","2.548","2.621","2.621","2.545","-1.43%"
"11/04/2021","2.585","2.634","2.634","2.579","-0.81%"
"11/03/2021","2.606","2.655","2.655","2.603","0.31%"
"11/02/2021","2.598","2.710","2.710","2.595","-0.57%"
"11/01/2021","2.613","2.730","2.730","2.600","0.04%"
"10/29/2021","2.612","2.630","2.630","2.603","-0.04%"
"10/28/2021","2.613","2.640","2.640","2.610","-0.76%"
"10/27/2021","2.633","2.655","2.655","2.610","0.57%"
"10/26/2021","2.618","2.660","2.660","2.611","-0.72%"
"10/25/2021","2.637","2.660","2.670","2.588","0.92%"
"10/22/2021","2.613","2.660","2.660","2.605","-0.19%"
"10/21/2021","2.618","2.683","2.683","2.618","-1.32%"
"10/20/2021","2.653","2.690","2.690","2.645","-0.41%"
"10/19/2021","2.664","2.720","2.720","2.655","-0.22%"
"10/18/2021","2.670","2.700","2.700","2.630","2.30%"
"10/15/2021","2.610","2.635","2.635","2.605","0.38%"
"10/14/2021","2.600","2.620","2.620","2.593","-0.38%"
"10/13/2021","2.610","2.620","2.620","2.588","0.77%"
"10/12/2021","2.590","2.650","2.650","2.580","0.19%"
"10/11/2021","2.585","2.590","2.590","2.568","3.82%"
"10/09/2021","2.490","2.480","2.490","2.480","-0.72%"
"10/08/2021","2.508","2.585","2.585","2.483","0.80%"
"09/30/2021","2.488","2.533","2.533","2.470","-0.32%"
"09/29/2021","2.496","2.548","2.548","2.488","0.04%"
"09/28/2021","2.495","2.515","2.520","2.486","0.28%"
"09/27/2021","2.488","2.595","2.595","2.478","0.36%"
"09/26/2021","2.479","2.475","2.485","2.470","-0.28%"
"09/24/2021","2.486","2.523","2.523","2.481","0.04%"
"09/23/2021","2.485","2.513","2.513","2.477","0.16%"
"09/22/2021","2.481","2.549","2.549","2.479","-0.52%"
"09/18/2021","2.494","2.503","2.507","2.494","-0.72%"
"09/17/2021","2.512","2.551","2.551","2.498","-0.51%"
"09/16/2021","2.525","2.575","2.575","2.515","-0.12%"
"09/15/2021","2.528","2.550","2.550","2.513","0.16%"
"09/14/2021","2.524","2.525","2.525","2.512","0.52%"
"09/13/2021","2.511","2.603","2.603","2.498","0.04%"
"09/10/2021","2.510","2.520","2.520","2.493","0.48%"
"09/09/2021","2.498","2.531","2.531","2.490","0.20%"
"09/08/2021","2.493","2.538","2.538","2.483","0.12%"
"09/07/2021","2.490","2.526","2.526","2.470","0.73%"
"09/06/2021","2.472","2.580","2.580","2.453","0.49%"
"09/03/2021","2.460","2.487","2.487","2.453","0.20%"
"09/02/2021","2.455","2.500","2.500","2.445","0.08%"
"09/01/2021","2.453","2.575","2.575","2.449","-0.49%"
"08/31/2021","2.465","2.523","2.523","2.463","-0.40%"
"08/30/2021","2.475","2.600","2.600","2.468","-0.16%"
"08/27/2021","2.479","2.520","2.520","2.479","-0.28%"
"08/26/2021","2.486","2.506","2.506","2.471","0.49%"
"08/25/2021","2.474","2.590","2.590","2.454","0.00%"
"08/24/2021","2.474","2.512","2.512","2.467","-0.08%"
"08/23/2021","2.476","2.580","2.580","2.471","0.45%"
"08/20/2021","2.465","2.497","2.497","2.455","0.45%"
"08/19/2021","2.454","2.508","2.508","2.451","-0.12%"
"08/18/2021","2.457","2.529","2.529","2.452","-1.44%"
"08/17/2021","2.493","2.497","2.517","2.479","-0.04%"
"08/16/2021","2.494","2.605","2.605","2.491","-0.12%"
"08/13/2021","2.497","2.600","2.600","2.494","0.28%"
"08/12/2021","2.490","2.540","2.540","2.490","-0.64%"
"08/11/2021","2.506","2.520","2.520","2.493","0.52%"
"08/10/2021","2.493","2.526","2.583","2.481","0.73%"
"08/09/2021","2.475","2.473","2.480","2.422","2.72%"
"08/07/2021","2.409","2.409","2.409","2.409","-0.84%"
"08/06/2021","2.430","2.473","2.473","2.429","-0.25%"
"08/05/2021","2.436","2.453","2.453","2.427","-0.08%"
"08/04/2021","2.438","2.460","2.460","2.429","0.37%"
"08/03/2021","2.429","2.420","2.433","2.401","1.42%"
"08/02/2021","2.395","2.558","2.558","2.383","-1.24%"
"07/30/2021","2.425","2.558","2.558","2.423","-1.42%"
"07/29/2021","2.460","2.495","2.495","2.460","-0.61%"
"07/28/2021","2.475","2.481","2.481","2.432","1.64%"
"07/27/2021","2.435","2.438","2.438","2.400","1.67%"
"07/26/2021","2.395","2.470","2.470","2.395","-1.64%"
"07/23/2021","2.435","2.530","2.530","2.430","-1.42%"
"07/22/2021","2.470","2.500","2.500","2.465","0.00%"
"07/21/2021","2.470","2.550","2.550","2.464","-1.48%"
"07/20/2021","2.507","2.533","2.533","2.507","-0.36%"
"07/19/2021","2.516","2.593","2.593","2.501","0.12%"
"07/16/2021","2.513","2.533","2.533","2.504","0.00%"
"07/15/2021","2.513","2.532","2.532","2.504","-0.12%"
"07/14/2021","2.516","2.546","2.546","2.509","-0.08%"
"07/13/2021","2.518","2.560","2.560","2.513","-0.43%"
"07/12/2021","2.529","2.690","2.690","2.521","-2.51%"
"07/09/2021","2.594","2.603","2.603","2.584","1.65%"
"07/08/2021","2.552","2.659","2.659","2.548","-2.89%"
"07/07/2021","2.628","2.685","2.685","2.625","-0.08%"
"07/06/2021","2.630","2.633","2.633","2.621","0.31%"
"07/05/2021","2.622","2.730","2.730","2.621","-1.83%"
"07/02/2021","2.671","2.682","2.682","2.635","0.60%"
"07/01/2021","2.655","2.683","2.683","2.646","-0.04%"
"06/30/2021","2.656","2.683","2.683","2.651","-0.49%"
"06/29/2021","2.669","2.715","2.715","2.663","-0.04%"
"06/28/2021","2.670","2.700","2.700","2.663","-0.11%"
"06/25/2021","2.673","2.730","2.730","2.669","-0.37%"
"06/24/2021","2.683","2.750","2.750","2.673","-0.45%"
"06/23/2021","2.695","2.780","2.780","2.688","-1.03%"
"06/22/2021","2.723","2.764","2.764","2.713","0.11%"
"06/21/2021","2.720","2.820","2.820","2.715","-1.45%"
"06/18/2021","2.760","2.791","2.791","2.743","0.62%"
"06/17/2021","2.743","2.771","2.771","2.740","0.04%"
"06/16/2021","2.742","2.800","2.800","2.738","-0.11%"
"06/15/2021","2.745","2.845","2.845","2.743","0.18%"
"06/11/2021","2.740","2.765","2.765","2.726","0.00%"
"06/10/2021","2.740","2.776","2.776","2.734","-0.36%"
"06/09/2021","2.750","2.825","2.825","2.725","0.36%"
"06/08/2021","2.740","2.770","2.770","2.718","0.37%"
"06/07/2021","2.730","2.750","2.750","2.710","0.07%"
"06/04/2021","2.728","2.747","2.747","2.720","0.18%"
"06/03/2021","2.723","2.736","2.736","2.711","0.00%"
"06/02/2021","2.723","2.757","2.757","2.716","0.26%"
"06/01/2021","2.716","2.767","2.767","2.716","-0.48%"
"05/31/2021","2.729","2.840","2.840","2.702","0.33%"
"05/28/2021","2.720","2.749","2.749","2.696","0.82%"
"05/27/2021","2.698","2.703","2.713","2.697","0.07%"
"05/26/2021","2.696","2.717","2.717","2.685","0.00%"
"05/25/2021","2.696","2.718","2.718","2.689","0.45%"
"05/24/2021","2.684","2.735","2.735","2.670","0.52%"
"05/22/2021","2.670","2.670","2.670","2.670","-0.30%"
"05/21/2021","2.678","2.700","2.700","2.669","-0.45%"
"05/20/2021","2.690","2.713","2.713","2.688","-0.37%"
"05/19/2021","2.700","2.781","2.781","2.688","-1.14%"
"05/18/2021","2.731","2.735","2.740","2.724","0.22%"
"05/17/2021","2.725","2.760","2.760","2.715","0.07%"
"05/14/2021","2.723","2.742","2.742","2.719","0.00%"
"05/13/2021","2.723","2.700","2.723","2.700","1.00%"
"05/12/2021","2.696","2.720","2.721","2.685","0.22%"
"05/11/2021","2.690","2.718","2.718","2.690","-0.48%"
"05/10/2021","2.703","2.763","2.813","2.698","0.20%"
"05/08/2021","2.697","2.694","2.716","2.694","-1.05%"
"05/07/2021","2.726","2.763","2.763","2.721","-0.26%"
"05/06/2021","2.733","2.805","2.805","2.725","-0.73%"
"04/30/2021","2.753","2.776","2.776","2.746","-0.51%"
"04/29/2021","2.767","2.810","2.810","2.751","0.00%"
"04/28/2021","2.767","2.800","2.800","2.767","-0.79%"
"04/27/2021","2.789","2.800","2.800","2.773","0.40%"
"04/26/2021","2.778","2.808","2.808","2.770","0.82%"
"04/25/2021","2.756","2.760","2.766","2.734","-0.13%"
"04/23/2021","2.759","2.774","2.774","2.748","0.11%"
"04/22/2021","2.756","2.800","2.800","2.753","-0.18%"
"04/21/2021","2.761","2.858","2.858","2.760","-0.93%"
"04/20/2021","2.787","2.828","2.828","2.783","-0.82%"
"04/19/2021","2.810","2.880","2.880","2.808","-0.67%"
"04/16/2021","2.829","2.845","2.845","2.824","0.25%"
"04/15/2021","2.822","2.838","2.838","2.814","0.18%"
"04/14/2021","2.817","2.834","2.834","2.812","-0.25%"
"04/13/2021","2.824","2.885","2.885","2.824","-1.19%"
"04/12/2021","2.858","2.960","2.960","2.850","-0.45%"
"04/09/2021","2.871","2.898","2.898","2.866","-0.59%"
"04/08/2021","2.888","2.885","2.888","2.872","0.31%"
"04/07/2021","2.879","2.880","2.885","2.860","0.98%"
"04/06/2021","2.851","2.930","2.930","2.851","0.32%"
"04/02/2021","2.842","2.910","2.928","2.838","-0.04%"
"04/01/2021","2.843","2.894","2.894","2.841","-0.39%"
"03/31/2021","2.854","2.876","2.876","2.852","-0.17%"
"03/30/2021","2.859","2.892","2.892","2.858","-0.35%"
"03/29/2021","2.869","2.930","2.930","2.867","0.07%"
"03/26/2021","2.867","2.879","2.879","2.855","0.28%"
"03/25/2021","2.859","2.878","2.878","2.859","-0.35%"
"03/24/2021","2.869","2.912","2.912","2.866","-0.86%"
"03/23/2021","2.894","2.905","2.905","2.889","0.14%"
"03/22/2021","2.890","2.960","2.960","2.880","-0.69%"
"03/19/2021","2.910","2.926","2.926","2.905","-0.27%"
"03/18/2021","2.918","2.951","2.951","2.918","-0.51%"
"03/17/2021","2.933","2.964","2.964","2.933","-0.24%"
"03/16/2021","2.940","2.987","2.987","2.940","-0.57%"
"03/15/2021","2.957","3.020","3.020","2.950","0.58%"
"03/12/2021","2.940","2.956","2.956","2.935","0.17%"
"03/11/2021","2.935","2.950","2.950","2.927","0.00%"
"03/10/2021","2.935","2.951","2.951","2.930","0.00%"
"03/09/2021","2.935","2.980","2.980","2.923","0.34%"
"03/08/2021","2.925","3.010","3.010","2.923","-0.34%"
"03/05/2021","2.935","2.966","2.966","2.905","-0.54%"
"03/04/2021","2.951","2.959","2.959","2.923","0.89%"
"03/03/2021","2.925","2.924","2.930","2.901","0.72%"
"03/02/2021","2.904","2.932","2.932","2.895","0.14%"
"03/01/2021","2.900","3.000","3.000","2.899","4.54%"
"02/26/2021","2.774","2.806","2.806","2.760","-0.29%"
"02/25/2021","2.782","2.775","2.782","2.761","1.27%"
"02/24/2021","2.747","2.785","2.785","2.730","-0.40%"
"02/23/2021","2.758","2.775","2.816","2.758","-0.54%"
"02/22/2021","2.773","2.850","2.850","2.768","-1.32%"
"02/19/2021","2.810","2.865","2.865","2.807","-1.20%"
"02/18/2021","2.844","2.900","2.900","2.844","-0.11%"
"02/10/2021","2.847","2.831","2.847","2.824","1.28%"
"02/09/2021","2.811","2.910","2.910","2.805","-0.92%"
"02/08/2021","2.837","2.893","2.893","2.835","0.64%"
"02/07/2021","2.819","2.818","2.819","2.818","-0.07%"
"02/05/2021","2.821","2.928","2.948","2.816","-0.56%"
"02/04/2021","2.837","2.787","2.860","2.771","0.60%"
"02/03/2021","2.820","2.787","2.820","2.771","1.08%"
"02/02/2021","2.790","2.827","2.827","2.771","0.43%"
"02/01/2021","2.778","2.883","2.883","2.778","-2.53%"
"01/29/2021","2.850","2.821","2.860","2.777","2.04%"
"01/28/2021","2.793","2.777","2.793","2.760","0.90%"
"01/27/2021","2.768","2.752","2.768","2.745","1.13%"
"01/26/2021","2.737","2.709","2.748","2.677","2.59%"
"01/25/2021","2.668","2.743","2.743","2.650","0.04%"
"01/22/2021","2.667","2.657","2.673","2.656","1.14%"
"01/21/2021","2.637","2.714","2.714","2.637","-2.80%"
"01/20/2021","2.713","2.742","2.742","2.704","0.18%"
"01/19/2021","2.708","2.738","2.743","2.703","-0.18%"
"01/18/2021","2.713","2.768","2.768","2.702","2.57%"
"01/15/2021","2.645","2.608","2.648","2.595","1.54%"
"01/14/2021","2.605","2.573","2.608","2.554","2.24%"
"01/13/2021","2.548","2.616","2.616","2.548","-2.38%"
"01/12/2021","2.610","2.641","2.641","2.610","-1.32%"
"01/11/2021","2.645","2.700","2.700","2.619","0.23%"
"01/08/2021","2.639","2.682","2.682","2.635","-1.01%"
"01/07/2021","2.666","2.740","2.740","2.646","-1.44%"
"01/06/2021","2.705","2.773","2.773","2.704","-1.74%"
"01/05/2021","2.753","2.807","2.807","2.745","-1.22%"
"01/04/2021","2.787","2.830","2.830","2.759","0.83%"
"12/31/2020","2.764","2.773","2.773","2.735","0.40%"
"12/30/2020","2.753","2.815","2.815","2.750","-1.18%"
"12/29/2020","2.786","2.809","2.809","2.777","-0.18%"
"12/28/2020","2.791","2.900","2.900","2.787","-1.34%"
"12/25/2020","2.829","2.873","2.873","2.818","-0.81%"
"12/24/2020","2.852","2.860","2.860","2.833","0.60%"
"12/23/2020","2.835","2.889","2.889","2.828","-1.12%"
"12/22/2020","2.867","2.923","2.923","2.858","-1.38%"
"12/21/2020","2.907","3.020","3.020","2.885","-0.82%"
"12/18/2020","2.931","2.938","2.944","2.925","0.48%"
"12/17/2020","2.917","2.931","2.931","2.909","0.24%"
"12/16/2020","2.910","2.956","3.019","2.878","-0.61%"
"12/15/2020","2.928","2.985","2.985","2.928","-1.35%"
"12/14/2020","2.968","3.060","3.060","2.963","0.30%"
"12/11/2020","2.959","3.020","3.020","2.945","0.78%"
"12/10/2020","2.936","3.065","3.065","2.932","-1.94%"
"12/09/2020","2.994","3.043","3.043","2.987","0.03%"
"12/08/2020","2.993","3.052","3.052","2.983","-0.70%"
"12/07/2020","3.014","3.080","3.080","3.010","0.13%"
"12/04/2020","3.010","3.058","3.058","2.993","-0.10%"
"12/03/2020","3.013","3.045","3.045","3.000","0.27%"
"12/02/2020","3.005","3.000","3.023","2.995","0.77%"
"12/01/2020","2.982","3.050","3.050","2.968","0.27%"
"11/30/2020","2.974","3.140","3.140","2.951","-2.62%"
"11/27/2020","3.054","3.150","3.150","3.045","-0.68%"
"11/26/2020","3.075","3.137","3.137","3.065","-0.42%"
"11/25/2020","3.088","3.195","3.195","3.073","-0.71%"
"11/24/2020","3.110","3.115","3.115","3.078","0.97%"
"11/23/2020","3.080","3.175","3.175","3.073","-1.38%"
"11/20/2020","3.123","3.130","3.130","3.090","1.89%"
"11/19/2020","3.065","3.140","3.140","3.053","0.82%"
"11/18/2020","3.040","3.035","3.050","3.003","1.67%"
"11/17/2020","2.990","3.030","3.030","2.988","-0.43%"
"11/16/2020","3.003","3.050","3.050","2.965","0.43%"
"11/13/2020","2.990","2.995","3.011","2.963","1.15%"
"11/12/2020","2.956","3.020","3.020","2.941","0.54%"
"11/11/2020","2.940","2.965","2.965","2.911","0.17%"
"11/10/2020","2.935","3.015","3.015","2.923","-0.07%"
"11/09/2020","2.937","3.000","3.000","2.933","1.17%"
"11/06/2020","2.903","2.910","2.925","2.890","0.69%"
"11/05/2020","2.883","2.950","2.950","2.863","0.66%"
"11/04/2020","2.864","2.905","2.910","2.860","0.03%"
"11/03/2020","2.863","2.909","2.909","2.853","-0.14%"
"11/02/2020","2.867","2.950","2.950","2.862","0.10%"
"10/30/2020","2.864","2.905","2.905","2.863","0.35%"
"10/29/2020","2.854","2.945","2.945","2.840","0.25%"
"10/28/2020","2.847","2.895","2.895","2.838","-0.21%"
"10/27/2020","2.853","2.904","2.904","2.850","-0.35%"
"10/26/2020","2.863","2.940","2.940","2.855","0.10%"
"10/23/2020","2.860","2.904","2.904","2.858","0.56%"
"10/22/2020","2.844","2.925","2.925","2.837","-1.66%"
"10/21/2020","2.892","2.943","2.943","2.879","-0.34%"
"10/20/2020","2.902","2.945","2.945","2.902","-0.24%"
"10/19/2020","2.909","2.980","2.980","2.900","-0.21%"
"10/16/2020","2.915","2.945","2.945","2.905","0.52%"
"10/15/2020","2.900","2.933","2.933","2.895","0.59%"
"10/14/2020","2.883","2.900","2.900","2.873","0.28%"
"10/13/2020","2.875","2.925","2.925","2.875","-1.20%"
"10/12/2020","2.910","2.930","2.930","2.890","1.75%"
"10/11/2020","2.860","2.860","2.860","2.860","0.00%"
"10/10/2020","2.860","2.860","2.860","2.860","-0.35%"
"10/09/2020","2.870","2.926","2.926","2.870","1.52%"
"09/30/2020","2.827","2.820","2.827","2.793","1.58%"
"09/29/2020","2.783","2.814","2.814","2.781","0.47%"
"09/28/2020","2.770","2.850","2.850","2.768","0.64%"
"09/27/2020","2.753","2.740","2.753","2.726","-0.74%"
"09/25/2020","2.773","2.775","2.775","2.747","1.54%"
"09/24/2020","2.731","2.757","2.757","2.723","-0.58%"
"09/23/2020","2.747","2.755","2.755","2.715","0.07%"
"09/22/2020","2.745","2.738","2.745","2.708","-0.04%"
"09/21/2020","2.746","2.820","2.820","2.728","0.29%"
"09/18/2020","2.738","2.770","2.770","2.738","0.44%"
"09/17/2020","2.726","2.755","2.755","2.725","-0.80%"
"09/16/2020","2.748","2.773","2.773","2.748","-0.79%"
"09/15/2020","2.770","2.850","2.850","2.770","-0.72%"
"09/14/2020","2.790","2.825","2.825","2.790","0.43%"
"09/11/2020","2.778","2.805","2.805","2.778","0.40%"
"09/10/2020","2.767","2.845","2.845","2.767","-1.53%"
"09/09/2020","2.810","2.850","2.850","2.810","-0.71%"
"09/08/2020","2.830","2.823","2.835","2.823","0.71%"
"09/07/2020","2.810","2.845","2.845","2.805","2.18%"
"09/05/2020","2.750","2.750","2.750","2.750","-1.19%"
"09/04/2020","2.783","2.763","2.783","2.760","1.20%"
"09/03/2020","2.750","2.770","2.770","2.750","2.23%"
"09/02/2020","2.690","2.693","2.693","2.678","0.04%"
"09/01/2020","2.689","2.703","2.708","2.689","-0.96%"
"08/31/2020","2.715","2.750","2.750","2.715","0.63%"
"08/28/2020","2.698","2.705","2.705","2.697","0.86%"
"08/27/2020","2.675","2.657","2.675","2.642","1.52%"
"08/26/2020","2.635","2.615","2.635","2.615","1.54%"
"08/25/2020","2.595","2.593","2.595","2.578","0.27%"
"08/24/2020","2.588","2.595","2.595","2.588","0.35%"
"08/21/2020","2.579","2.593","2.593","2.575","-1.19%"
"08/20/2020","2.610","2.655","2.655","2.600","2.35%"
"08/19/2020","2.550","2.565","2.565","2.550","0.39%"
"08/18/2020","2.540","2.578","2.578","2.540","-1.05%"
"08/17/2020","2.567","2.620","2.620","2.567","-0.81%"
"08/14/2020","2.588","2.598","2.598","2.576","0.31%"
"08/13/2020","2.580","2.638","2.638","2.573","1.30%"
"08/12/2020","2.547","2.595","2.598","2.547","0.28%"
"08/11/2020","2.540","2.585","2.585","2.540","0.04%"
"08/10/2020","2.539","2.650","2.650","2.539","-0.31%"
"08/07/2020","2.547","2.580","2.580","2.537","2.17%"
"08/06/2020","2.493","2.503","2.505","2.493","0.32%"
"08/05/2020","2.485","2.505","2.505","2.478","0.89%"
"08/04/2020","2.463","2.550","2.550","2.463","0.53%"
"08/03/2020","2.450","2.500","2.500","2.450","0.70%"
"07/31/2020","2.433","2.460","2.460","2.433","0.95%"
"07/30/2020","2.410","2.450","2.450","2.410","0.29%"
"07/29/2020","2.403","2.400","2.403","2.393","1.48%"
"07/28/2020","2.368","2.450","2.450","2.368","0.81%"
"07/27/2020","2.349","2.410","2.410","2.340","-0.04%"
"07/24/2020","2.350","2.400","2.400","2.340","0.30%"
"07/23/2020","2.343","2.420","2.430","2.335","-1.97%"
"07/22/2020","2.390","2.470","2.470","2.390","-0.13%"
"07/21/2020","2.393","2.435","2.435","2.393","-0.54%"
"07/20/2020","2.406","2.450","2.450","2.406","-0.17%"
"07/17/2020","2.410","2.445","2.445","2.410","0.12%"
"07/16/2020","2.407","2.450","2.470","2.407","-2.15%"
"07/15/2020","2.460","2.530","2.530","2.450","-0.36%"
"07/14/2020","2.469","2.500","2.500","2.469","-0.76%"
"07/13/2020","2.488","2.500","2.500","2.460","3.67%"
"07/11/2020","2.400","2.400","2.400","2.400","-1.76%"
"07/10/2020","2.443","2.500","2.500","2.443","-0.89%"
"07/09/2020","2.465","2.445","2.475","2.445","2.92%"
"07/08/2020","2.395","2.440","2.440","2.390","0.34%"
"07/07/2020","2.387","2.375","2.405","2.360","1.36%"
"07/06/2020","2.355","2.325","2.355","2.300","5.37%"
"07/03/2020","2.235","2.325","2.325","2.235","0.09%"
"07/02/2020","2.233","2.325","2.325","2.228","-0.53%"
"07/01/2020","2.245","2.325","2.325","2.235","-0.53%"
"06/30/2020","2.257","2.288","2.293","2.257","0.18%"
"06/29/2020","2.253","2.310","2.310","2.253","0.92%"
"06/28/2020","2.233","2.240","2.245","2.233","-2.72%"
"06/24/2020","2.295","2.380","2.380","2.293","-2.34%"
"06/23/2020","2.350","2.369","2.390","2.340","1.21%"
"06/22/2020","2.322","2.358","2.358","2.319","0.96%"
"06/19/2020","2.300","2.351","2.351","2.293","0.74%"
"06/18/2020","2.283","2.283","2.297","2.283","0.13%"
"06/17/2020","2.280","2.275","2.283","2.262","1.20%"
"06/16/2020","2.253","2.290","2.290","2.253","2.41%"
"06/15/2020","2.200","2.200","2.205","2.190","-0.32%"
"06/12/2020","2.207","2.230","2.230","2.200","-1.03%"
"06/11/2020","2.230","2.240","2.247","2.230","0.00%"
"06/10/2020","2.230","2.220","2.243","2.220","1.73%"
"06/09/2020","2.192","2.215","2.215","2.192","-0.95%"
"06/08/2020","2.213","2.220","2.250","2.200","0.14%"
"06/05/2020","2.210","2.180","2.260","2.180","2.08%"
"06/04/2020","2.165","2.060","2.180","2.060","4.34%"
"06/03/2020","2.075","1.939","2.075","1.939","10.37%"
"06/02/2020","1.880","1.873","1.880","1.870","2.01%"
"06/01/2020","1.843","1.880","1.880","1.823","0.16%"
"05/29/2020","1.840","1.860","1.860","1.840","0.55%"
"05/28/2020","1.830","1.778","1.840","1.760","2.81%"
"05/27/2020","1.780","1.730","1.827","1.730","3.79%"
"05/26/2020","1.715","1.655","1.717","1.648","4.38%"
"05/25/2020","1.643","1.663","1.663","1.626","1.86%"
"05/22/2020","1.613","1.675","1.675","1.613","-2.30%"
"05/21/2020","1.651","1.648","1.652","1.641","1.48%"
"05/20/2020","1.627","1.600","1.630","1.583","2.33%"
"05/19/2020","1.590","1.580","1.590","1.575","3.05%"
"05/18/2020","1.543","1.560","1.560","1.537","0.39%"
"05/15/2020","1.537","1.543","1.543","1.537","0.52%"
"05/14/2020","1.529","1.525","1.532","1.515","2.07%"
"05/13/2020","1.498","1.550","1.550","1.490","-1.45%"
"05/12/2020","1.520","1.485","1.520","1.473","4.11%"
"05/11/2020","1.460","1.480","1.500","1.460","3.00%"
"05/09/2020","1.418","1.418","1.418","1.418","-1.22%"
"05/08/2020","1.435","1.430","1.435","1.430","2.50%"
"05/07/2020","1.400","1.395","1.415","1.395","0.72%"
"05/06/2020","1.390","1.400","1.424","1.387","4.51%"
"05/04/2020","1.330","1.330","1.330","1.330","0.38%"
"04/30/2020","1.325","1.320","1.325","1.320","-2.57%"
"04/29/2020","1.360","1.397","1.397","1.360","-2.02%"
"04/28/2020","1.388","1.395","1.397","1.375","0.43%"
"04/27/2020","1.382","1.400","1.403","1.380","3.25%"
"04/26/2020","1.339","1.325","1.340","1.320","-0.63%"
"04/24/2020","1.347","1.362","1.362","1.347","0.52%"
"04/23/2020","1.340","1.402","1.402","1.340","-3.32%"
"04/22/2020","1.386","1.465","1.465","1.386","-5.39%"
"04/21/2020","1.465","1.530","1.553","1.465","-4.68%"
"04/20/2020","1.537","1.550","1.550","1.495","-0.84%"
"04/17/2020","1.550","1.563","1.573","1.550","-1.90%"
"04/16/2020","1.580","1.563","1.583","1.560","0.89%"
"04/15/2020","1.566","1.560","1.574","1.538","-1.51%"
"04/14/2020","1.590","1.635","1.635","1.570","-3.17%"
"04/13/2020","1.642","1.610","1.645","1.610","2.18%"
"04/10/2020","1.607","1.590","1.617","1.585","2.03%"
"04/09/2020","1.575","1.573","1.590","1.557","-0.94%"
"04/08/2020","1.590","1.720","1.720","1.590","-11.67%"
"04/07/2020","1.800","1.925","1.925","1.800","-4.00%"
"04/06/2020","1.875","1.867","1.875","1.854","-3.70%"
"04/03/2020","1.947","1.877","1.947","1.877","-1.91%"
"04/02/2020","1.985","1.985","1.985","1.985","0.40%"
"04/01/2020","1.977","2.010","2.010","1.967","-0.05%"
"03/31/2020","1.978","2.012","2.013","1.964","-0.65%"
"03/30/2020","1.991","2.010","2.010","1.988","-0.99%"
"03/27/2020","2.011","2.036","2.036","2.004","-1.32%"
"03/26/2020","2.038","2.040","2.080","2.011","-3.55%"
"03/25/2020","2.113","2.165","2.165","2.113","0.00%"
"03/24/2020","2.113","2.195","2.195","2.113","-4.26%"
"03/23/2020","2.207","2.259","2.259","2.194","-1.16%"
"03/20/2020","2.233","2.255","2.255","2.233","0.45%"
"03/19/2020","2.223","2.257","2.257","2.200","-1.46%"
"03/18/2020","2.256","2.310","2.310","2.255","0.85%"
"03/17/2020","2.237","2.240","2.252","2.237","0.63%"
"03/16/2020","2.223","2.200","2.223","2.200","-1.02%"
"03/13/2020","2.246","2.250","2.250","2.223","1.31%"
"03/12/2020","2.217","2.265","2.265","2.214","-1.64%"
"03/11/2020","2.254","2.290","2.290","2.233","1.49%"
"03/10/2020","2.221","2.203","2.226","2.201","1.60%"
"03/09/2020","2.186","2.273","2.273","2.186","-4.46%"
"03/06/2020","2.288","2.338","2.338","2.282","-0.82%"
"03/05/2020","2.307","2.350","2.350","2.307","-0.82%"
"03/04/2020","2.326","2.358","2.358","2.326","-1.36%"
"03/03/2020","2.358","2.383","2.383","2.358","0.43%"
"03/02/2020","2.348","2.375","2.375","2.341","-0.51%"
"02/28/2020","2.360","2.400","2.400","2.357","-1.01%"
"02/27/2020","2.384","2.397","2.397","2.380","0.29%"
"02/26/2020","2.377","2.420","2.420","2.375","-1.65%"
"02/25/2020","2.417","2.449","2.449","2.417","0.08%"
"02/24/2020","2.415","2.410","2.415","2.402","0.50%"
"02/21/2020","2.403","2.421","2.421","2.403","0.42%"
"02/20/2020","2.393","2.406","2.406","2.390","0.00%"
"02/19/2020","2.393","2.386","2.401","2.386","0.93%"
"02/18/2020","2.371","2.361","2.371","2.361","-1.00%"
"02/17/2020","2.395","2.360","2.395","2.355","1.05%"
"02/14/2020","2.370","2.370","2.370","2.370","0.64%"
"02/13/2020","2.355","2.370","2.370","2.350","-1.17%"
"02/12/2020","2.383","2.370","2.400","2.370","0.34%"
"02/11/2020","2.375","2.350","2.375","2.350","0.21%"
"02/10/2020","2.370","2.401","2.401","2.370","-1.25%"
"02/07/2020","2.400","2.457","2.457","2.400","-2.32%"
"02/06/2020","2.457","2.544","2.544","2.439","-1.52%"
"02/05/2020","2.495","2.541","2.541","2.469","-0.12%"
"02/04/2020","2.498","2.488","2.541","2.488","0.73%"
"02/03/2020","2.480","2.480","2.480","2.480","-2.55%"
"01/23/2020","2.545","2.570","2.570","2.545","-1.32%"
"01/22/2020","2.579","2.603","2.603","2.579","-1.38%"
"01/21/2020","2.615","2.615","2.615","2.590","0.19%"
"01/20/2020","2.610","2.612","2.626","2.610","2.03%"
"01/19/2020","2.558","2.520","2.580","2.520","-2.25%"
"01/17/2020","2.617","2.630","2.630","2.610","0.00%"
"01/16/2020","2.617","2.642","2.642","2.617","-0.46%"
"01/15/2020","2.629","2.638","2.638","2.615","0.23%"
"01/14/2020","2.623","2.635","2.635","2.623","0.11%"
"01/13/2020","2.620","2.615","2.628","2.612","0.38%"
"01/10/2020","2.610","2.620","2.620","2.610","0.27%"
"01/09/2020","2.603","2.625","2.625","2.594","-0.38%"
"01/08/2020","2.613","2.694","2.694","2.613","-1.40%"
"01/07/2020","2.650","2.660","2.660","2.640","-0.38%"
"01/06/2020","2.660","2.670","2.680","2.660","-0.04%"
"01/03/2020","2.661","2.665","2.668","2.653","-0.26%"
"01/02/2020","2.668","2.680","2.680","2.655","-2.81%"
"12/31/2019","2.745","2.745","2.745","2.745","1.33%"
"12/30/2019","2.709","2.717","2.717","2.693","-0.33%"
"12/27/2019","2.718","2.725","2.738","2.718","0.11%"
"12/26/2019","2.715","2.772","2.772","2.710","-1.31%"
"12/25/2019","2.751","2.776","2.776","2.751","0.11%"
"12/24/2019","2.748","2.799","2.799","2.748","-1.12%"
"12/23/2019","2.779","2.795","2.827","2.776","-0.36%"
"12/20/2019","2.789","2.820","2.820","2.783","-0.14%"
"12/19/2019","2.793","2.825","2.825","2.787","-0.60%"
"12/18/2019","2.810","2.826","2.831","2.810","0.43%"
"12/17/2019","2.798","2.803","2.807","2.780","-0.39%"
"12/16/2019","2.809","2.845","2.845","2.808","0.93%"
"12/13/2019","2.783","2.849","2.849","2.783","-2.14%"
"12/12/2019","2.844","2.844","2.844","2.844","1.57%"
"12/11/2019","2.800","2.843","2.849","2.800","-0.46%"
"12/10/2019","2.813","2.900","2.900","2.805","-0.57%"
"12/09/2019","2.829","2.848","2.848","2.829","1.29%"
"12/06/2019","2.793","2.834","2.834","2.793","-0.50%"
"12/05/2019","2.807","2.848","2.848","2.807","-0.18%"
"12/04/2019","2.812","2.848","2.848","2.806","-0.04%"
"12/03/2019","2.813","2.831","2.835","2.813","-0.11%"
"12/02/2019","2.816","2.843","2.843","2.816","1.00%"
"11/29/2019","2.788","2.800","2.800","2.783","-0.25%"
"11/28/2019","2.795","2.812","2.812","2.783","0.18%"
"11/27/2019","2.790","2.810","2.810","2.790","0.00%"
"11/26/2019","2.790","2.814","2.814","2.790","0.07%"
"11/25/2019","2.788","2.825","2.825","2.788","0.14%"
"11/22/2019","2.784","2.815","2.815","2.784","0.65%"
"11/21/2019","2.766","2.821","2.843","2.766","-0.86%"
"11/20/2019","2.790","2.845","2.845","2.790","-1.55%"
"11/19/2019","2.834","2.861","2.861","2.823","-1.60%"
"11/18/2019","2.880","2.900","2.900","2.880","1.48%"
"11/15/2019","2.838","2.872","2.872","2.834","-1.46%"
"11/14/2019","2.880","2.886","2.886","2.838","0.81%"
"11/13/2019","2.857","2.896","2.896","2.857","-0.38%"
"11/12/2019","2.868","2.900","2.900","2.868","0.28%"
"11/11/2019","2.860","2.855","2.885","2.848","-0.87%"
"11/08/2019","2.885","2.890","2.892","2.885","0.63%"
"11/07/2019","2.867","2.899","2.910","2.867","-0.07%"
"11/06/2019","2.869","2.908","2.908","2.869","-0.90%"
"11/05/2019","2.895","2.908","2.908","2.880","0.35%"
"11/04/2019","2.885","2.910","2.910","2.885","0.28%"
"11/01/2019","2.877","2.908","2.908","2.877","-0.72%"
"10/31/2019","2.898","2.935","2.935","2.898","1.33%"
"10/30/2019","2.860","2.843","2.860","2.833","1.10%"
"10/29/2019","2.829","2.837","2.837","2.821","0.53%"
"10/28/2019","2.814","2.842","2.842","2.806","-0.07%"
"10/25/2019","2.816","2.825","2.825","2.813","0.39%"
"10/24/2019","2.805","2.828","2.828","2.805","0.11%"
"10/23/2019","2.802","2.813","2.813","2.793","0.25%"
"10/22/2019","2.795","2.818","2.818","2.793","0.54%"
"10/21/2019","2.780","2.838","2.838","2.773","-0.36%"
"10/18/2019","2.790","2.811","2.811","2.780","0.18%"
"10/17/2019","2.785","2.801","2.801","2.785","0.58%"
"10/16/2019","2.769","2.795","2.795","2.764","0.07%"
"10/15/2019","2.767","2.784","2.784","2.766","0.44%"
"10/14/2019","2.755","2.798","2.798","2.755","0.15%"
"10/12/2019","2.751","2.781","2.781","2.751","-0.07%"
"10/11/2019","2.753","2.777","2.777","2.753","-0.07%"
"10/10/2019","2.755","2.792","2.792","2.755","-0.58%"
"10/09/2019","2.771","2.806","2.806","2.771","-0.86%"
"10/08/2019","2.795","2.791","2.795","2.791","1.01%"
"09/30/2019","2.767","2.814","2.814","2.767","-0.32%"
"09/29/2019","2.776","2.806","2.806","2.776","0.43%"
"09/27/2019","2.764","2.774","2.774","2.761","0.11%"
"09/26/2019","2.761","2.770","2.770","2.752","0.22%"
"09/25/2019","2.755","2.766","2.766","2.751","0.33%"
"09/24/2019","2.746","2.768","2.768","2.746","-0.11%"
"09/23/2019","2.749","2.798","2.798","2.749","2.92%"
"09/20/2019","2.671","2.682","2.682","2.656","-0.74%"
"09/19/2019","2.691","2.703","2.703","2.691","-0.33%"
"09/18/2019","2.700","2.700","2.700","2.700","0.90%"
"09/17/2019","2.676","2.697","2.697","2.676","-0.26%"
"09/16/2019","2.683","2.734","2.734","2.683","-0.26%"
"09/12/2019","2.690","2.690","2.690","2.690","0.00%"
"09/11/2019","2.690","2.690","2.690","2.690","0.00%"
"09/10/2019","2.690","2.680","2.690","2.680","-0.37%"
"09/09/2019","2.700","2.700","2.700","2.700","2.08%"
"09/06/2019","2.645","2.640","2.645","2.640","-0.94%"
"09/05/2019","2.670","2.709","2.709","2.667","-0.26%"
"09/04/2019","2.677","2.694","2.694","2.677","0.34%"
"09/03/2019","2.668","2.681","2.681","2.668","0.57%"
"09/02/2019","2.653","2.659","2.659","2.650","-0.79%"
"08/30/2019","2.674","2.688","2.688","2.674","0.15%"
"08/29/2019","2.670","2.640","2.670","2.640","0.34%"
"08/28/2019","2.661","2.684","2.684","2.661","1.41%"
"08/27/2019","2.624","2.639","2.639","2.624","-0.11%"
"08/26/2019","2.627","2.644","2.644","2.627","-1.24%"
"08/23/2019","2.660","2.620","2.660","2.620","0.08%"
"08/22/2019","2.658","2.654","2.658","2.637","0.04%"
"08/21/2019","2.657","2.651","2.657","2.635","0.23%"
"08/20/2019","2.651","2.653","2.653","2.637","0.53%"
"08/19/2019","2.637","2.654","2.654","2.637","-0.98%"
"08/16/2019","2.663","2.658","2.663","2.644","0.30%"
"08/15/2019","2.655","2.646","2.655","2.633","0.04%"
"08/14/2019","2.654","2.668","2.668","2.654","0.53%"
"08/13/2019","2.640","2.640","2.640","2.640","0.19%"
"08/12/2019","2.635","2.649","2.649","2.635","-2.04%"
"08/09/2019","2.690","2.700","2.700","2.690","-0.74%"
"08/08/2019","2.710","2.710","2.710","2.710","-0.70%"
"08/07/2019","2.729","2.729","2.729","2.729","-0.11%"
"08/06/2019","2.732","2.764","2.764","2.732","-1.37%"
"08/05/2019","2.770","2.770","2.770","2.770","-0.07%"
"08/02/2019","2.772","2.794","2.794","2.772","-0.40%"
"08/01/2019","2.783","2.802","2.802","2.783","0.22%"
"07/31/2019","2.777","2.804","2.804","2.777","-0.29%"
"07/30/2019","2.785","2.800","2.800","2.785","-0.54%"
"07/29/2019","2.800","2.800","2.800","2.800","0.72%"
"07/26/2019","2.780","2.800","2.800","2.780","-0.43%"
"07/25/2019","2.792","2.809","2.814","2.792","0.32%"
"07/24/2019","2.783","2.799","2.799","2.783","0.00%"
"07/23/2019","2.783","2.770","2.794","2.770","0.11%"
"07/22/2019","2.780","2.780","2.780","2.770","-0.96%"
"07/19/2019","2.807","2.820","2.820","2.803","-0.57%"
"07/18/2019","2.823","2.812","2.823","2.812","0.28%"
"07/17/2019","2.815","2.813","2.819","2.813","0.11%"
"07/16/2019","2.812","2.813","2.813","2.812","-0.07%"
"07/15/2019","2.814","2.830","2.830","2.814","0.00%"
"07/12/2019","2.814","2.811","2.814","2.811","0.64%"
"07/11/2019","2.796","2.795","2.803","2.790","-0.21%"
"07/10/2019","2.802","2.815","2.815","2.802","0.00%"
"07/09/2019","2.802","2.819","2.819","2.802","0.43%"
"07/08/2019","2.790","2.790","2.790","2.790","0.00%"
"07/05/2019","2.790","2.775","2.790","2.775","0.65%"
"07/04/2019","2.772","2.802","2.802","2.772","-1.04%"
"07/03/2019","2.801","2.825","2.825","2.801","-0.36%"
"07/02/2019","2.811","2.833","2.833","2.811","-0.39%"
"07/01/2019","2.822","2.838","2.838","2.822","-0.39%"
"06/28/2019","2.833","2.825","2.833","2.825","0.46%"
"06/27/2019","2.820","2.823","2.823","2.817","-0.07%"
"06/26/2019","2.822","2.841","2.843","2.822","-0.74%"
"06/25/2019","2.843","2.839","2.843","2.820","0.32%"
"06/24/2019","2.834","2.820","2.834","2.820","0.14%"
"06/21/2019","2.830","2.859","2.859","2.830","-0.70%"
"06/20/2019","2.850","2.855","2.856","2.840","-0.18%"
"06/19/2019","2.855","2.860","2.860","2.855","-1.01%"
"06/18/2019","2.884","2.904","2.904","2.881","-0.65%"
"06/17/2019","2.903","2.900","2.912","2.893","-0.45%"
"06/14/2019","2.916","2.935","2.935","2.900","0.55%"
"06/13/2019","2.900","2.846","2.900","2.846","1.86%"
"06/12/2019","2.847","2.857","2.880","2.847","0.21%"
"06/11/2019","2.841","2.822","2.841","2.803","1.65%"
"06/10/2019","2.795","2.800","2.800","2.795","0.00%"
"06/06/2019","2.795","2.790","2.795","2.787","0.18%"
"06/05/2019","2.790","2.800","2.800","2.790","-0.46%"
"06/04/2019","2.803","2.809","2.809","2.803","-0.46%"
"06/03/2019","2.816","2.820","2.824","2.816","-0.78%"
"05/31/2019","2.838","2.855","2.878","2.838","-0.11%"
"05/30/2019","2.841","2.853","2.853","2.828","-0.32%"
"05/29/2019","2.850","2.896","2.896","2.850","-1.38%"
"05/28/2019","2.890","2.875","2.890","2.870","0.98%"
"05/27/2019","2.862","2.900","2.900","2.859","-0.52%"
"05/24/2019","2.877","2.913","2.913","2.877","-0.83%"
"05/23/2019","2.901","2.895","2.901","2.883","0.83%"
"05/22/2019","2.877","2.901","2.901","2.877","-0.69%"
"05/21/2019","2.897","2.916","2.916","2.890","-0.21%"
"05/20/2019","2.903","2.900","2.913","2.900","0.28%"
"05/17/2019","2.895","2.896","2.896","2.882","0.28%"
"05/16/2019","2.887","2.879","2.892","2.879","-0.03%"
"05/15/2019","2.888","2.876","2.895","2.875","0.21%"
"05/14/2019","2.882","2.892","2.892","2.882","-0.35%"
"05/13/2019","2.892","2.898","2.899","2.892","0.66%"
"05/10/2019","2.873","2.897","2.897","2.873","-0.42%"
"05/09/2019","2.885","2.885","2.897","2.885","0.42%"
"05/08/2019","2.873","2.870","2.885","2.870","0.35%"
"05/07/2019","2.863","2.905","2.905","2.863","-0.24%"
"05/06/2019","2.870","2.850","2.880","2.850","-1.81%"
"04/30/2019","2.923","2.920","2.930","2.920","0.90%"
"04/29/2019","2.897","2.913","2.913","2.890","-0.55%"
"04/28/2019","2.913","2.920","2.920","2.913","0.00%"
"04/26/2019","2.913","2.937","2.937","2.913","-1.35%"
"04/25/2019","2.953","2.957","2.957","2.950","0.10%"
"04/24/2019","2.950","2.942","2.957","2.942","-0.07%"
"04/23/2019","2.952","2.930","2.952","2.930","1.13%"
"04/22/2019","2.919","2.928","2.928","2.909","-0.38%"
"04/19/2019","2.930","2.950","2.950","2.923","-0.54%"
"04/18/2019","2.946","2.935","2.946","2.927","0.37%"
"04/17/2019","2.935","2.952","2.952","2.932","-0.17%"
"04/16/2019","2.940","2.926","2.953","2.926","0.24%"
"04/15/2019","2.933","2.980","2.980","2.920","0.55%"
"04/12/2019","2.917","2.863","2.919","2.863","0.48%"
"04/11/2019","2.903","2.816","2.929","2.816","4.54%"
"04/10/2019","2.777","2.757","2.777","2.757","0.80%"
"04/09/2019","2.755","2.663","2.755","2.663","3.45%"
"04/08/2019","2.663","2.650","2.685","2.650","0.57%"
"04/04/2019","2.648","2.636","2.655","2.636","0.46%"
"04/03/2019","2.636","2.604","2.636","2.604","0.61%"
"04/02/2019","2.620","2.623","2.623","2.607","-0.11%"
"04/01/2019","2.623","2.670","2.670","2.623","0.77%"
"03/29/2019","2.603","2.657","2.657","2.603","-1.21%"
"03/28/2019","2.635","2.638","2.641","2.635","-0.23%"
"03/27/2019","2.641","2.661","2.661","2.641","0.00%"
"03/26/2019","2.641","2.645","2.661","2.641","-0.60%"
"03/25/2019","2.657","2.690","2.690","2.645","-3.84%"
"03/22/2019","2.763","2.777","2.777","2.763","-1.39%"
"03/21/2019","2.802","2.805","2.805","2.791","0.43%"
"03/20/2019","2.790","2.769","2.803","2.769","0.65%"
"03/19/2019","2.772","2.780","2.780","2.753","-0.89%"
"03/18/2019","2.797","2.790","2.797","2.775","-1.17%"
"03/15/2019","2.830","2.830","2.830","2.830","1.87%"
"03/14/2019","2.778","2.789","2.789","2.774","-0.50%"
"03/13/2019","2.792","2.785","2.792","2.779","0.25%"
"03/12/2019","2.785","2.768","2.785","2.768","0.40%"
"03/11/2019","2.774","2.785","2.789","2.774","-0.75%"
"03/08/2019","2.795","2.798","2.798","2.795","0.00%"
"03/07/2019","2.795","2.778","2.798","2.778","1.05%"
"03/06/2019","2.766","2.757","2.776","2.757","0.51%"
"03/05/2019","2.752","2.763","2.763","2.742","-0.40%"
"03/04/2019","2.763","2.790","2.800","2.752","0.36%"
"03/01/2019","2.753","2.746","2.760","2.743","0.77%"
"02/28/2019","2.732","2.736","2.739","2.729","0.07%"
"02/27/2019","2.730","2.760","2.760","2.723","1.19%"
"02/26/2019","2.698","2.716","2.716","2.698","0.07%"
"02/25/2019","2.696","2.700","2.700","2.684","3.61%"
"02/22/2019","2.602","2.591","2.609","2.591","0.31%"
"02/21/2019","2.594","2.616","2.616","2.594","-1.71%"
"02/20/2019","2.639","2.643","2.648","2.639","0.27%"
"02/19/2019","2.632","2.645","2.645","2.632","-0.04%"
"02/18/2019","2.633","2.620","2.633","2.620","0.34%"
"02/15/2019","2.624","2.624","2.624","2.624","-0.49%"
"02/14/2019","2.637","2.663","2.663","2.600","0.15%"
"02/13/2019","2.633","2.660","2.665","2.633","-0.42%"
"02/12/2019","2.644","2.651","2.651","2.641","0.49%"
"02/11/2019","2.631","2.640","2.659","2.631","-0.72%"
"02/02/2019","2.650","2.650","2.650","2.650","-1.16%"
"02/01/2019","2.681","2.702","2.702","2.681","-0.70%"
"01/31/2019","2.700","2.719","2.719","2.700","-0.59%"
"01/30/2019","2.716","2.733","2.733","2.716","1.42%"
"01/29/2019","2.678","2.640","2.697","2.640","1.98%"
"01/28/2019","2.626","2.636","2.636","2.623","-0.11%"
"01/25/2019","2.629","2.648","2.648","2.629","-0.34%"
"01/24/2019","2.638","2.644","2.651","2.638","0.00%"
"01/23/2019","2.638","2.651","2.651","2.638","-0.57%"
"01/22/2019","2.653","2.622","2.664","2.622","2.27%"
"01/21/2019","2.594","2.602","2.602","2.594","0.19%"
"01/18/2019","2.589","2.611","2.611","2.588","-1.45%"
"01/17/2019","2.627","2.664","2.664","2.627","-2.27%"
"01/16/2019","2.688","2.684","2.688","2.674","0.15%"
"01/15/2019","2.684","2.686","2.692","2.684","0.49%"
"01/14/2019","2.671","2.684","2.684","2.667","0.60%"
"01/11/2019","2.655","2.675","2.675","2.655","0.34%"
"01/10/2019","2.646","2.627","2.657","2.627","0.49%"
"01/09/2019","2.633","2.650","2.650","2.625","-1.94%"
"01/08/2019","2.685","2.720","2.720","2.685","-1.65%"
"01/07/2019","2.730","2.740","2.740","2.730","-0.80%"
"01/04/2019","2.752","2.752","2.752","2.752","-0.72%"
"01/03/2019","2.772","2.783","2.783","2.772","-1.49%"
"01/02/2019","2.814","2.819","2.819","2.814","-2.87%"
"12/28/2018","2.897","2.897","2.897","2.897","-0.38%"
"12/27/2018","2.908","2.925","2.925","2.908","-1.49%"
"12/26/2018","2.952","2.960","2.962","2.952","0.51%"
"12/25/2018","2.937","2.950","2.960","2.937","0.55%"
"12/24/2018","2.921","2.936","2.938","2.921","-1.18%"
"12/20/2018","2.956","2.983","2.983","2.956","5.31%"
"12/19/2018","2.807","2.832","2.832","2.807","-0.07%"
"12/18/2018","2.809","2.830","2.830","2.809","0.61%"
"12/17/2018","2.792","2.808","2.809","2.792","1.34%"
"12/14/2018","2.755","2.760","2.760","2.755","-0.22%"
"12/13/2018","2.761","2.783","2.783","2.761","-0.54%"
"12/12/2018","2.776","2.795","2.795","2.776","-0.50%"
"12/11/2018","2.790","2.790","2.790","2.785","0.87%"
"12/10/2018","2.766","2.750","2.766","2.750","-0.93%"
"12/07/2018","2.792","2.802","2.802","2.784","-0.36%"
"12/06/2018","2.802","2.790","2.809","2.790","-1.99%"
"12/05/2018","2.859","2.836","2.859","2.829","1.24%"
"12/04/2018","2.824","2.750","2.832","2.750","-0.91%"
"12/03/2018","2.850","2.860","2.860","2.850","0.46%"
"11/30/2018","2.837","2.844","2.851","2.837","0.07%"
"11/29/2018","2.835","2.860","2.860","2.835","-0.98%"
"11/28/2018","2.863","2.886","2.886","2.863","-0.45%"
"11/27/2018","2.876","2.887","2.887","2.876","-0.03%"
"11/26/2018","2.877","2.880","2.887","2.877","0.35%"
"11/23/2018","2.867","2.875","2.875","2.860","-0.17%"
"11/22/2018","2.872","2.900","2.900","2.872","-0.83%"
"11/21/2018","2.896","2.898","2.906","2.896","0.80%"
"11/20/2018","2.873","2.897","2.897","2.873","0.45%"
"11/19/2018","2.860","2.881","2.881","2.860","0.53%"
"11/16/2018","2.845","2.850","2.850","2.845","-1.15%"
"11/15/2018","2.878","2.916","2.916","2.878","-0.76%"
"11/14/2018","2.900","2.915","2.915","2.880","-0.55%"
"11/13/2018","2.916","2.935","2.935","2.916","-1.72%"
"11/12/2018","2.967","3.000","3.000","2.967","0.13%"
"11/09/2018","2.963","2.984","2.984","2.963","-0.87%"
"11/08/2018","2.989","3.055","3.055","2.989","-1.26%"
"11/07/2018","3.027","3.055","3.055","3.027","-0.92%"
"11/06/2018","3.055","3.066","3.066","3.055","-0.42%"
"11/05/2018","3.068","3.100","3.150","3.068","-0.07%"
"11/02/2018","3.070","3.066","3.074","3.066","0.16%"
"11/01/2018","3.065","3.072","3.075","3.065","-0.33%"
"10/31/2018","3.075","3.086","3.086","3.067","-0.36%"
"10/30/2018","3.086","3.107","3.107","3.085","-0.87%"
"10/29/2018","3.113","3.110","3.117","3.110","-0.10%"
"10/26/2018","3.116","3.127","3.127","3.105","-0.13%"
"10/25/2018","3.120","3.115","3.123","3.115","-0.41%"
"10/24/2018","3.133","3.152","3.152","3.133","-0.82%"
"10/23/2018","3.159","3.165","3.165","3.152","0.13%"
"10/22/2018","3.155","3.160","3.165","3.155","-0.63%"
"10/19/2018","3.175","3.183","3.183","3.170","-0.09%"
"10/18/2018","3.178","3.173","3.187","3.171","0.35%"
"10/17/2018","3.167","3.175","3.178","3.167","-0.25%"
"10/16/2018","3.175","3.176","3.176","3.173","-0.03%"
"10/15/2018","3.176","3.170","3.176","3.170","0.22%"
"10/12/2018","3.169","3.202","3.202","3.165","-0.78%"
"10/11/2018","3.194","3.207","3.207","3.194","-0.03%"
"10/10/2018","3.195","3.235","3.235","3.195","-1.11%"
"10/09/2018","3.231","3.241","3.241","3.231","-0.06%"
"10/08/2018","3.233","3.230","3.241","3.230","-0.52%"
"09/30/2018","3.250","3.265","3.265","3.250","-0.76%"
"09/29/2018","3.275","3.289","3.289","3.270","-0.61%"
"09/28/2018","3.295","3.303","3.303","3.295","-0.12%"
"09/27/2018","3.299","3.311","3.311","3.299","-0.48%"
"09/26/2018","3.315","3.331","3.331","3.315","-0.48%"
"09/25/2018","3.331","3.330","3.336","3.330","-0.24%"
"09/21/2018","3.339","3.325","3.342","3.325","0.27%"
"09/20/2018","3.330","3.307","3.330","3.300","1.34%"
"09/19/2018","3.286","3.302","3.302","3.286","-0.51%"
"09/18/2018","3.303","3.299","3.303","3.299","-0.18%"
"09/17/2018","3.309","3.320","3.320","3.309","2.45%"
"09/14/2018","3.230","3.235","3.238","3.230","0.09%"
"09/13/2018","3.227","3.220","3.252","3.220","1.48%"
"09/12/2018","3.180","3.195","3.195","3.180","0.22%"
"09/11/2018","3.173","3.182","3.189","3.173","0.35%"
"09/10/2018","3.162","3.210","3.210","3.162","-0.32%"
"09/07/2018","3.172","3.193","3.193","3.172","0.44%"
"09/06/2018","3.158","3.183","3.185","3.158","-0.22%"
"09/05/2018","3.165","3.183","3.197","3.165","0.03%"
"09/04/2018","3.164","3.175","3.180","3.164","0.48%"
"09/03/2018","3.149","3.165","3.165","3.149","0.00%"
"08/31/2018","3.149","3.167","3.167","3.149","-0.41%"
"08/30/2018","3.162","3.166","3.166","3.162","-0.13%"
"08/29/2018","3.166","3.174","3.178","3.166","0.19%"
"08/28/2018","3.160","3.164","3.183","3.160","0.60%"
"08/27/2018","3.141","3.190","3.190","3.141","-0.91%"
"08/24/2018","3.170","3.207","3.207","3.170","-0.56%"
"08/23/2018","3.188","3.213","3.213","3.188","-1.36%"
"08/22/2018","3.232","3.209","3.258","3.209","2.60%"
"08/21/2018","3.150","3.149","3.153","3.149","-0.10%"
"08/20/2018","3.153","3.160","3.161","3.153","2.87%"
"08/17/2018","3.065","3.080","3.080","3.065","0.16%"
"08/16/2018","3.060","3.070","3.070","3.060","0.16%"
"08/15/2018","3.055","3.070","3.070","3.055","0.76%"
"08/14/2018","3.032","3.027","3.047","3.027","1.61%"
"08/13/2018","2.984","2.990","2.990","2.979","0.44%"
"08/10/2018","2.971","2.980","2.982","2.971","3.27%"
"08/09/2018","2.877","2.882","2.882","2.877","0.84%"
"08/08/2018","2.853","2.830","2.853","2.830","-1.48%"
"08/07/2018","2.896","2.960","2.960","2.896","-2.26%"
"08/06/2018","2.963","3.000","3.000","2.963","-0.74%"
"08/03/2018","2.985","2.994","2.995","2.985","-0.60%"
"08/02/2018","3.003","3.033","3.033","3.003","-1.28%"
"08/01/2018","3.042","3.059","3.059","3.042","-0.72%"
"07/31/2018","3.064","3.083","3.083","3.064","-0.84%"
"07/30/2018","3.090","3.101","3.101","3.090","-1.37%"
"07/27/2018","3.133","3.170","3.170","3.133","0.16%"
"07/26/2018","3.128","3.135","3.135","3.128","-0.79%"
"07/25/2018","3.153","3.191","3.191","3.153","-0.28%"
"07/24/2018","3.162","3.172","3.178","3.162","0.38%"
"07/23/2018","3.150","3.200","3.200","3.150","0.03%"
"07/20/2018","3.149","3.150","3.150","3.149","0.45%"
"07/19/2018","3.135","3.122","3.135","3.122","0.42%"
"07/18/2018","3.122","3.159","3.159","3.122","-0.16%"
"07/17/2018","3.127","3.158","3.158","3.127","-1.33%"
"07/16/2018","3.169","3.250","3.250","3.169","-0.06%"
"07/13/2018","3.171","3.218","3.218","3.171","-0.06%"
"07/12/2018","3.173","3.185","3.185","3.173","-0.31%"
"07/11/2018","3.183","3.220","3.240","3.182","0.00%"
"07/10/2018","3.183","3.190","3.190","3.175","0.63%"
"07/09/2018","3.163","3.190","3.190","3.163","-0.44%"
"07/06/2018","3.177","3.200","3.200","3.177","-0.19%"
"07/05/2018","3.183","3.235","3.235","3.160","-1.94%"
"07/04/2018","3.246","3.300","3.300","3.246","-1.04%"
"07/03/2018","3.280","3.310","3.310","3.280","-0.30%"
"07/02/2018","3.290","3.350","3.350","3.290","-1.20%"
"06/29/2018","3.330","3.396","3.396","3.330","-1.25%"
"06/28/2018","3.372","3.376","3.376","3.355","0.27%"
"06/27/2018","3.363","3.404","3.404","3.363","-0.74%"
"06/26/2018","3.388","3.387","3.390","3.380","-0.03%"
"06/25/2018","3.389","3.380","3.389","3.365","0.24%"
"06/22/2018","3.381","3.375","3.391","3.375","0.63%"
"06/21/2018","3.360","3.371","3.375","3.360","0.00%"
"06/20/2018","3.360","3.400","3.400","3.360","0.69%"
"06/19/2018","3.337","3.350","3.353","3.333","-0.39%"
"06/15/2018","3.350","3.339","3.355","3.339","0.33%"
"06/14/2018","3.339","3.340","3.349","3.339","0.51%"
"06/13/2018","3.322","3.313","3.326","3.313","0.97%"
"06/12/2018","3.290","3.301","3.301","3.285","0.12%"
"06/11/2018","3.286","3.300","3.301","3.286","-0.70%"
"06/08/2018","3.309","3.318","3.318","3.304","-0.06%"
"06/07/2018","3.311","3.305","3.311","3.305","0.55%"
"06/06/2018","3.293","3.285","3.301","3.284","1.23%"
"06/05/2018","3.253","3.243","3.257","3.243","0.56%"
"06/04/2018","3.235","3.250","3.251","3.235","1.06%"
"06/01/2018","3.201","3.210","3.213","3.201","0.03%"
"05/31/2018","3.200","3.203","3.210","3.200","0.44%"
"05/30/2018","3.186","3.193","3.195","3.186","-0.06%"
"05/29/2018","3.188","3.185","3.195","3.185","0.89%"
"05/28/2018","3.160","3.170","3.175","3.160","-0.22%"
"05/25/2018","3.167","3.168","3.168","3.160","0.13%"
"05/24/2018","3.163","3.173","3.173","3.161","-0.09%"
"05/23/2018","3.166","3.185","3.185","3.159","-0.57%"
"05/22/2018","3.184","3.160","3.203","3.150","0.70%"
"05/21/2018","3.162","3.150","3.168","3.150","0.00%"
"05/20/2018","3.162","3.162","3.162","3.162","0.00%"
"05/18/2018","3.162","3.147","3.162","3.147","0.44%"
"05/17/2018","3.148","3.141","3.148","3.141","0.32%"
"05/16/2018","3.138","3.134","3.138","3.130","0.32%"
"05/15/2018","3.128","3.119","3.128","3.119","0.51%"
"05/14/2018","3.112","3.090","3.116","3.090","0.42%"
"05/11/2018","3.099","3.129","3.129","3.099","-0.70%"
"05/10/2018","3.121","3.100","3.132","3.095","1.10%"
"05/09/2018","3.087","3.083","3.090","3.080","0.78%"
"05/08/2018","3.063","3.070","3.070","3.060","-0.07%"
"05/07/2018","3.065","3.100","3.100","3.065","-1.22%"
"05/04/2018","3.103","3.155","3.155","3.103","-1.21%"
"05/03/2018","3.141","3.127","3.159","3.123","0.58%"
"05/02/2018","3.123","3.150","3.170","3.123","-0.22%"
"04/28/2018","3.130","3.267","3.267","3.130","-4.19%"
"04/27/2018","3.267","3.245","3.267","3.241","0.68%"
"04/26/2018","3.245","3.082","3.300","3.082","0.71%"
"04/25/2018","3.222","3.213","3.222","3.213","-3.94%"
"04/24/2018","3.354","3.212","3.354","3.157","4.06%"
"04/23/2018","3.223","3.175","3.223","3.062","0.84%"
"04/20/2018","3.196","3.200","3.205","3.196","0.92%"
"04/19/2018","3.167","3.074","3.175","3.074","-1.22%"
"04/18/2018","3.206","3.384","3.392","3.206","-4.78%"
"04/17/2018","3.367","3.398","3.410","3.317","-1.06%"
"04/16/2018","3.403","3.399","3.403","3.245","-1.08%"
"04/13/2018","3.440","3.427","3.444","3.415","-0.09%"
"04/12/2018","3.443","3.470","3.473","3.425","-0.55%"
"04/11/2018","3.462","3.445","3.473","3.445","0.73%"
"04/10/2018","3.437","3.440","3.440","3.361","-1.09%"
"04/09/2018","3.475","3.490","3.490","3.475","-1.61%"
"04/08/2018","3.532","3.532","3.532","3.532","0.00%"
"04/07/2018","3.532","3.532","3.532","3.532","0.00%"
"04/05/2018","3.532","3.436","3.532","3.436","5.91%"
"04/04/2018","3.335","3.390","3.497","3.335","-3.50%"
"04/03/2018","3.456","3.549","3.549","3.455","-1.85%"
"04/02/2018","3.521","3.473","3.550","3.390","0.06%"
"03/30/2018","3.519","3.534","3.550","3.519","-0.03%"
"03/29/2018","3.520","3.555","3.580","3.520","-0.23%"
"03/28/2018","3.528","3.492","3.540","3.492","1.00%"
"03/27/2018","3.493","3.482","3.493","3.468","0.34%"
"03/26/2018","3.481","3.452","3.481","3.330","-1.16%"
"03/23/2018","3.522","3.544","3.558","3.522","-0.17%"
"03/22/2018","3.528","3.528","3.559","3.528","-0.14%"
"03/21/2018","3.533","3.561","3.570","3.497","-0.53%"
"03/20/2018","3.552","3.558","3.600","3.552","0.17%"
"03/19/2018","3.546","3.500","3.557","3.379","-0.11%"
"03/16/2018","3.550","3.555","3.562","3.550","-0.31%"
"03/15/2018","3.561","3.529","3.561","3.529","0.88%"
"03/14/2018","3.530","3.524","3.532","3.524","0.20%"
"03/13/2018","3.523","3.479","3.527","3.479","1.24%"
"03/12/2018","3.480","3.500","3.510","3.480","-1.53%"
"03/09/2018","3.534","3.489","3.534","3.484","4.68%"
"03/08/2018","3.376","3.395","3.395","3.358","-0.35%"
"03/07/2018","3.388","3.387","3.391","3.387","0.33%"
"03/06/2018","3.377","3.400","3.400","3.365","0.21%"
"03/05/2018","3.370","3.420","3.420","3.370","0.78%"
"03/02/2018","3.344","3.372","3.372","3.344","0.15%"
"03/01/2018","3.339","3.326","3.354","3.312","-0.33%"
"02/28/2018","3.350","3.385","3.385","3.350","-1.47%"
"02/27/2018","3.400","3.445","3.445","3.400","-2.38%"
"02/26/2018","3.483","3.490","3.491","3.483","0.23%"
"02/24/2018","3.475","3.510","3.510","3.460","-1.00%"
"02/23/2018","3.510","3.530","3.530","3.505","0.57%"
"02/22/2018","3.490","3.480","3.490","3.480","-1.41%"
"02/18/2018","3.540","3.540","3.540","3.540","0.00%"
"02/14/2018","3.540","3.538","3.540","3.538","-0.23%"
"02/13/2018","3.548","3.553","3.560","3.548","0.08%"
"02/12/2018","3.545","3.570","3.570","3.545","-0.56%"
"02/11/2018","3.565","3.573","3.600","3.565","-0.22%"
"02/09/2018","3.573","3.571","3.573","3.567","-0.06%"
"02/08/2018","3.575","3.618","3.618","3.575","-0.86%"
"02/07/2018","3.606","3.647","3.647","3.606","0.14%"
"02/06/2018","3.601","3.600","3.606","3.588","0.33%"
"02/05/2018","3.589","3.600","3.600","3.580","-0.31%"
"02/02/2018","3.600","3.600","3.600","3.600","0.19%"
"02/01/2018","3.593","3.570","3.604","3.570","-0.83%"
"01/31/2018","3.623","3.632","3.642","3.623","0.39%"
"01/30/2018","3.609","3.637","3.637","3.609","-0.82%"
"01/29/2018","3.639","3.650","3.650","3.639","0.61%"
"01/26/2018","3.617","3.640","3.640","3.617","0.17%"
"01/25/2018","3.611","3.631","3.631","3.611","-0.69%"
"01/24/2018","3.636","3.662","3.662","3.636","-0.03%"
"01/23/2018","3.637","3.625","3.637","3.590","0.17%"
"01/22/2018","3.631","3.622","3.644","3.622","0.19%"
"01/19/2018","3.624","3.649","3.649","3.624","-0.14%"
"01/18/2018","3.629","3.604","3.629","3.604","0.69%"
"01/17/2018","3.604","3.611","3.627","3.604","-0.17%"
"01/16/2018","3.610","3.641","3.645","3.610","-0.39%"
"01/15/2018","3.624","3.621","3.624","3.606","-0.77%"
"01/13/2018","3.652","3.652","3.652","3.652","0.00%"
"01/12/2018","3.652","3.649","3.670","3.649","-0.16%"
"01/11/2018","3.658","3.650","3.662","3.647","0.69%"
"01/10/2018","3.633","3.628","3.633","3.628","0.00%"
"01/09/2018","3.633","3.630","3.635","3.630","-0.11%"
"01/08/2018","3.637","3.650","3.650","3.637","-0.90%"
"01/05/2018","3.670","3.721","3.721","3.660","-1.42%"
"01/04/2018","3.723","3.763","3.763","3.707","-0.72%"
"01/03/2018","3.750","3.812","3.812","3.750","-1.88%"
"01/02/2018","3.822","3.850","3.850","3.822","-0.05%"
"12/29/2017","3.824","3.837","3.837","3.824","-0.29%"
"12/28/2017","3.835","3.835","3.835","3.835","0.00%"
"12/27/2017","3.835","3.835","3.835","3.835","0.05%"
"12/26/2017","3.833","3.839","3.839","3.833","-0.18%"
"12/25/2017","3.840","3.900","3.900","3.835","0.29%"
"12/22/2017","3.829","3.856","3.856","3.810","-0.29%"
"12/21/2017","3.840","3.832","3.850","3.815","0.89%"
"12/20/2017","3.806","3.815","3.815","3.806","0.34%"
"12/19/2017","3.793","3.780","3.797","3.780","0.08%"
"12/18/2017","3.790","3.850","3.850","3.790","-0.55%"
"12/16/2017","3.811","3.811","3.811","3.811","0.00%"
"12/15/2017","3.811","3.858","3.858","3.811","-0.26%"
"12/14/2017","3.821","3.814","3.821","3.814","0.32%"
"12/13/2017","3.809","3.844","3.880","3.809","-0.91%"
"12/12/2017","3.844","3.818","3.844","3.808","1.56%"
"12/11/2017","3.785","3.770","3.787","3.770","0.13%"
"12/08/2017","3.780","3.782","3.782","3.776","-0.05%"
"12/07/2017","3.782","3.745","3.797","3.745","1.72%"
"12/06/2017","3.718","3.711","3.718","3.711","0.08%"
"12/05/2017","3.715","3.718","3.720","3.714","-0.19%"
"12/04/2017","3.722","3.720","3.725","3.720","0.03%"
"12/01/2017","3.721","3.730","3.730","3.721","-0.75%"
"11/30/2017","3.749","3.752","3.752","3.749","-0.16%"
"11/29/2017","3.755","3.760","3.760","3.755","0.00%"
"11/28/2017","3.755","3.748","3.755","3.748","0.40%"
"11/27/2017","3.740","3.740","3.740","3.740","0.70%"
"11/24/2017","3.714","3.719","3.719","3.714","-0.38%"
"11/23/2017","3.728","3.710","3.728","3.710","0.59%"
"11/22/2017","3.706","3.693","3.708","3.693","0.16%"
"11/21/2017","3.700","3.700","3.700","3.700","0.11%"
"11/20/2017","3.696","3.700","3.700","3.692","0.22%"
"11/17/2017","3.688","3.701","3.701","3.684","-0.16%"
"11/16/2017","3.694","3.702","3.715","3.694","-0.03%"
"11/15/2017","3.695","3.683","3.695","3.683","0.14%"
"11/14/2017","3.690","3.690","3.690","3.690","-0.03%"
"11/13/2017","3.691","3.682","3.691","3.682","0.16%"
"11/10/2017","3.685","3.700","3.700","3.685","-0.32%"
"11/09/2017","3.697","3.697","3.697","3.697","0.05%"
"11/08/2017","3.695","3.690","3.695","3.690","0.76%"
"11/07/2017","3.667","3.685","3.700","3.667","-0.16%"
"11/06/2017","3.673","3.700","3.700","3.673","0.14%"
"11/03/2017","3.668","3.680","3.700","3.668","-0.33%"
"11/02/2017","3.680","3.671","3.680","3.671","0.60%"
"11/01/2017","3.658","3.652","3.658","3.652","0.16%"
"10/31/2017","3.652","3.634","3.652","3.634","1.16%"
"10/30/2017","3.610","3.600","3.610","3.600","0.45%"
"10/29/2017","3.594","3.594","3.594","3.594","0.00%"
"10/27/2017","3.594","3.589","3.594","3.589","0.45%"
"10/26/2017","3.578","3.578","3.578","3.578","0.34%"
"10/25/2017","3.566","3.565","3.566","3.563","0.08%"
"10/24/2017","3.563","3.565","3.565","3.563","-0.06%"
"10/23/2017","3.565","3.570","3.570","3.565","0.03%"
"10/22/2017","3.564","3.564","3.564","3.564","0.00%"
"10/20/2017","3.564","3.572","3.572","3.564","-0.34%"
"10/19/2017","3.576","3.575","3.576","3.575","-0.11%"
"10/18/2017","3.580","3.580","3.580","3.580","0.20%"
"10/17/2017","3.573","3.572","3.573","3.566","0.20%"
"10/16/2017","3.566","3.600","3.600","3.566","-0.03%"
"10/13/2017","3.567","3.580","3.580","3.567","-0.36%"
"10/12/2017","3.580","3.586","3.590","3.580","-0.17%"
"10/11/2017","3.586","3.583","3.586","3.583","0.08%"
"10/10/2017","3.583","3.600","3.600","3.583","-0.47%"
"10/09/2017","3.600","3.600","3.600","3.600","1.55%"
"10/03/2017","3.545","3.545","3.545","3.545","0.00%"
"10/01/2017","3.545","3.545","3.545","3.545","0.00%"
"09/30/2017","3.545","3.545","3.545","3.545","-0.20%"
"09/29/2017","3.552","3.569","3.569","3.552","0.08%"
"09/28/2017","3.549","3.558","3.559","3.548","0.34%"
"09/27/2017","3.537","3.570","3.570","3.537","0.06%"
"09/26/2017","3.535","3.567","3.567","3.533","-0.59%"
"09/25/2017","3.556","3.620","3.620","3.537","1.31%"
"09/23/2017","3.510","3.552","3.552","3.510","-0.93%"
"09/22/2017","3.543","3.577","3.577","3.543","-0.34%"
"09/21/2017","3.555","3.575","3.575","3.535","0.34%"
"09/20/2017","3.543","3.556","3.556","3.538","0.37%"
"09/19/2017","3.530","3.552","3.552","3.517","-0.11%"
"09/18/2017","3.534","3.550","3.554","3.530","0.11%"
"09/15/2017","3.530","3.567","3.567","3.530","-0.31%"
"09/14/2017","3.541","3.528","3.541","3.528","0.20%"
"09/13/2017","3.534","3.539","3.539","3.532","0.11%"
"09/12/2017","3.530","3.549","3.549","3.530","0.28%"
"09/11/2017","3.520","3.540","3.540","3.520","-0.71%"
"09/08/2017","3.545","3.576","3.576","3.545","-0.37%"
"09/07/2017","3.558","3.567","3.573","3.550","0.06%"
"09/06/2017","3.556","3.578","3.590","3.556","-0.61%"
"09/05/2017","3.578","3.575","3.578","3.575","0.51%"
"09/04/2017","3.560","3.570","3.570","3.560","0.06%"
"09/01/2017","3.558","3.576","3.576","3.558","0.31%"
"08/31/2017","3.547","3.584","3.584","3.540","-0.50%"
"08/30/2017","3.565","3.585","3.585","3.557","-0.22%"
"08/29/2017","3.573","3.551","3.573","3.538","1.42%"
"08/28/2017","3.523","3.490","3.531","3.490","0.95%"
"08/27/2017","3.490","3.490","3.490","3.490","-0.37%"
"08/26/2017","3.503","3.503","3.503","3.503","0.29%"
"08/25/2017","3.493","3.525","3.525","3.490","0.06%"
"08/24/2017","3.491","3.488","3.491","3.483","0.29%"
"08/23/2017","3.481","3.538","3.538","3.473","0.09%"
"08/22/2017","3.478","3.496","3.496","3.475","0.23%"
"08/21/2017","3.470","3.500","3.500","3.470","0.20%"
"08/18/2017","3.463","3.460","3.463","3.460","0.23%"
"08/17/2017","3.455","3.488","3.488","3.453","-0.23%"
"08/16/2017","3.463","3.482","3.482","3.460","-0.17%"
"08/15/2017","3.469","3.482","3.482","3.450","0.17%"
"08/14/2017","3.463","3.500","3.500","3.460","0.23%"
"08/11/2017","3.455","3.470","3.470","3.451","0.09%"
"08/10/2017","3.452","3.480","3.480","3.452","-0.20%"
"08/09/2017","3.459","3.443","3.460","3.443","0.26%"
"08/08/2017","3.450","3.425","3.450","3.423","0.88%"
"08/07/2017","3.420","3.470","3.470","3.415","-0.93%"
"08/06/2017","3.452","3.452","3.452","3.452","0.00%"
"08/04/2017","3.452","3.477","3.477","3.447","-0.20%"
"08/03/2017","3.459","3.499","3.499","3.453","-0.55%"
"08/02/2017","3.478","3.480","3.490","3.474","-0.11%"
"08/01/2017","3.482","3.493","3.493","3.477","0.26%"
"07/31/2017","3.473","3.480","3.480","3.453","-0.57%"
"07/29/2017","3.493","3.493","3.493","3.493","0.00%"
"07/28/2017","3.493","3.492","3.493","3.488","-0.06%"
"07/27/2017","3.495","3.491","3.500","3.490","0.11%"
"07/26/2017","3.491","3.483","3.496","3.483","0.17%"
"07/25/2017","3.485","3.482","3.489","3.478","-0.06%"
"07/24/2017","3.487","3.440","3.487","3.342","-0.09%"
"07/21/2017","3.490","3.509","3.509","3.476","-0.48%"
"07/20/2017","3.507","3.496","3.507","3.496","0.29%"
"07/19/2017","3.497","3.487","3.497","3.483","0.29%"
"07/18/2017","3.487","3.491","3.491","3.480","-0.14%"
"07/17/2017","3.492","3.466","3.496","3.355","-0.11%"
"07/16/2017","3.496","3.496","3.496","3.496","0.00%"
"07/14/2017","3.496","3.498","3.498","3.493","-0.06%"
"07/13/2017","3.498","3.490","3.502","3.490","0.17%"
"07/12/2017","3.492","3.493","3.493","3.488","0.00%"
"07/11/2017","3.492","3.495","3.495","3.481","-0.03%"
"07/10/2017","3.493","3.442","3.493","3.370","0.34%"
"07/07/2017","3.481","3.502","3.502","3.477","-0.54%"
"07/06/2017","3.500","3.502","3.503","3.493","-0.09%"
"07/05/2017","3.503","3.521","3.521","3.490","-0.57%"
"07/04/2017","3.523","3.521","3.527","3.516","0.09%"
"07/03/2017","3.520","3.462","3.525","3.366","0.83%"
"07/02/2017","3.491","3.491","3.491","3.491","0.00%"
"07/01/2017","3.491","3.491","3.491","3.491","0.00%"
"06/30/2017","3.491","3.495","3.495","3.486","-0.06%"
"06/29/2017","3.493","3.475","3.493","3.472","0.26%"
"06/28/2017","3.484","3.511","3.511","3.468","-1.19%"
"06/27/2017","3.526","3.546","3.546","3.526","-0.96%"
"06/26/2017","3.560","3.546","3.560","3.414","4.25%"
"06/25/2017","3.415","3.415","3.415","3.415","-4.80%"
"06/23/2017","3.587","3.558","3.587","3.558","0.73%"
"06/22/2017","3.561","3.558","3.566","3.556","0.20%"
"06/21/2017","3.554","3.563","3.563","3.547","-0.56%"
"06/20/2017","3.574","3.577","3.580","3.573","-0.86%"
"06/19/2017","3.605","3.627","3.627","3.600","-0.39%"
"06/16/2017","3.619","3.620","3.640","3.619","-0.03%"
"06/15/2017","3.620","3.613","3.620","3.610","0.00%"
"06/14/2017","3.620","3.607","3.625","3.607","0.33%"
"06/13/2017","3.608","3.631","3.631","3.603","-1.37%"
"06/12/2017","3.658","3.674","3.674","3.648","-0.52%"
"06/09/2017","3.677","3.675","3.677","3.667","1.02%"
"06/08/2017","3.640","3.617","3.648","3.617","0.97%"
"06/07/2017","3.605","3.595","3.605","3.595","0.28%"
"06/06/2017","3.595","3.604","3.610","3.595","-0.36%"
"06/05/2017","3.608","3.626","3.626","3.605","0.31%"
"06/02/2017","3.597","3.594","3.604","3.587","0.00%"
"06/01/2017","3.597","3.618","3.618","3.597","-0.64%"
"05/31/2017","3.620","3.644","3.644","3.610","-0.36%"
"05/27/2017","3.633","3.633","3.633","3.633","-0.52%"
"05/26/2017","3.652","3.685","3.685","3.644","-0.90%"
"05/25/2017","3.685","3.697","3.697","3.684","-0.70%"
"05/24/2017","3.711","3.703","3.711","3.700","-0.03%"
"05/23/2017","3.712","3.698","3.718","3.698","0.38%"
"05/22/2017","3.698","3.680","3.698","3.680","0.71%"
"05/19/2017","3.672","3.667","3.672","3.660","-0.27%"
"05/18/2017","3.682","3.621","3.682","3.621","1.77%"
"05/17/2017","3.618","3.609","3.623","3.609","0.19%"
"05/16/2017","3.611","3.631","3.631","3.602","-0.93%"
"05/15/2017","3.645","3.650","3.661","3.645","1.42%"
"05/12/2017","3.594","3.589","3.594","3.588","0.34%"
"05/11/2017","3.582","3.559","3.593","3.559","1.70%"
"05/10/2017","3.522","3.493","3.522","3.493","0.34%"
"05/09/2017","3.510","3.476","3.517","3.476","1.53%"
"05/08/2017","3.457","3.474","3.474","3.447","0.44%"
"05/07/2017","3.442","3.442","3.442","3.442","0.00%"
"05/05/2017","3.442","3.378","3.442","3.378","2.47%"
"05/04/2017","3.359","3.300","3.373","3.300","2.07%"
"05/03/2017","3.291","3.251","3.330","3.251","1.32%"
"05/02/2017","3.248","3.265","3.265","3.243","-0.09%"
"04/28/2017","3.251","3.210","3.255","3.210","1.34%"
"04/27/2017","3.208","3.196","3.217","3.190","0.75%"
"04/26/2017","3.184","3.181","3.198","3.181","-0.16%"
"04/25/2017","3.189","3.173","3.191","3.173","0.35%"
"04/24/2017","3.178","3.170","3.181","3.170","0.44%"
"04/22/2017","3.164","3.164","3.164","3.164","0.00%"
"04/21/2017","3.164","3.150","3.168","3.150","0.38%"
"04/20/2017","3.152","3.143","3.156","3.142","0.13%"
"04/19/2017","3.148","3.117","3.148","3.117","1.16%"
"04/18/2017","3.112","3.095","3.120","3.095","0.78%"
"04/17/2017","3.088","3.160","3.160","3.084","0.98%"
"04/14/2017","3.058","3.044","3.058","3.043","0.26%"
"04/13/2017","3.050","3.072","3.072","3.048","-0.29%"
"04/12/2017","3.059","3.074","3.074","3.052","0.10%"
"04/11/2017","3.056","3.069","3.069","3.056","0.10%"
"04/10/2017","3.053","3.080","3.080","3.053","0.69%"
"04/07/2017","3.032","3.055","3.055","3.032","-0.20%"
"04/06/2017","3.038","3.014","3.046","3.014","1.95%"
"04/05/2017","2.980","3.007","3.007","2.980","0.51%"
"04/03/2017","2.965","2.965","2.965","2.965","0.00%"
"04/01/2017","2.965","2.965","2.965","2.965","-0.20%"
"03/31/2017","2.971","3.020","3.020","2.971","-0.74%"
"03/30/2017","2.993","3.019","3.019","2.993","0.20%"
"03/29/2017","2.987","2.998","2.998","2.979","-0.30%"
"03/28/2017","2.996","3.002","3.002","2.996","-0.20%"
"03/27/2017","3.002","2.990","3.005","2.990","-0.27%"
"03/26/2017","3.010","3.010","3.010","3.010","0.00%"
"03/24/2017","3.010","3.021","3.021","3.010","0.40%"
"03/23/2017","2.998","3.017","3.017","2.997","0.20%"
"03/22/2017","2.992","2.966","3.002","2.966","1.80%"
"03/21/2017","2.939","2.948","2.948","2.929","-0.34%"
"03/20/2017","2.949","2.965","2.965","2.949","0.17%"
"03/18/2017","2.944","2.944","2.944","2.944","0.00%"
"03/17/2017","2.944","2.916","2.944","2.916","0.99%"
"03/16/2017","2.915","2.931","2.933","2.913","-0.38%"
"03/15/2017","2.926","2.917","2.926","2.914","1.14%"
"03/14/2017","2.893","2.913","2.913","2.893","-1.46%"
"03/13/2017","2.936","2.953","2.953","2.936","-0.51%"
"03/10/2017","2.951","2.958","2.958","2.951","-0.17%"
"03/09/2017","2.956","2.961","2.961","2.954","0.72%"
"03/08/2017","2.935","2.918","2.935","2.918","0.82%"
"03/07/2017","2.911","2.923","2.927","2.911","-0.48%"
"03/06/2017","2.925","2.939","2.939","2.920","0.79%"
"03/03/2017","2.902","2.913","2.917","2.899","1.97%"
"03/02/2017","2.846","2.897","2.902","2.841","-1.18%"
"03/01/2017","2.880","2.875","2.884","2.875","0.28%"
"02/28/2017","2.872","2.864","2.872","2.860","0.60%"
"02/27/2017","2.855","2.871","2.871","2.855","0.88%"
"02/24/2017","2.830","2.846","2.846","2.823","-0.14%"
"02/23/2017","2.834","2.872","2.872","2.834","-0.53%"
"02/22/2017","2.849","2.888","2.888","2.849","-1.18%"
"02/21/2017","2.883","2.880","2.887","2.870","-0.24%"
"02/20/2017","2.890","2.890","2.905","2.890","-0.93%"
"02/17/2017","2.917","2.934","2.934","2.917","-0.61%"
"02/16/2017","2.935","2.961","2.961","2.935","-1.11%"
"02/15/2017","2.968","2.961","2.968","2.957","0.58%"
"02/14/2017","2.951","2.971","2.971","2.951","-0.51%"
"02/13/2017","2.966","2.950","2.967","2.950","-0.24%"
"02/10/2017","2.973","2.982","2.982","2.973","-0.07%"
"02/09/2017","2.975","2.986","2.986","2.975","0.54%"
"02/08/2017","2.959","2.945","2.959","2.945","1.02%"
"02/07/2017","2.929","2.918","2.929","2.918","1.14%"
"02/06/2017","2.896","2.904","2.904","2.877","1.22%"
"02/04/2017","2.861","2.861","2.861","2.861","1.06%"
"02/03/2017","2.831","2.880","2.880","2.831","0.43%"
"01/27/2017","2.819","2.819","2.819","2.819","0.00%"
"01/26/2017","2.819","2.827","2.827","2.817","0.64%"
"01/25/2017","2.801","2.823","2.823","2.799","0.68%"
"01/24/2017","2.782","2.778","2.786","2.778","0.40%"
"01/23/2017","2.771","2.788","2.788","2.771","-0.40%"
"01/22/2017","2.782","2.782","2.782","2.782","-0.50%"
"01/20/2017","2.796","2.807","2.807","2.794","0.25%"
"01/19/2017","2.789","2.813","2.813","2.789","-0.99%"
"01/18/2017","2.817","2.824","2.827","2.817","-0.14%"
"01/17/2017","2.821","2.836","2.836","2.814","-0.56%"
"01/16/2017","2.837","2.820","2.837","2.820","0.00%"
"01/13/2017","2.837","2.842","2.843","2.837","0.00%"
"01/12/2017","2.837","2.838","2.846","2.837","0.32%"
"01/11/2017","2.828","2.820","2.831","2.820","0.11%"
"01/10/2017","2.825","2.845","2.845","2.825","-0.42%"
"01/09/2017","2.837","2.830","2.850","2.830","-0.77%"
"01/06/2017","2.859","2.894","2.894","2.856","-0.45%"
"01/05/2017","2.872","2.849","2.872","2.842","1.23%"
"01/04/2017","2.837","2.833","2.837","2.827","2.23%"
"01/03/2017","2.775","2.750","2.775","2.750","-0.82%"
"12/30/2016","2.798","2.865","2.865","2.798","-3.75%"
"12/29/2016","2.907","2.920","2.920","2.907","-0.34%"
"12/28/2016","2.917","2.939","2.939","2.917","-0.92%"
"12/27/2016","2.944","2.972","2.972","2.944","-1.57%"
"12/26/2016","2.991","2.980","2.996","2.980","-2.29%"
"12/23/2016","3.061","3.041","3.061","3.041","0.66%"
"12/22/2016","3.041","3.104","3.104","3.041","-3.00%"
"12/21/2016","3.135","3.150","3.150","3.135","1.29%"
"12/20/2016","3.095","3.084","3.103","3.084","0.85%"
"12/19/2016","3.069","3.040","3.077","3.040","3.86%"
"12/16/2016","2.955","2.865","2.960","2.865","6.07%"
"12/15/2016","2.786","2.789","2.793","2.780","1.24%"
"12/14/2016","2.752","2.748","2.769","2.748","0.77%"
"12/13/2016","2.731","2.728","2.738","2.728","0.55%"
"12/12/2016","2.716","2.690","2.716","2.690","-1.98%"
"12/09/2016","2.771","2.709","2.771","2.709","2.18%"
"12/08/2016","2.712","2.699","2.712","2.699","0.44%"
"12/07/2016","2.700","2.693","2.700","2.692","0.30%"
"12/06/2016","2.692","2.685","2.699","2.683","-0.04%"
"12/05/2016","2.693","2.687","2.781","2.670","1.09%"
"12/02/2016","2.664","2.626","2.665","2.626","1.83%"
"12/01/2016","2.616","2.523","2.616","2.523","4.43%"
"11/30/2016","2.505","2.503","2.524","2.503","1.33%"
"11/29/2016","2.472","2.502","2.502","2.439","-0.40%"
"11/28/2016","2.482","2.390","2.504","2.315","2.39%"
"11/25/2016","2.424","2.438","2.440","2.424","-0.21%"
"11/24/2016","2.429","2.428","2.440","2.428","0.33%"
"11/23/2016","2.421","2.443","2.446","2.410","-0.70%"
"11/22/2016","2.438","2.453","2.456","2.437","-0.16%"
"11/21/2016","2.442","2.416","2.448","2.416","1.16%"
"11/18/2016","2.414","2.398","2.418","2.398","1.17%"
"11/17/2016","2.386","2.411","2.414","2.386","-0.46%"
"11/16/2016","2.397","2.387","2.397","2.387","1.14%"
"11/15/2016","2.370","2.396","2.404","2.358","-0.34%"
"11/14/2016","2.378","2.343","2.386","2.280","0.34%"
"11/11/2016","2.370","2.379","2.383","2.370","0.00%"
"11/10/2016","2.370","2.368","2.377","2.368","0.13%"
"11/09/2016","2.367","2.365","2.370","2.361","0.00%"
"11/08/2016","2.367","2.399","2.408","2.344","0.00%"
"11/07/2016","2.367","2.322","2.416","2.209","0.13%"
"11/04/2016","2.364","2.392","2.395","2.357","-0.80%"
"11/03/2016","2.383","2.403","2.405","2.383","-0.42%"
"11/02/2016","2.393","2.385","2.397","2.385","0.34%"
"11/01/2016","2.385","2.364","2.387","2.364","1.19%"
"10/31/2016","2.357","2.313","2.357","2.299","1.42%"
"10/28/2016","2.324","2.322","2.329","2.322","-0.98%"
"10/27/2016","2.347","2.340","2.355","2.327","1.43%"
"10/26/2016","2.314","2.338","2.338","2.313","0.26%"
"10/25/2016","2.308","2.327","2.327","2.305","-0.22%"
"10/24/2016","2.313","2.300","2.323","2.300","0.57%"
"10/21/2016","2.300","2.300","2.300","2.300","0.26%"
"10/20/2016","2.294","2.332","2.332","2.294","-0.78%"
"10/19/2016","2.312","2.348","2.348","2.302","-1.62%"
"10/18/2016","2.350","2.343","2.350","2.343","0.69%"
"10/17/2016","2.334","2.320","2.335","2.310","-0.47%"
"10/15/2016","2.345","2.345","2.345","2.345","0.00%"
"10/14/2016","2.345","2.353","2.353","2.345","-0.30%"
"10/13/2016","2.352","2.390","2.390","2.352","-0.25%"
"10/12/2016","2.358","2.388","2.388","2.358","0.34%"
"10/11/2016","2.350","2.360","2.360","2.350","0.09%"
"10/10/2016","2.348","2.355","2.355","2.347","0.04%"
"10/09/2016","2.347","2.347","2.347","2.347","-0.21%"
"10/08/2016","2.352","2.352","2.352","2.352","-0.47%"
"09/30/2016","2.363","2.377","2.377","2.363","-0.13%"
"09/29/2016","2.366","2.378","2.378","2.366","-0.34%"
"09/28/2016","2.374","2.390","2.390","2.370","0.68%"
"09/27/2016","2.358","2.385","2.385","2.358","-0.25%"
"09/26/2016","2.364","2.450","2.450","2.362","-0.38%"
"09/25/2016","2.373","2.373","2.373","2.373","0.00%"
"09/24/2016","2.373","2.373","2.373","2.373","0.00%"
"09/23/2016","2.373","2.383","2.383","2.370","0.21%"
"09/22/2016","2.368","2.405","2.405","2.365","-0.63%"
"09/21/2016","2.383","2.390","2.390","2.370","0.63%"
"09/20/2016","2.368","2.393","2.393","2.368","-0.38%"
"09/19/2016","2.377","2.397","2.400","2.373","-0.88%"
"09/18/2016","2.398","2.398","2.398","2.398","-3.66%"
"09/17/2016","2.489","2.489","2.489","2.489","0.00%"
"09/16/2016","2.489","2.367","2.489","2.250","4.19%"
"09/15/2016","2.389","2.388","2.389","2.388","-0.04%"
"09/14/2016","2.390","2.403","2.424","2.388","-0.50%"
"09/13/2016","2.402","2.398","2.409","2.398","0.33%"
"09/12/2016","2.394","2.346","2.394","2.288","0.80%"
"09/09/2016","2.375","2.379","2.393","2.367","-0.29%"
"09/08/2016","2.382","2.404","2.415","2.382","-0.54%"
"09/07/2016","2.395","2.420","2.420","2.393","0.55%"
"09/06/2016","2.382","2.420","2.420","2.377","-0.13%"
"09/05/2016","2.385","2.400","2.400","2.375","-0.13%"
"09/02/2016","2.388","2.403","2.403","2.380","0.46%"
"09/01/2016","2.377","2.403","2.403","2.375","-0.13%"
"08/31/2016","2.380","2.420","2.420","2.380","0.29%"
"08/30/2016","2.373","2.395","2.395","2.371","-0.08%"
"08/29/2016","2.375","2.450","2.450","2.373","0.34%"
"08/26/2016","2.367","2.381","2.381","2.356","1.15%"
"08/25/2016","2.340","2.400","2.400","2.333","0.43%"
"08/24/2016","2.330","2.367","2.367","2.330","0.00%"
"08/23/2016","2.330","2.350","2.353","2.330","0.52%"
"08/22/2016","2.318","2.360","2.360","2.318","-0.39%"
"08/19/2016","2.327","2.320","2.328","2.314","0.30%"
"08/18/2016","2.320","2.327","2.327","2.310","-0.85%"
"08/17/2016","2.340","2.358","2.370","2.337","-0.76%"
"08/16/2016","2.358","2.370","2.383","2.353","-1.05%"
"08/15/2016","2.383","2.367","2.385","2.350","1.15%"
"08/14/2016","2.356","2.356","2.356","2.356","0.00%"
"08/13/2016","2.356","2.356","2.356","2.356","0.00%"
"08/12/2016","2.356","2.367","2.385","2.356","0.04%"
"08/11/2016","2.355","2.390","2.390","2.353","0.00%"
"08/10/2016","2.355","2.403","2.403","2.355","-0.76%"
"08/09/2016","2.373","2.400","2.400","2.373","0.13%"
"08/08/2016","2.370","2.350","2.385","2.350","-0.29%"
"08/06/2016","2.377","2.377","2.377","2.377","0.00%"
"08/05/2016","2.377","2.390","2.390","2.377","-0.46%"
"08/04/2016","2.388","2.407","2.423","2.373","-1.08%"
"08/03/2016","2.414","2.394","2.420","2.390","0.21%"
"08/02/2016","2.409","2.460","2.460","2.409","-1.19%"
"08/01/2016","2.438","2.440","2.470","2.430","-0.37%"
"07/29/2016","2.447","2.460","2.465","2.447","-0.24%"
"07/28/2016","2.453","2.463","2.468","2.453","-0.20%"
"07/27/2016","2.458","2.470","2.473","2.455","-0.20%"
"07/26/2016","2.463","2.455","2.478","2.453","0.61%"
"07/25/2016","2.448","2.430","2.455","2.430","0.82%"
"07/22/2016","2.428","2.445","2.460","2.428","-0.90%"
"07/21/2016","2.450","2.497","2.497","2.450","-0.93%"
"07/20/2016","2.473","2.478","2.503","2.470","-0.04%"
"07/19/2016","2.474","2.503","2.510","2.474","-0.96%"
"07/18/2016","2.498","2.519","2.550","2.481","0.40%"
"07/15/2016","2.488","2.515","2.515","2.488","-0.88%"
"07/14/2016","2.510","2.505","2.510","2.495","1.62%"
"07/13/2016","2.470","2.470","2.470","2.470","0.00%"
"07/12/2016","2.470","2.485","2.485","2.470","-0.28%"
"07/11/2016","2.477","2.450","2.477","2.450","0.41%"
"07/08/2016","2.467","2.470","2.470","2.467","0.98%"
"07/07/2016","2.443","2.483","2.483","2.440","-0.81%"
"07/06/2016","2.463","2.460","2.463","2.453","-0.20%"
"07/05/2016","2.468","2.505","2.505","2.468","-0.88%"
"07/04/2016","2.490","2.470","2.510","2.470","-1.31%"
"07/01/2016","2.523","2.525","2.525","2.510","-0.59%"
"06/30/2016","2.538","2.540","2.540","2.537","0.12%"
"06/29/2016","2.535","2.537","2.537","2.533","0.12%"
"06/28/2016","2.532","2.540","2.540","2.530","-0.24%"
"06/27/2016","2.538","2.530","2.539","2.530","0.28%"
"06/24/2016","2.531","2.547","2.547","2.531","-0.28%"
"06/23/2016","2.538","2.565","2.565","2.538","-1.09%"
"06/22/2016","2.566","2.567","2.573","2.566","0.00%"
"06/21/2016","2.566","2.567","2.568","2.563","0.63%"
"06/20/2016","2.550","2.570","2.570","2.550","-0.31%"
"06/17/2016","2.558","2.573","2.573","2.558","-0.39%"
"06/16/2016","2.568","2.577","2.577","2.568","-0.39%"
"06/15/2016","2.578","2.580","2.580","2.573","-0.19%"
"06/14/2016","2.583","2.593","2.593","2.583","-0.27%"
"06/13/2016","2.590","2.590","2.593","2.590","0.04%"
"06/12/2016","2.589","2.589","2.589","2.589","0.54%"
"06/11/2016","2.575","2.575","2.575","2.575","0.00%"
"06/08/2016","2.575","2.580","2.584","2.575","-0.08%"
"06/07/2016","2.577","2.595","2.595","2.576","-0.35%"
"06/06/2016","2.586","2.560","2.590","2.560","0.00%"
"06/03/2016","2.586","2.582","2.588","2.582","-0.08%"
"06/02/2016","2.588","2.587","2.590","2.580","0.12%"
"06/01/2016","2.585","2.570","2.588","2.570","0.00%"
"05/31/2016","2.585","2.600","2.600","2.577","-0.46%"
"05/30/2016","2.597","2.600","2.600","2.595","0.46%"
"05/27/2016","2.585","2.577","2.587","2.577","0.58%"
"05/26/2016","2.570","2.573","2.573","2.570","0.19%"
"05/25/2016","2.565","2.560","2.565","2.560","0.39%"
"05/24/2016","2.555","2.555","2.557","2.555","-0.20%"
"05/23/2016","2.560","2.560","2.565","2.560","-0.62%"
"05/20/2016","2.576","2.587","2.587","2.573","0.23%"
"05/19/2016","2.570","2.523","2.570","2.518","2.19%"
"05/18/2016","2.515","2.565","2.565","2.505","-1.10%"
"05/17/2016","2.543","2.560","2.570","2.543","0.12%"
"05/16/2016","2.540","2.600","2.600","2.523","-0.35%"
"05/13/2016","2.549","2.553","2.563","2.549","1.15%"
"05/12/2016","2.520","2.578","2.578","2.520","-1.68%"
"05/11/2016","2.563","2.613","2.613","2.563","-1.20%"
"05/10/2016","2.594","2.615","2.615","2.593","-0.23%"
"05/09/2016","2.600","2.650","2.650","2.597","-0.61%"
"05/06/2016","2.616","2.608","2.620","2.608","0.35%"
"05/05/2016","2.607","2.615","2.615","2.603","1.05%"
"05/04/2016","2.580","2.618","2.618","2.580","-0.77%"
"05/03/2016","2.600","2.650","2.650","2.600","0.35%"
"04/29/2016","2.591","2.610","2.610","2.591","-0.23%"
"04/28/2016","2.597","2.627","2.627","2.596","-0.50%"
"04/27/2016","2.610","2.587","2.625","2.587","-0.65%"
"04/26/2016","2.627","2.563","2.630","2.563","3.83%"
"04/25/2016","2.530","2.600","2.600","2.530","1.20%"
"04/22/2016","2.500","2.488","2.505","2.488","1.63%"
"04/21/2016","2.460","2.475","2.475","2.457","0.70%"
"04/20/2016","2.443","2.455","2.468","2.440","-0.16%"
"04/19/2016","2.447","2.465","2.465","2.447","-0.45%"
"04/18/2016","2.458","2.480","2.480","2.450","0.82%"
"04/15/2016","2.438","2.457","2.457","2.438","0.29%"
"04/14/2016","2.431","2.447","2.455","2.427","-0.21%"
"04/13/2016","2.436","2.438","2.450","2.436","0.62%"
"04/12/2016","2.421","2.413","2.427","2.413","0.46%"
"04/11/2016","2.410","2.400","2.420","2.400","0.54%"
"04/08/2016","2.397","2.418","2.418","2.397","0.59%"
"04/07/2016","2.383","2.363","2.392","2.353","1.66%"
"04/06/2016","2.344","2.368","2.368","2.341","-0.26%"
"04/05/2016","2.350","2.400","2.400","2.350","0.38%"
"04/04/2016","2.341","2.341","2.341","2.341","0.00%"
"04/01/2016","2.341","2.380","2.380","2.341","-0.68%"
"03/31/2016","2.357","2.373","2.373","2.340","-0.38%"
"03/30/2016","2.366","2.375","2.376","2.355","0.72%"
"03/29/2016","2.349","2.357","2.360","2.347","1.29%"
"03/28/2016","2.319","2.390","2.390","2.319","0.61%"
"03/25/2016","2.305","2.320","2.320","2.305","-0.22%"
"03/24/2016","2.310","2.377","2.390","2.303","-2.37%"
"03/23/2016","2.366","2.398","2.398","2.357","-1.13%"
"03/22/2016","2.393","2.370","2.398","2.370","1.27%"
"03/21/2016","2.363","2.400","2.415","2.363","-1.38%"
"03/18/2016","2.396","2.427","2.427","2.388","-0.13%"
"03/17/2016","2.399","2.418","2.418","2.395","-0.17%"
"03/16/2016","2.403","2.428","2.430","2.403","0.75%"
"03/15/2016","2.385","2.420","2.420","2.352","-1.32%"
"03/14/2016","2.417","2.500","2.500","2.417","-0.49%"
"03/11/2016","2.429","2.460","2.460","2.429","-0.45%"
"03/10/2016","2.440","2.467","2.467","2.440","-0.45%"
"03/09/2016","2.451","2.473","2.473","2.450","0.12%"
"03/08/2016","2.448","2.473","2.473","2.448","0.29%"
"03/07/2016","2.441","2.520","2.520","2.441","-0.49%"
"03/04/2016","2.453","2.475","2.475","2.450","0.12%"
"03/03/2016","2.450","2.490","2.490","2.450","-0.73%"
"03/02/2016","2.468","2.490","2.490","2.468","-0.72%"
"03/01/2016","2.486","2.523","2.523","2.486","-0.48%"
"02/29/2016","2.498","2.570","2.570","2.490","0.16%"
"02/26/2016","2.494","2.525","2.525","2.491","-0.52%"
"02/25/2016","2.507","2.507","2.525","2.498","0.08%"
"02/24/2016","2.505","2.532","2.532","2.502","-1.03%"
"02/23/2016","2.531","2.507","2.542","2.503","1.12%"
"02/22/2016","2.503","2.550","2.550","2.503","-0.04%"
"02/19/2016","2.504","2.523","2.523","2.503","-0.36%"
"02/18/2016","2.513","2.532","2.532","2.511","-0.71%"
"02/17/2016","2.531","2.550","2.550","2.530","-0.28%"
"02/16/2016","2.538","2.540","2.540","2.533","0.24%"
"02/15/2016","2.532","2.547","2.547","2.524","0.40%"
"02/14/2016","2.522","2.500","2.522","2.500","-0.04%"
"02/06/2016","2.523","2.523","2.523","2.523","0.04%"
"02/05/2016","2.522","2.540","2.540","2.521","-0.94%"
"02/04/2016","2.546","2.552","2.552","2.544","-0.04%"
"02/03/2016","2.547","2.553","2.560","2.533","0.35%"
"02/02/2016","2.538","2.563","2.577","2.534","-1.25%"
"02/01/2016","2.570","2.645","2.645","2.569","-0.54%"
"01/29/2016","2.584","2.579","2.587","2.579","0.04%"
"01/28/2016","2.583","2.574","2.585","2.573","0.47%"
"01/27/2016","2.571","2.580","2.612","2.571","0.35%"
"01/26/2016","2.562","2.563","2.602","2.542","1.03%"
"01/25/2016","2.536","2.580","2.580","2.520","-0.67%"
"01/22/2016","2.553","2.567","2.568","2.540","0.43%"
"01/21/2016","2.542","2.553","2.590","2.533","0.79%"
"01/20/2016","2.522","2.530","2.537","2.518","0.28%"
"01/19/2016","2.515","2.530","2.530","2.512","-0.16%"
"01/18/2016","2.519","2.600","2.600","2.514","2.40%"
"01/15/2016","2.460","2.463","2.465","2.458","0.24%"
"01/14/2016","2.454","2.460","2.460","2.450","-0.57%"
"01/13/2016","2.468","2.497","2.497","2.460","-1.95%"
"01/12/2016","2.517","2.525","2.525","2.510","-1.06%"
"01/11/2016","2.544","2.550","2.550","2.510","-0.55%"
"01/10/2016","2.558","2.558","2.558","2.558","0.00%"
"01/08/2016","2.558","2.547","2.558","2.545","-0.08%"
"01/07/2016","2.560","2.548","2.560","2.548","0.12%"
"01/06/2016","2.557","2.515","2.557","2.515","1.43%"
"01/05/2016","2.521","2.500","2.522","2.500","1.74%"
"01/04/2016","2.478","2.450","2.530","2.450","0.20%"