"Date","Price","Open","High","Low","Change %"
"30-01-2026","5.851","5.891","5.920","5.851","-0.70%"
"29-01-2026","5.892","5.869","5.922","5.869","0.37%"
"28-01-2026","5.870","5.898","5.925","5.870","-0.47%"
"27-01-2026","5.898","5.898","5.908","5.896","0.00%"
"26-01-2026","5.898","5.898","5.898","5.898","0.00%"
"23-01-2026","5.898","5.842","5.905","5.842","0.91%"
"22-01-2026","5.845","5.874","5.893","5.845","-0.51%"
"21-01-2026","5.875","5.872","5.909","5.872","0.03%"
"20-01-2026","5.873","5.849","5.905","5.849","0.39%"
"19-01-2026","5.850","5.861","5.861","5.850","-0.19%"
"16-01-2026","5.861","5.838","5.862","5.838","0.36%"
"15-01-2026","5.840","5.840","5.840","5.840","-0.02%"
"14-01-2026","5.841","5.799","5.856","5.799","0.71%"
"13-01-2026","5.800","5.804","5.842","5.800","-0.09%"
"12-01-2026","5.805","5.805","5.833","5.795","-0.02%"
"09-01-2026","5.806","5.800","5.838","5.800","0.07%"
"08-01-2026","5.802","5.800","5.842","5.800","0.02%"
"07-01-2026","5.801","5.785","5.835","5.785","0.26%"
"06-01-2026","5.786","5.817","5.817","5.760","-0.55%"
"05-01-2026","5.818","5.773","5.859","5.773","0.76%"
"02-01-2026","5.774","5.775","5.856","5.773","-0.07%"
"01-01-2026","5.778","5.751","5.795","5.751","0.45%"
"31-12-2025","5.752","5.855","5.855","5.700","-1.78%"
"30-12-2025","5.856","5.770","5.856","5.769","1.49%"
"29-12-2025","5.770","5.810","5.810","5.712","-0.71%"
"26-12-2025","5.811","5.813","5.824","5.811","-0.03%"
"25-12-2025","5.813","5.813","5.813","5.813","0.00%"
"24-12-2025","5.813","5.830","5.830","5.786","-0.33%"
"23-12-2025","5.832","5.945","5.945","5.722","-1.92%"
"22-12-2025","5.946","5.854","5.946","5.854","1.55%"
"19-12-2025","5.855","5.810","5.855","5.798","0.74%"
"18-12-2025","5.812","5.836","5.840","5.739","-0.41%"
"17-12-2025","5.836","5.808","5.836","5.781","0.48%"
"16-12-2025","5.808","5.786","5.808","5.762","0.38%"
"15-12-2025","5.786","5.792","5.804","5.786","-0.10%"
"12-12-2025","5.792","5.812","5.934","5.792","-0.34%"
"11-12-2025","5.812","5.791","5.827","5.787","0.36%"
"10-12-2025","5.791","5.815","5.815","5.780","-0.41%"
"09-12-2025","5.815","5.770","5.835","5.764","-0.67%"
"08-12-2025","5.854","5.765","5.884","5.761","3.10%"
"05-12-2025","5.678","5.821","5.955","5.678","-2.46%"
"04-12-2025","5.821","5.822","5.847","5.821","-0.09%"
"03-12-2025","5.826","5.813","5.826","5.776","0.73%"
"02-12-2025","5.784","5.819","5.857","5.784","-0.31%"
"01-12-2025","5.802","5.764","5.819","5.737","1.20%"
"28-11-2025","5.733","5.795","5.814","5.733","-0.74%"
"27-11-2025","5.776","5.778","5.798","5.776","-0.03%"
"26-11-2025","5.778","5.776","5.780","5.767","0.16%"
"25-11-2025","5.769","5.790","5.790","5.768","-0.29%"
"24-11-2025","5.786","5.799","5.837","5.780","0.61%"
"21-11-2025","5.751","5.783","5.839","5.751","-0.55%"
"20-11-2025","5.783","5.783","5.810","5.781","0.00%"
"19-11-2025","5.783","5.783","5.785","5.755","0.63%"
"18-11-2025","5.747","5.800","5.823","5.747","-0.23%"
"17-11-2025","5.760","5.809","5.819","5.760","-0.35%"
"14-11-2025","5.780","5.819","5.819","5.780","-0.21%"
"13-11-2025","5.792","5.775","5.792","5.772","0.43%"
"12-11-2025","5.767","5.775","5.795","5.767","0.23%"
"11-11-2025","5.754","5.772","5.790","5.754","-0.31%"
"10-11-2025","5.772","5.800","5.804","5.772","0.21%"
"07-11-2025","5.760","5.786","5.841","5.760","-0.31%"
"06-11-2025","5.778","5.797","5.807","5.759","-0.33%"
"05-11-2025","5.797","5.797","5.797","5.797","0.03%"
"04-11-2025","5.795","5.835","5.865","5.791","-0.53%"
"03-11-2025","5.826","5.744","5.876","5.744","1.60%"
"31-10-2025","5.734","5.736","5.789","5.734","0.60%"
"30-10-2025","5.700","5.725","5.760","5.700","-0.59%"
"29-10-2025","5.734","5.689","5.754","5.689","1.85%"
"28-10-2025","5.630","5.665","5.689","5.630","-0.04%"
"27-10-2025","5.632","5.648","5.714","5.632","-0.53%"
"24-10-2025","5.662","5.569","5.697","5.569","0.04%"
"23-10-2025","5.660","5.583","5.701","5.569","1.56%"
"22-10-2025","5.573","5.583","5.583","5.573","-0.18%"
"21-10-2025","5.583","5.583","5.583","5.583","0.18%"
"20-10-2025","5.573","5.668","5.668","5.573","-0.71%"
"17-10-2025","5.613","5.675","5.675","5.613","0.07%"
"16-10-2025","5.609","5.588","5.676","5.588","1.14%"
"15-10-2025","5.546","5.612","5.640","5.546","-0.57%"
"14-10-2025","5.578","5.641","5.646","5.578","-0.84%"
"13-10-2025","5.625","5.656","5.656","5.625","0.32%"
"10-10-2025","5.607","5.672","5.672","5.607","-0.48%"
"09-10-2025","5.634","5.643","5.676","5.634","0.02%"
"08-10-2025","5.633","5.642","5.653","5.614","-0.46%"
"07-10-2025","5.659","5.683","5.690","5.646","0.11%"
"06-10-2025","5.653","5.686","5.691","5.636","0.02%"
"03-10-2025","5.652","5.762","5.802","5.652","-1.91%"
"02-10-2025","5.762","5.762","5.762","5.762","-0.71%"
"01-10-2025","5.803","5.788","5.834","5.722","1.42%"
"30-09-2025","5.722","5.793","5.845","5.722","-1.09%"
"29-09-2025","5.785","5.789","5.789","5.785","-0.60%"
"26-09-2025","5.820","5.790","5.820","5.790","0.76%"
"25-09-2025","5.776","5.854","5.854","5.776","0.14%"
"24-09-2025","5.768","5.767","5.784","5.767","0.24%"
"23-09-2025","5.754","5.767","5.831","5.754","-0.17%"
"22-09-2025","5.764","5.760","5.824","5.760","0.07%"
"19-09-2025","5.760","5.821","5.851","5.760","-0.71%"
"18-09-2025","5.801","5.830","5.866","5.801","0.33%"
"17-09-2025","5.782","5.882","5.882","5.782","-0.33%"
"16-09-2025","5.801","5.801","5.902","5.801","0.43%"
"15-09-2025","5.776","5.828","5.845","5.776","-0.86%"
"12-09-2025","5.826","5.818","5.844","5.815","0.40%"
"11-09-2025","5.803","5.811","5.828","5.802","-0.33%"
"10-09-2025","5.822","5.852","5.882","5.822","0.41%"
"09-09-2025","5.798","5.864","5.868","5.798","-0.87%"
"08-09-2025","5.849","5.847","5.868","5.847","-0.27%"
"05-09-2025","5.865","5.847","5.868","5.847","-0.22%"
"04-09-2025","5.878","5.902","5.902","5.813","-0.10%"
"03-09-2025","5.884","5.851","5.914","5.851","0.67%"
"02-09-2025","5.845","5.885","5.887","5.841","-0.63%"
"01-09-2025","5.882","5.859","5.902","5.859","0.84%"
"29-08-2025","5.833","5.874","5.874","5.833","-0.15%"
"28-08-2025","5.842","5.874","5.880","5.826","-0.54%"
"27-08-2025","5.874","5.874","5.874","5.874","0.81%"
"26-08-2025","5.827","5.874","5.874","5.827","-0.95%"
"25-08-2025","5.883","5.852","5.883","5.812","0.44%"
"22-08-2025","5.857","5.854","5.857","5.854","0.09%"
"21-08-2025","5.852","5.857","5.890","5.845","-0.10%"
"20-08-2025","5.858","5.871","5.875","5.856","0.29%"
"19-08-2025","5.841","5.797","5.904","5.797","0.27%"
"18-08-2025","5.825","5.850","5.850","5.785","-0.43%"
"15-08-2025","5.850","5.850","5.850","5.850","1.11%"
"14-08-2025","5.786","5.848","5.848","5.786","-1.16%"
"13-08-2025","5.854","5.811","5.886","5.811","0.17%"
"12-08-2025","5.844","5.799","5.852","5.796","1.58%"
"11-08-2025","5.753","5.722","5.799","5.704","0.79%"
"08-08-2025","5.708","5.785","5.785","5.708","-1.43%"
"07-08-2025","5.791","5.801","5.801","5.685","0.00%"
"06-08-2025","5.791","5.692","5.801","5.687","1.58%"
"05-08-2025","5.701","5.704","5.704","5.682","0.53%"
"04-08-2025","5.671","5.703","5.705","5.671","-0.60%"
"01-08-2025","5.705","5.731","5.731","5.700","-0.19%"
"31-07-2025","5.716","5.725","5.735","5.716","0.56%"
"30-07-2025","5.684","5.708","5.713","5.684","-0.42%"
"29-07-2025","5.708","5.716","5.896","5.671","0.00%"
"28-07-2025","5.708","5.715","5.717","5.708","-0.12%"
"25-07-2025","5.715","5.684","5.715","5.683","0.23%"
"24-07-2025","5.702","5.681","5.702","5.681","0.46%"
"23-07-2025","5.676","5.672","5.692","5.672","0.35%"
"22-07-2025","5.656","5.696","5.746","5.656","-0.23%"
"21-07-2025","5.669","5.666","5.752","5.638","0.69%"
"18-07-2025","5.630","5.706","5.725","5.630","-0.57%"
"17-07-2025","5.662","5.706","5.706","5.662","-0.60%"
"16-07-2025","5.696","5.710","5.811","5.696","0.26%"
"15-07-2025","5.681","5.825","5.828","5.681","0.32%"
"14-07-2025","5.663","5.719","5.866","5.663","0.46%"
"11-07-2025","5.637","5.708","5.833","5.637","-0.81%"
"10-07-2025","5.683","5.712","5.712","5.683","-0.77%"
"09-07-2025","5.727","5.694","5.727","5.694","0.56%"
"08-07-2025","5.695","5.696","5.697","5.695","0.09%"
"07-07-2025","5.690","5.706","5.712","5.681","0.18%"
"04-07-2025","5.680","5.751","5.752","5.689","-0.35%"
"03-07-2025","5.700","5.714","5.778","5.706","0.18%"
"02-07-2025","5.690","5.761","5.807","5.704","0.18%"
"01-07-2025","5.680","5.792","5.806","5.687","-1.22%"
"30-06-2025","5.750","5.784","5.792","5.755","0.70%"
"27-06-2025","5.710","5.793","5.793","5.719","-1.21%"
"26-06-2025","5.780","5.768","5.799","5.768","0.70%"
"25-06-2025","5.740","5.737","5.797","5.737","0.70%"
"24-06-2025","5.700","5.770","5.770","5.712","-0.87%"
"23-06-2025","5.750","5.750","5.786","5.750","0.35%"
"20-06-2025","5.730","5.753","5.753","5.735","-0.17%"
"19-06-2025","5.740","5.721","5.754","5.721","0.70%"
"18-06-2025","5.700","5.752","5.752","5.708","-0.52%"
"17-06-2025","5.730","5.771","5.771","5.659","-1.04%"
"16-06-2025","5.790","5.810","5.810","5.761","-0.17%"
"13-06-2025","5.800","5.793","5.858","5.793","0.17%"
"12-06-2025","5.790","5.778","5.806","5.775","0.70%"
"11-06-2025","5.750","5.686","5.788","5.659","2.68%"
"10-06-2025","5.600","5.651","5.761","5.612","-0.71%"
"09-06-2025","5.640","5.609","5.687","5.607","2.17%"
"06-06-2025","5.520","5.684","5.693","5.534","-2.99%"
"05-06-2025","5.690","5.697","5.705","5.684","0.18%"
"04-06-2025","5.680","5.694","5.713","5.690","0.00%"
"03-06-2025","5.680","5.741","5.748","5.689","-0.35%"
"02-06-2025","5.700","5.703","5.751","5.703","0.53%"
"30-05-2025","5.670","5.711","5.803","5.678","-0.35%"
"29-05-2025","5.690","5.717","5.727","5.704","-0.18%"
"28-05-2025","5.700","5.727","5.734","5.709","-0.35%"
"27-05-2025","5.720","5.742","5.756","5.721","0.35%"
"26-05-2025","5.700","5.734","5.762","5.712","0.18%"
"23-05-2025","5.690","5.767","5.768","5.699","-2.59%"
"16-05-2025","5.841","5.879","5.879","5.841","0.00%"
"15-05-2025","5.841","5.879","5.879","5.841","-1.22%"
"14-05-2025","5.913","5.927","5.927","5.894","-0.08%"
"13-05-2025","5.918","5.956","5.956","5.918","-0.54%"
"12-05-2025","5.950","5.958","5.970","5.948","-1.86%"
"08-05-2025","6.063","6.040","6.091","6.034","0.65%"
"07-05-2025","6.024","5.990","6.036","5.937","0.75%"
"06-05-2025","5.979","6.008","6.008","5.979","-0.18%"
"05-05-2025","5.990","6.021","6.021","5.986","0.17%"
"02-05-2025","5.980","6.012","6.015","6.004","-0.66%"
"30-04-2025","6.020","6.057","6.057","6.022","0.00%"
"29-04-2025","6.020","6.070","6.070","6.027","-0.50%"
"28-04-2025","6.050","6.111","6.146","6.050","0.17%"
"25-04-2025","6.040","6.048","6.361","6.043","0.17%"
"24-04-2025","6.030","6.043","6.092","6.038","0.33%"
"23-04-2025","6.010","6.020","6.044","6.011","0.00%"
"22-04-2025","6.010","6.021","6.046","6.011","0.50%"
"21-04-2025","5.980","6.072","6.072","5.988","-0.99%"
"17-04-2025","6.040","6.083","6.083","6.042","-0.49%"
"16-04-2025","6.070","6.168","6.168","6.080","-0.98%"
"15-04-2025","6.130","6.149","6.179","6.125","-0.33%"
"11-04-2025","6.150","6.180","6.180","6.146","-0.32%"
"09-04-2025","6.170","6.234","6.259","6.176","-1.12%"
"08-04-2025","6.240","6.291","6.291","6.245","-0.32%"
"07-04-2025","6.260","6.287","6.287","6.260","0.64%"
"04-04-2025","6.220","6.332","6.332","6.215","-1.11%"
"03-04-2025","6.290","6.301","6.340","6.297","-0.32%"
"02-04-2025","6.310","6.400","6.400","6.311","-1.71%"
"28-03-2025","6.420","6.464","6.464","6.418","-0.62%"
"27-03-2025","6.460","6.468","6.477","6.463","0.00%"
"26-03-2025","6.460","6.481","6.481","6.459","-0.15%"
"25-03-2025","6.470","6.494","6.552","6.479","0.00%"
"24-03-2025","6.470","6.519","6.519","6.466","0.15%"
"21-03-2025","6.460","6.554","6.554","6.482","-0.62%"
"20-03-2025","6.500","6.557","6.557","6.518","-0.31%"
"19-03-2025","6.520","6.557","6.557","6.528","0.00%"
"18-03-2025","6.520","6.573","6.573","6.545","-0.31%"
"17-03-2025","6.540","6.574","6.574","6.545","0.15%"
"13-03-2025","6.530","6.551","6.575","6.546","-0.15%"
"12-03-2025","6.540","6.564","6.564","6.540","-0.15%"
"11-03-2025","6.550","6.560","6.579","6.556","0.00%"
"10-03-2025","6.550","6.556","6.580","6.556","0.15%"
"07-03-2025","6.540","6.557","6.557","6.538","0.15%"
"06-03-2025","6.530","6.560","6.560","6.534","-0.15%"
"05-03-2025","6.540","6.608","6.608","6.559","-0.30%"
"04-03-2025","6.560","6.586","6.609","6.565","0.00%"
"03-03-2025","6.560","6.596","6.596","6.579","0.31%"
"28-02-2025","6.540","6.611","6.611","6.568","-0.30%"
"27-02-2025","6.560","6.569","6.573","6.559","-0.09%"
"25-02-2025","6.566","6.602","6.602","6.563","-0.21%"
"24-02-2025","6.580","6.612","6.612","6.581","-0.47%"
"21-02-2025","6.611","6.666","6.666","6.611","-0.09%"
"20-02-2025","6.617","6.626","6.626","6.617","0.09%"
"18-02-2025","6.611","6.632","6.632","6.611","0.03%"
"17-02-2025","6.609","6.629","6.629","6.608","-0.26%"
"14-02-2025","6.626","6.637","6.641","6.625","-0.09%"
"13-02-2025","6.632","6.637","6.641","6.618","0.27%"
"12-02-2025","6.614","6.624","6.624","6.606","-0.02%"
"11-02-2025","6.615","6.629","6.629","6.606","0.14%"
"10-02-2025","6.606","6.676","6.676","6.606","0.18%"
"07-02-2025","6.594","6.631","6.631","6.576","0.41%"
"06-02-2025","6.567","6.634","6.634","6.567","0.14%"
"05-02-2025","6.558","6.635","6.635","6.558","-0.24%"
"04-02-2025","6.574","6.590","6.590","6.572","-0.06%"
"03-02-2025","6.578","6.579","6.614","6.573","-0.38%"
"31-01-2025","6.603","6.637","6.637","6.603","-0.11%"
"30-01-2025","6.610","6.663","6.663","6.610","-0.02%"
"29-01-2025","6.611","6.640","6.640","6.608","0.29%"
"28-01-2025","6.592","6.641","6.641","6.592","-0.11%"
"27-01-2025","6.599","6.623","6.623","6.596","-0.38%"
"24-01-2025","6.624","6.634","6.642","6.620","-0.09%"
"23-01-2025","6.630","6.659","6.659","6.630","-0.15%"
"22-01-2025","6.640","6.714","6.714","6.640","-0.21%"
"21-01-2025","6.654","6.715","6.715","6.647","-0.17%"
"20-01-2025","6.665","6.706","6.706","6.665","0.26%"
"17-01-2025","6.648","6.680","6.680","6.648","-0.05%"
"16-01-2025","6.651","6.696","6.696","6.651","-1.12%"
"15-01-2025","6.726","6.764","6.764","6.724","-0.34%"
"14-01-2025","6.749","6.787","6.787","6.747","0.04%"
"13-01-2025","6.746","6.838","6.838","6.746","0.87%"
"10-01-2025","6.688","6.695","6.708","6.685","-0.03%"
"09-01-2025","6.690","6.688","6.747","6.688","0.24%"
"08-01-2025","6.674","6.703","6.703","6.672","-0.15%"
"07-01-2025","6.684","6.681","6.695","6.670","0.10%"
"06-01-2025","6.677","6.713","6.713","6.677","-0.46%"
"03-01-2025","6.708","6.727","6.727","6.708","-0.21%"
"02-01-2025","6.722","6.730","6.752","6.716","-0.15%"
"01-01-2025","6.732","6.744","6.744","6.713","0.49%"
"31-12-2024","6.699","6.745","6.745","6.699","-0.33%"
"30-12-2024","6.721","6.767","6.767","6.721","-0.34%"
"27-12-2024","6.744","6.744","6.756","6.744","-0.95%"
"26-12-2024","6.809","6.746","6.809","6.728","1.29%"
"24-12-2024","6.722","6.739","6.739","6.721","-0.66%"
"23-12-2024","6.767","6.725","6.767","6.719","0.67%"
"20-12-2024","6.722","6.749","6.755","6.718","0.19%"
"19-12-2024","6.709","6.771","6.771","6.709","0.34%"
"18-12-2024","6.686","6.692","6.701","6.678","0.22%"
"17-12-2024","6.671","6.700","6.706","6.665","0.01%"
"16-12-2024","6.670","6.690","6.699","6.670","-0.07%"
"13-12-2024","6.675","6.697","6.697","6.669","0.23%"
"12-12-2024","6.660","6.694","6.694","6.660","0.30%"
"11-12-2024","6.640","6.704","6.704","6.640","0.21%"
"10-12-2024","6.626","6.629","6.646","6.623","-0.27%"
"09-12-2024","6.644","6.690","6.690","6.644","0.08%"
"06-12-2024","6.639","6.746","6.746","6.639","0.24%"
"05-12-2024","6.623","6.629","6.629","6.607","0.29%"
"04-12-2024","6.604","6.639","6.639","6.604","-0.36%"
"03-12-2024","6.628","6.655","6.655","6.627","0.11%"
"02-12-2024","6.621","6.626","6.654","6.615","-0.73%"
"29-11-2024","6.670","6.646","6.670","6.646","-0.61%"
"28-11-2024","6.711","6.711","6.711","6.711","-0.09%"
"27-11-2024","6.717","6.745","6.745","6.717","0.06%"
"26-11-2024","6.713","6.729","6.752","6.713","-0.09%"
"25-11-2024","6.719","6.730","6.730","6.719","-0.09%"
"22-11-2024","6.725","6.725","6.725","6.725","0.12%"
"21-11-2024","6.717","6.720","6.723","6.717","0.16%"
"19-11-2024","6.706","6.741","6.741","6.706","-0.13%"
"18-11-2024","6.715","6.715","6.715","6.715","0.22%"
"14-11-2024","6.700","6.732","6.754","6.700","-0.24%"
"13-11-2024","6.716","6.731","6.731","6.716","0.09%"
"12-11-2024","6.710","6.742","6.742","6.710","0.12%"
"11-11-2024","6.702","6.721","6.721","6.702","-0.01%"
"08-11-2024","6.703","6.743","6.743","6.703","-0.03%"
"07-11-2024","6.705","6.736","6.736","6.705","-0.43%"
"06-11-2024","6.734","6.792","6.792","6.734","0.81%"
"05-11-2024","6.680","6.752","6.752","6.680","-0.57%"
"04-11-2024","6.718","6.718","6.718","6.718","0.39%"
"31-10-2024","6.692","6.751","6.751","6.692","-0.37%"
"30-10-2024","6.717","6.724","6.724","6.717","0.28%"
"29-10-2024","6.698","6.741","6.759","6.698","-0.30%"
"28-10-2024","6.718","6.759","6.759","6.718","-0.24%"
"25-10-2024","6.734","6.719","6.734","6.707","0.49%"
"24-10-2024","6.701","6.726","6.726","6.691","0.51%"
"23-10-2024","6.667","6.732","6.732","6.667","-0.54%"
"22-10-2024","6.703","6.709","6.721","6.703","0.52%"
"21-10-2024","6.668","6.750","6.750","6.668","0.09%"
"18-10-2024","6.662","6.662","6.662","6.662","0.12%"
"17-10-2024","6.654","6.643","6.654","6.643","0.00%"
"16-10-2024","6.654","6.654","6.654","6.654","0.14%"
"15-10-2024","6.645","6.645","6.645","6.645","0.27%"
"14-10-2024","6.627","6.622","6.627","6.622","-0.57%"
"11-10-2024","6.665","6.665","6.665","6.665","0.09%"
"10-10-2024","6.659","6.659","6.659","6.659","0.33%"
"09-10-2024","6.637","6.637","6.637","6.637","-0.57%"
"08-10-2024","6.675","6.675","6.675","6.675","-0.10%"
"07-10-2024","6.682","6.682","6.699","6.682","0.41%"
"04-10-2024","6.655","6.655","6.655","6.655","0.21%"
"03-10-2024","6.641","6.641","6.641","6.641","0.20%"
"01-10-2024","6.628","6.628","6.628","6.628","-0.42%"
"30-09-2024","6.656","6.696","6.704","6.656","0.02%"
"27-09-2024","6.655","6.709","6.709","6.655","-0.33%"
"26-09-2024","6.677","6.702","6.702","6.677","-0.28%"
"25-09-2024","6.696","6.711","6.711","6.687","-0.06%"
"24-09-2024","6.700","6.706","6.713","6.699","0.28%"
"23-09-2024","6.681","6.696","6.710","6.681","0.30%"
"20-09-2024","6.661","6.693","6.708","6.661","0.17%"
"19-09-2024","6.650","6.689","6.689","6.650","-0.08%"
"17-09-2024","6.655","6.688","6.788","6.655","-0.43%"
"16-09-2024","6.684","6.745","6.745","6.684","-0.30%"
"13-09-2024","6.704","6.710","6.710","6.697","-0.40%"
"12-09-2024","6.731","6.744","6.744","6.730","-0.01%"
"11-09-2024","6.732","6.776","6.776","6.732","-0.12%"
"10-09-2024","6.740","6.767","6.767","6.740","-0.22%"
"09-09-2024","6.755","6.806","6.806","6.755","0.18%"
"06-09-2024","6.743","6.784","6.784","6.743","-0.18%"
"05-09-2024","6.755","6.784","6.784","6.755","-0.06%"
"04-09-2024","6.759","6.769","6.769","6.759","-0.09%"
"03-09-2024","6.765","6.780","6.780","6.765","0.01%"
"02-09-2024","6.764","6.771","6.792","6.764","0.28%"
"30-08-2024","6.745","6.745","6.745","6.745","0.30%"
"29-08-2024","6.725","6.794","6.794","6.725","-0.24%"
"28-08-2024","6.741","6.769","6.794","6.741","-0.15%"
"27-08-2024","6.751","6.751","6.751","6.751","-0.19%"
"26-08-2024","6.764","6.771","6.771","6.764","-0.09%"
"23-08-2024","6.770","6.770","6.770","6.770","0.04%"
"22-08-2024","6.767","6.773","6.773","6.767","-0.06%"
"21-08-2024","6.771","6.784","6.798","6.771","-0.09%"
"20-08-2024","6.777","6.799","6.799","6.777","0.18%"
"19-08-2024","6.765","6.800","6.805","6.765","-0.56%"
"16-08-2024","6.803","6.803","6.803","6.803","0.01%"
"14-08-2024","6.802","6.802","6.802","6.802","-0.06%"
"13-08-2024","6.806","6.806","6.806","6.806","0.09%"
"12-08-2024","6.800","6.800","6.800","6.800","0.29%"
"09-08-2024","6.780","6.780","6.780","6.780","0.38%"
"08-08-2024","6.754","6.754","6.754","6.754","0.06%"
"07-08-2024","6.750","6.792","6.807","6.750","-0.25%"
"06-08-2024","6.767","6.767","6.767","6.767","0.13%"
"05-08-2024","6.758","6.808","6.808","6.758","-0.76%"
"02-08-2024","6.810","6.833","6.833","6.806","-0.21%"
"01-08-2024","6.824","6.815","6.824","6.810","0.10%"
"31-07-2024","6.817","6.825","6.828","6.817","-0.04%"
"30-07-2024","6.820","6.821","6.826","6.811","0.00%"
"29-07-2024","6.820","6.840","6.840","6.820","-0.07%"
"26-07-2024","6.825","6.860","7.031","6.817","-0.20%"
"25-07-2024","6.839","6.862","6.871","6.839","-0.38%"
"24-07-2024","6.865","6.886","6.890","6.865","-0.15%"
"23-07-2024","6.875","6.892","6.892","6.875","-0.15%"
"22-07-2024","6.885","6.916","6.916","6.885","0.17%"
"19-07-2024","6.873","7.032","7.032","6.873","-0.04%"
"18-07-2024","6.876","6.901","6.937","6.876","-0.22%"
"16-07-2024","6.891","6.951","6.951","6.891","-0.27%"
"15-07-2024","6.910","6.967","6.967","6.910","-0.07%"
"12-07-2024","6.915","6.963","6.963","6.915","-0.13%"
"11-07-2024","6.924","6.924","6.924","6.924","-0.10%"
"10-07-2024","6.931","6.955","6.955","6.931","-0.14%"
"09-07-2024","6.941","6.956","6.956","6.941","0.01%"
"08-07-2024","6.940","6.951","6.956","6.940","-0.13%"
"05-07-2024","6.949","6.976","6.976","6.949","-0.09%"
"04-07-2024","6.955","6.967","6.967","6.953","-0.01%"
"03-07-2024","6.956","6.968","6.968","6.954","0.20%"
"02-07-2024","6.942","6.942","6.942","6.942","-0.30%"
"01-07-2024","6.963","6.992","6.992","6.959","0.20%"
"28-06-2024","6.949","6.969","6.969","6.949","-0.03%"
"27-06-2024","6.951","6.961","6.966","6.951","0.00%"
"26-06-2024","6.951","7.065","7.065","6.951","0.07%"
"25-06-2024","6.946","6.981","6.981","6.946","0.20%"
"24-06-2024","6.932","6.981","6.981","6.932","-0.32%"
"21-06-2024","6.954","6.986","7.136","6.954","0.07%"
"20-06-2024","6.949","6.974","6.997","6.949","-0.17%"
"19-06-2024","6.961","6.965","6.979","6.958","-0.04%"
"18-06-2024","6.964","6.989","7.000","6.964","-0.16%"
"14-06-2024","6.975","6.980","6.980","6.961","0.00%"
"13-06-2024","6.975","7.000","7.000","6.965","-0.17%"
"12-06-2024","6.987","7.000","7.000","6.987","-0.13%"
"11-06-2024","6.996","7.079","7.079","6.992","-0.06%"
"10-06-2024","7.000","7.020","7.022","7.000","-0.04%"
"07-06-2024","7.003","7.046","7.140","7.003","-0.17%"
"06-06-2024","7.015","7.141","7.141","7.012","-0.74%"
"05-06-2024","7.067","7.118","7.118","7.040","-0.25%"
"04-06-2024","7.085","7.050","7.150","7.050","0.84%"
"03-06-2024","7.026","7.050","7.050","7.018","0.44%"
"31-05-2024","6.995","7.084","7.084","6.995","-0.03%"
"30-05-2024","6.997","7.084","7.084","6.997","-0.23%"
"29-05-2024","7.013","7.137","7.137","7.013","0.14%"
"28-05-2024","7.003","7.076","7.076","7.003","-0.11%"
"27-05-2024","7.011","7.044","7.044","7.011","0.17%"
"24-05-2024","6.999","7.029","7.029","6.998","-0.48%"
"22-05-2024","7.033","7.047","7.095","7.025","0.03%"
"21-05-2024","7.031","7.056","7.056","7.030","-0.21%"
"17-05-2024","7.046","7.064","7.064","7.046","-0.03%"
"16-05-2024","7.048","7.082","7.082","7.041","-0.30%"
"15-05-2024","7.069","7.088","7.088","7.069","0.11%"
"14-05-2024","7.061","7.107","7.107","7.061","-0.21%"
"13-05-2024","7.076","7.088","7.088","7.070","-0.04%"
"10-05-2024","7.079","7.109","7.115","7.079","-0.23%"
"09-05-2024","7.095","7.103","7.103","7.095","0.06%"
"08-05-2024","7.091","7.118","7.153","7.091","0.16%"
"07-05-2024","7.080","7.151","7.151","7.076","0.08%"
"06-05-2024","7.074","7.120","7.120","7.074","-0.70%"
"03-05-2024","7.124","7.135","7.135","7.116","-0.15%"
"02-05-2024","7.135","7.141","7.147","7.118","-0.04%"
"30-04-2024","7.138","7.148","7.150","7.138","0.00%"
"29-04-2024","7.138","7.164","7.164","7.135","-0.22%"
"26-04-2024","7.154","7.179","7.179","7.139","0.17%"
"25-04-2024","7.142","7.179","7.179","7.142","0.04%"
"24-04-2024","7.139","7.143","7.143","7.135","0.28%"
"23-04-2024","7.119","7.141","7.152","7.118","-0.18%"
"22-04-2024","7.132","7.161","7.161","7.132","-0.29%"
"19-04-2024","7.153","7.289","7.289","7.148","0.96%"
"18-04-2024","7.085","7.143","7.143","7.085","-0.45%"
"16-04-2024","7.117","7.281","7.281","7.113","0.31%"
"15-04-2024","7.095","7.193","7.193","7.095","0.17%"
"12-04-2024","7.083","7.130","7.130","7.083","0.20%"
"10-04-2024","7.069","7.113","7.113","7.069","-0.08%"
"08-04-2024","7.075","7.209","7.209","7.075","0.24%"
"05-04-2024","7.058","7.094","7.094","7.055","0.71%"
"04-04-2024","7.008","7.071","7.071","7.008","-0.61%"
"03-04-2024","7.051","7.058","7.058","7.036","-0.18%"
"02-04-2024","7.064","7.067","7.079","7.040","0.54%"
"28-03-2024","7.026","7.094","7.094","7.020","-0.75%"
"27-03-2024","7.079","7.115","7.115","7.079","0.06%"
"26-03-2024","7.075","7.098","7.098","7.075","0.16%"
"22-03-2024","7.064","7.093","7.093","7.064","0.31%"
"21-03-2024","7.042","7.081","7.081","7.042","-0.44%"
"20-03-2024","7.073","7.091","7.094","7.070","-0.11%"
"19-03-2024","7.081","7.091","7.091","7.081","0.47%"
"18-03-2024","7.048","7.070","7.091","7.048","0.01%"
"15-03-2024","7.047","7.049","7.064","7.038","0.28%"
"14-03-2024","7.027","7.074","7.074","7.027","0.11%"
"13-03-2024","7.019","7.011","7.037","7.011","0.24%"
"12-03-2024","7.002","7.011","7.011","7.002","-0.01%"
"11-03-2024","7.003","7.029","7.029","7.003","-0.07%"
"07-03-2024","7.008","7.029","7.029","7.008","-0.04%"
"06-03-2024","7.011","7.036","7.036","7.011","-0.30%"
"05-03-2024","7.032","7.031","7.032","7.029","0.07%"
"04-03-2024","7.027","7.052","7.052","7.027","0.33%"
"01-03-2024","7.004","7.004","7.004","7.004","-0.31%"
"29-02-2024","7.026","7.061","7.061","7.026","0.09%"
"28-02-2024","7.020","7.020","7.040","7.020","-0.11%"
"27-02-2024","7.028","7.030","7.035","7.025","0.39%"
"26-02-2024","7.001","7.025","7.025","7.001","-0.07%"
"23-02-2024","7.006","7.086","7.086","7.006","-0.20%"
"22-02-2024","7.020","7.024","7.136","7.014","0.29%"
"21-02-2024","7.000","7.034","7.034","7.000","-0.16%"
"20-02-2024","7.011","7.060","7.060","7.011","-0.89%"
"16-02-2024","7.074","7.060","7.074","7.054","0.31%"
"15-02-2024","7.052","7.089","7.089","7.052","-0.40%"
"14-02-2024","7.080","7.109","7.109","7.080","0.33%"
"13-02-2024","7.057","7.079","7.079","7.049","0.13%"
"12-02-2024","7.048","7.084","7.084","7.033","-0.03%"
"09-02-2024","7.050","7.051","7.083","7.037","0.56%"
"08-02-2024","7.011","7.068","7.068","7.011","-0.04%"
"07-02-2024","7.014","7.028","7.048","7.014","0.39%"
"06-02-2024","6.987","7.028","7.028","6.987","-0.24%"
"05-02-2024","7.004","7.033","7.033","7.004","0.33%"
"02-02-2024","6.981","7.008","7.008","6.978","-0.27%"
"01-02-2024","7.000","7.042","7.042","7.000","0.01%"
"31-01-2024","6.999","7.047","7.052","6.999","-0.14%"
"30-01-2024","7.009","7.044","7.045","7.009","-0.13%"
"29-01-2024","7.018","7.030","7.061","7.018","0.00%"
"25-01-2024","7.018","7.033","7.033","7.018","-0.01%"
"24-01-2024","7.019","7.077","7.077","7.019","-0.23%"
"23-01-2024","7.035","7.060","7.060","7.035","0.23%"
"19-01-2024","7.019","7.097","7.097","7.019","-0.13%"
"18-01-2024","7.028","7.052","7.097","7.027","0.04%"
"17-01-2024","7.025","7.030","7.030","7.020","0.29%"
"16-01-2024","7.005","7.042","7.054","7.005","-0.11%"
"15-01-2024","7.013","7.037","7.037","7.012","-0.26%"
"12-01-2024","7.031","7.120","7.120","7.031","-0.09%"
"11-01-2024","7.037","7.074","7.074","7.035","0.03%"
"10-01-2024","7.035","7.061","7.061","7.034","-0.27%"
"09-01-2024","7.054","7.062","7.062","7.052","0.01%"
"08-01-2024","7.053","7.085","7.085","7.053","0.03%"
"05-01-2024","7.051","7.078","7.078","7.051","-0.13%"
"04-01-2024","7.060","7.078","7.078","7.054","0.03%"
"03-01-2024","7.058","7.091","7.091","7.058","-0.10%"
"02-01-2024","7.065","7.085","7.085","7.065","-0.28%"
"01-01-2024","7.085","7.103","7.103","7.068","0.07%"
"29-12-2023","7.080","7.111","7.111","7.072","-0.20%"
"28-12-2023","7.094","7.093","7.108","7.083","0.30%"
"27-12-2023","7.073","7.091","7.091","7.073","-0.10%"
"26-12-2023","7.080","7.114","7.114","7.080","0.23%"
"22-12-2023","7.064","7.083","7.088","7.064","0.60%"
"21-12-2023","7.022","7.072","7.106","7.022","-0.48%"
"20-12-2023","7.056","7.075","7.075","7.056","-0.07%"
"19-12-2023","7.061","7.078","7.078","7.059","0.09%"
"18-12-2023","7.055","7.082","7.086","7.055","-0.04%"
"15-12-2023","7.058","7.124","7.124","7.041","-0.72%"
"14-12-2023","7.109","7.157","7.157","7.109","-1.18%"
"13-12-2023","7.194","7.204","7.204","7.194","-0.21%"
"12-12-2023","7.209","7.285","7.285","7.207","-0.19%"
"11-12-2023","7.223","7.244","7.272","7.220","0.04%"
"08-12-2023","7.220","7.233","7.266","7.219","-0.04%"
"07-12-2023","7.223","7.252","7.252","7.223","0.03%"
"06-12-2023","7.221","7.240","7.240","7.221","-0.21%"
"05-12-2023","7.236","7.258","7.258","7.229","-0.21%"
"04-12-2023","7.251","7.266","7.266","7.246","-0.29%"
"01-12-2023","7.272","7.293","7.293","7.269","0.12%"
"30-11-2023","7.263","7.268","7.268","7.259","0.17%"
"29-11-2023","7.251","7.281","7.281","7.251","-0.40%"
"28-11-2023","7.280","7.284","7.284","7.277","0.26%"
"24-11-2023","7.261","7.282","7.282","7.261","0.14%"
"23-11-2023","7.251","7.275","7.275","7.250","-0.01%"
"22-11-2023","7.252","7.273","7.273","7.250","0.11%"
"21-11-2023","7.244","7.215","7.267","7.215","0.35%"
"20-11-2023","7.219","7.246","7.251","7.219","0.36%"
"17-11-2023","7.193","7.216","7.216","7.188","0.03%"
"16-11-2023","7.191","7.216","7.216","7.191","-0.19%"
"15-11-2023","7.205","7.243","7.313","7.200","-0.62%"
"13-11-2023","7.250","7.250","7.250","7.250","-0.12%"
"10-11-2023","7.259","7.286","7.286","7.259","0.17%"
"09-11-2023","7.247","7.369","7.369","7.247","0.30%"
"08-11-2023","7.225","7.245","7.297","7.225","-0.37%"
"07-11-2023","7.252","7.318","7.318","7.252","-0.12%"
"06-11-2023","7.261","7.298","7.298","7.261","-0.34%"
"03-11-2023","7.286","7.294","7.294","7.286","-0.05%"
"02-11-2023","7.290","7.356","7.356","7.290","-0.71%"
"01-11-2023","7.342","7.364","7.364","7.341","0.31%"
"31-10-2023","7.319","7.331","7.331","7.311","-0.08%"
"30-10-2023","7.325","7.356","7.356","7.325","0.05%"
"27-10-2023","7.321","7.346","7.346","7.321","-0.30%"
"26-10-2023","7.343","7.350","7.350","7.342","0.04%"
"25-10-2023","7.340","7.342","7.342","7.340","-0.04%"
"23-10-2023","7.343","7.383","7.383","7.343","0.26%"
"20-10-2023","7.324","7.333","7.442","7.324","-0.23%"
"19-10-2023","7.341","7.433","7.433","7.341","0.03%"
"18-10-2023","7.339","7.384","7.384","7.339","0.25%"
"17-10-2023","7.321","7.325","7.325","7.321","-0.05%"
"16-10-2023","7.325","7.359","7.359","7.325","0.40%"
"13-10-2023","7.296","7.350","7.350","7.286","-0.46%"
"12-10-2023","7.330","7.360","7.360","7.330","0.25%"
"11-10-2023","7.312","7.356","7.356","7.312","-0.34%"
"10-10-2023","7.337","7.434","7.434","7.337","-0.46%"
"09-10-2023","7.371","7.459","7.459","7.371","0.33%"
"06-10-2023","7.347","7.352","7.400","7.347","0.84%"
"05-10-2023","7.286","7.304","7.304","7.286","-0.23%"
"04-10-2023","7.303","7.348","7.348","7.290","0.33%"
"03-10-2023","7.279","7.314","7.557","7.261","0.32%"
"29-09-2023","7.256","7.291","7.291","7.256","-0.23%"
"28-09-2023","7.273","7.253","7.292","7.244","0.85%"
"27-09-2023","7.212","7.212","7.212","7.212","-0.03%"
"26-09-2023","7.214","7.269","7.269","7.214","1.29%"
"25-09-2023","7.122","7.293","7.293","7.122","-1.11%"
"22-09-2023","7.202","7.246","7.246","7.202","0.19%"
"21-09-2023","7.188","7.213","7.213","7.152","-0.11%"
"20-09-2023","7.196","7.304","7.304","7.190","-0.06%"
"18-09-2023","7.200","7.238","7.248","7.195","0.42%"
"15-09-2023","7.170","7.168","7.225","7.158","0.32%"
"14-09-2023","7.147","7.156","7.169","7.134","-0.46%"
"13-09-2023","7.180","7.203","7.250","7.180","-0.83%"
"12-09-2023","7.240","7.274","7.274","7.236","0.68%"
"11-09-2023","7.191","7.223","7.260","7.191","-0.12%"
"08-09-2023","7.200","7.195","7.251","7.190","0.28%"
"07-09-2023","7.180","7.206","7.206","7.180","-0.50%"
"06-09-2023","7.216","7.239","7.244","7.206","0.46%"
"05-09-2023","7.183","7.207","7.207","7.183","-0.01%"
"04-09-2023","7.184","7.231","7.240","7.184","0.34%"
"01-09-2023","7.160","7.161","7.184","7.156","0.72%"
"31-08-2023","7.109","7.151","7.151","7.107","-0.24%"
"30-08-2023","7.126","7.148","7.148","7.126","0.45%"
"29-08-2023","7.094","7.173","7.173","7.094","-0.17%"
"28-08-2023","7.106","7.163","7.163","7.106","0.08%"
"25-08-2023","7.100","7.173","7.173","7.100","-0.24%"
"24-08-2023","7.117","7.134","7.146","7.107","0.31%"
"23-08-2023","7.095","7.210","7.210","7.095","-0.31%"
"22-08-2023","7.117","7.220","7.220","7.117","1.25%"
"21-08-2023","7.029","7.217","7.217","7.029","-2.18%"
"18-08-2023","7.186","7.220","7.220","7.159","-0.36%"
"17-08-2023","7.212","7.236","7.236","7.212","1.24%"
"14-08-2023","7.124","7.172","7.172","7.124","0.01%"
"11-08-2023","7.123","7.224","7.224","7.122","0.56%"
"10-08-2023","7.083","7.186","7.186","7.083","0.16%"
"09-08-2023","7.072","7.105","7.105","7.063","0.16%"
"08-08-2023","7.061","7.150","7.150","7.061","-0.18%"
"07-08-2023","7.074","7.076","7.100","7.070","-0.16%"
"04-08-2023","7.085","7.085","7.085","7.085","0.24%"
"03-08-2023","7.068","7.101","7.101","7.068","0.27%"
"02-08-2023","7.049","7.075","7.134","7.049","0.11%"
"01-08-2023","7.041","7.090","7.090","7.041","-0.49%"
"31-07-2023","7.076","7.090","7.090","7.076","0.40%"
"28-07-2023","7.048","7.174","7.174","7.048","0.63%"
"27-07-2023","7.004","7.058","7.088","7.004","-0.03%"
"26-07-2023","7.006","7.059","7.059","7.006","0.11%"
"25-07-2023","6.998","7.025","7.060","6.998","-0.07%"
"24-07-2023","7.003","7.014","7.014","7.003","-0.01%"
"21-07-2023","7.004","7.027","7.027","7.004","0.11%"
"20-07-2023","6.996","6.996","6.996","6.996","0.11%"
"19-07-2023","6.988","6.988","6.988","6.988","0.20%"
"18-07-2023","6.974","6.991","6.991","6.974","-0.11%"
"17-07-2023","6.982","7.068","7.068","6.982","-0.13%"
"14-07-2023","6.991","6.991","6.991","6.991","0.00%"
"13-07-2023","6.991","7.014","7.014","6.991","-0.43%"
"12-07-2023","7.021","7.021","7.021","7.021","0.13%"
"11-07-2023","7.012","7.074","7.074","7.012","-0.57%"
"10-07-2023","7.052","7.075","7.075","7.052","0.07%"
"07-07-2023","7.047","7.105","7.105","7.047","-0.03%"
"06-07-2023","7.049","7.079","7.079","7.049","0.34%"
"05-07-2023","7.025","7.051","7.051","7.025","0.03%"
"04-07-2023","7.023","7.081","7.081","7.023","0.29%"
"03-07-2023","7.003","7.082","7.082","7.003","0.85%"
"30-06-2023","6.944","7.013","7.055","6.944","0.32%"
"28-06-2023","6.922","6.935","6.956","6.921","-0.12%"
"27-06-2023","6.930","6.935","6.935","6.928","0.07%"
"26-06-2023","6.925","6.941","6.955","6.925","0.12%"
"23-06-2023","6.917","7.024","7.024","6.917","-0.04%"
"22-06-2023","6.920","6.933","6.961","6.920","-0.45%"
"21-06-2023","6.951","6.931","6.951","6.931","0.20%"
"20-06-2023","6.937","6.981","6.981","6.912","0.46%"
"19-06-2023","6.905","6.946","6.946","6.899","0.22%"
"16-06-2023","6.890","6.987","6.987","6.890","0.57%"
"15-06-2023","6.851","6.945","6.945","6.851","-0.67%"
"14-06-2023","6.897","6.986","6.986","6.897","0.41%"
"13-06-2023","6.869","6.952","6.952","6.869","0.10%"
"12-06-2023","6.862","7.005","7.005","6.862","-0.45%"
"09-06-2023","6.893","6.918","6.941","6.893","0.01%"
"08-06-2023","6.892","6.937","6.937","6.864","1.12%"
"07-06-2023","6.816","6.850","6.950","6.816","0.10%"
"06-06-2023","6.809","6.870","6.870","6.809","-0.09%"
"05-06-2023","6.815","6.897","6.897","6.815","0.09%"
"02-06-2023","6.809","6.870","6.870","6.809","0.28%"
"01-06-2023","6.790","6.850","6.883","6.790","-0.18%"
"31-05-2023","6.802","6.850","6.850","6.802","-0.60%"
"30-05-2023","6.843","6.843","6.870","6.843","0.00%"
"29-05-2023","6.843","6.850","6.949","6.843","0.23%"
"26-05-2023","6.827","6.850","6.850","6.827","0.09%"
"25-05-2023","6.821","6.850","6.882","6.821","0.07%"
"24-05-2023","6.816","6.840","6.840","6.816","0.07%"
"23-05-2023","6.811","6.817","6.882","6.804","0.46%"
"22-05-2023","6.780","6.817","6.817","6.771","-0.75%"
"19-05-2023","6.831","6.915","6.915","6.830","-0.39%"
"18-05-2023","6.858","6.908","6.908","6.858","0.01%"
"17-05-2023","6.857","6.908","6.908","6.837","-0.16%"
"16-05-2023","6.868","6.914","6.914","6.868","-0.03%"
"15-05-2023","6.870","6.914","6.914","6.870","-0.07%"
"12-05-2023","6.875","6.914","6.927","6.875","-0.32%"
"11-05-2023","6.897","6.913","6.933","6.897","-0.03%"
"10-05-2023","6.899","6.945","6.945","6.899","-0.03%"
"09-05-2023","6.901","6.939","6.939","6.900","0.06%"
"08-05-2023","6.897","6.881","6.920","6.881","0.06%"
"04-05-2023","6.893","6.900","6.900","6.881","0.26%"
"03-05-2023","6.875","6.873","6.875","6.869","-0.09%"
"02-05-2023","6.881","6.938","6.938","6.881","-0.09%"
"28-04-2023","6.887","6.913","6.913","6.887","0.00%"
"27-04-2023","6.887","6.912","6.912","6.887","-0.09%"
"26-04-2023","6.893","6.881","6.906","6.881","0.09%"
"25-04-2023","6.887","6.887","6.912","6.881","0.29%"
"24-04-2023","6.867","6.912","6.912","6.865","-0.16%"
"21-04-2023","6.878","6.912","6.912","6.865","0.00%"
"20-04-2023","6.878","6.912","6.912","6.865","-0.15%"
"19-04-2023","6.888","6.906","6.912","6.887","-0.32%"
"18-04-2023","6.910","6.943","6.943","6.906","-0.03%"
"17-04-2023","6.912","6.943","6.943","6.912","0.33%"
"13-04-2023","6.889","6.937","6.937","6.889","-0.17%"
"12-04-2023","6.901","6.955","6.955","6.899","-0.50%"
"11-04-2023","6.936","6.961","6.997","6.930","0.81%"
"10-04-2023","6.880","6.973","6.973","6.880","-0.56%"
"06-04-2023","6.919","6.942","6.985","6.912","-1.70%"
"05-04-2023","7.039","7.039","7.064","7.037","-0.42%"
"03-04-2023","7.069","7.124","7.124","7.063","0.30%"
"31-03-2023","7.048","7.105","7.105","7.039","-0.21%"
"29-03-2023","7.063","7.092","7.123","7.063","0.01%"
"28-03-2023","7.062","7.050","7.092","7.050","0.33%"
"27-03-2023","7.039","7.032","7.056","7.032","0.07%"
"24-03-2023","7.034","7.062","7.074","7.031","-0.50%"
"23-03-2023","7.069","7.097","7.097","7.059","-0.25%"
"21-03-2023","7.087","7.133","7.133","7.087","0.60%"
"20-03-2023","7.045","7.090","7.090","7.045","-0.86%"
"17-03-2023","7.106","7.209","7.209","7.106","0.23%"
"16-03-2023","7.090","7.166","7.166","7.090","-0.74%"
"15-03-2023","7.143","7.356","7.356","7.143","0.24%"
"14-03-2023","7.126","7.207","7.207","7.118","-0.67%"
"13-03-2023","7.174","7.266","7.266","7.165","-2.22%"
"10-03-2023","7.337","7.307","7.432","7.307","-0.66%"
"09-03-2023","7.386","7.471","7.471","7.386","-0.07%"
"08-03-2023","7.391","7.411","7.529","7.391","1.11%"
"06-03-2023","7.310","7.352","7.352","7.310","-0.23%"
"03-03-2023","7.327","7.398","7.398","7.327","0.18%"
"02-03-2023","7.314","7.437","7.437","7.314","0.05%"
"01-03-2023","7.310","7.348","7.407","7.307","-0.07%"
"28-02-2023","7.315","7.363","7.363","7.315","0.04%"
"27-02-2023","7.312","7.380","7.380","7.312","0.58%"
"24-02-2023","7.270","7.254","7.387","7.244","0.32%"
"23-02-2023","7.247","7.420","7.420","7.238","0.12%"
"22-02-2023","7.238","7.304","7.314","7.238","0.22%"
"21-02-2023","7.222","7.199","7.292","7.199","0.49%"
"20-02-2023","7.187","7.196","7.363","7.187","-0.31%"
"17-02-2023","7.209","7.165","7.263","7.165","1.01%"
"16-02-2023","7.137","7.159","7.207","7.137","-0.68%"
"15-02-2023","7.186","7.229","7.254","7.171","-0.28%"
"14-02-2023","7.206","7.251","7.251","7.203","0.28%"
"13-02-2023","7.186","7.273","7.273","7.172","0.36%"
"10-02-2023","7.160","7.198","7.198","7.145","0.56%"
"09-02-2023","7.120","7.120","7.357","7.120","0.04%"
"08-02-2023","7.117","7.060","7.180","7.060","1.05%"
"07-02-2023","7.043","7.058","7.058","7.043","0.16%"
"06-02-2023","7.032","7.089","7.089","7.032","0.59%"
"04-02-2023","6.991","7.001","7.001","6.991","0.00%"
"03-02-2023","6.991","7.015","7.020","6.991","-0.06%"
"02-02-2023","6.995","6.986","7.034","6.962","-0.24%"
"01-02-2023","7.012","7.199","7.199","7.008","-0.72%"
"31-01-2023","7.063","7.149","7.149","7.063","-0.51%"
"30-01-2023","7.099","7.051","7.117","7.051","1.36%"
"27-01-2023","7.004","7.075","7.075","6.999","0.16%"
"25-01-2023","6.993","7.012","7.022","6.993","-0.09%"
"24-01-2023","6.999","6.994","7.018","6.971","0.91%"
"23-01-2023","6.936","7.016","7.016","6.936","0.51%"
"20-01-2023","6.901","6.967","6.977","6.901","-0.06%"
"19-01-2023","6.905","6.915","6.915","6.891","-0.52%"
"18-01-2023","6.941","7.001","7.001","6.941","0.43%"
"17-01-2023","6.911","7.010","7.010","6.911","-0.12%"
"16-01-2023","6.919","7.003","7.003","6.919","0.64%"
"13-01-2023","6.875","7.025","7.025","6.875","-0.26%"
"12-01-2023","6.893","7.019","7.019","6.893","-0.72%"
"11-01-2023","6.943","7.008","7.027","6.943","-0.63%"
"10-01-2023","6.987","7.029","7.029","6.987","-0.24%"
"09-01-2023","7.004","7.037","7.037","6.995","-0.71%"
"06-01-2023","7.054","7.035","7.058","7.034","0.89%"
"05-01-2023","6.992","7.079","7.079","6.992","0.29%"
"04-01-2023","6.972","7.027","7.027","6.972","-0.77%"
"03-01-2023","7.026","7.028","7.063","7.026","-0.17%"
"02-01-2023","7.038","7.079","7.079","7.038","1.19%"
"30-12-2022","6.955","7.013","7.035","6.955","0.00%"
"29-12-2022","6.955","6.991","6.991","6.955","0.12%"
"28-12-2022","6.947","7.026","7.026","6.947","-0.42%"
"27-12-2022","6.976","7.004","7.004","6.969","-0.10%"
"26-12-2022","6.983","6.954","6.997","6.954","0.63%"
"23-12-2022","6.939","6.939","7.189","6.925","0.03%"
"22-12-2022","6.937","6.951","6.951","6.930","0.22%"
"21-12-2022","6.922","6.958","6.958","6.922","-0.30%"
"20-12-2022","6.943","7.042","7.042","6.943","0.01%"
"19-12-2022","6.942","6.942","7.006","6.942","0.00%"
"16-12-2022","6.942","6.892","7.134","6.892","1.15%"
"15-12-2022","6.863","6.912","6.912","6.863","0.22%"
"14-12-2022","6.848","6.869","6.918","6.848","-0.41%"
"13-12-2022","6.876","6.931","6.931","6.862","-0.19%"
"12-12-2022","6.889","6.910","6.966","6.889","-0.09%"
"09-12-2022","6.895","7.035","7.043","6.895","0.52%"
"08-12-2022","6.859","7.032","7.032","6.859","0.00%"
"07-12-2022","6.859","6.866","7.205","6.831","0.12%"
"06-12-2022","6.851","6.927","6.927","6.851","0.60%"
"05-12-2022","6.810","6.906","6.906","6.810","0.12%"
"02-12-2022","6.802","6.878","7.375","6.802","-0.50%"
"01-12-2022","6.836","6.822","6.890","6.822","-0.39%"
"30-11-2022","6.863","6.910","6.910","6.863","-0.09%"
"29-11-2022","6.869","6.869","7.369","6.869","0.10%"
"28-11-2022","6.862","7.367","7.367","6.862","0.01%"
"25-11-2022","6.861","6.956","6.956","6.861","0.01%"
"24-11-2022","6.860","6.955","6.955","6.860","-0.58%"
"23-11-2022","6.900","6.920","6.920","6.886","0.20%"
"22-11-2022","6.886","6.953","6.953","6.879","-0.19%"
"21-11-2022","6.899","6.906","6.912","6.872","0.10%"
"18-11-2022","6.892","6.952","6.952","6.872","0.12%"
"17-11-2022","6.884","6.951","6.984","6.864","-0.19%"
"16-11-2022","6.897","6.984","6.984","6.897","0.01%"
"15-11-2022","6.896","6.950","6.950","6.896","-0.76%"
"14-11-2022","6.949","6.949","6.949","6.929","0.00%"
"11-11-2022","6.949","6.949","7.115","6.849","-1.29%"
"10-11-2022","7.040","7.146","7.146","7.040","-0.64%"
"09-11-2022","7.085","7.165","7.165","7.085","-0.83%"
"07-11-2022","7.144","7.177","7.244","7.144","-0.43%"
"04-11-2022","7.175","7.175","7.208","7.175","0.49%"
"03-11-2022","7.140","7.337","7.337","7.074","0.93%"
"02-11-2022","7.074","7.336","7.336","7.074","0.86%"
"01-11-2022","7.014","7.138","7.204","7.014","0.10%"
"31-10-2022","7.007","7.105","7.124","7.007","0.47%"
"28-10-2022","6.974","6.974","7.169","6.974","0.01%"
"27-10-2022","6.973","7.331","7.331","6.973","-0.46%"
"25-10-2022","7.005","7.102","7.330","7.005","-1.79%"
"21-10-2022","7.133","7.217","7.217","7.133","0.31%"
"20-10-2022","7.111","7.233","7.233","7.111","0.01%"
"19-10-2022","7.110","7.091","7.258","7.046","0.37%"
"18-10-2022","7.084","7.032","7.109","7.032","0.74%"
"17-10-2022","7.032","7.190","7.190","7.032","-2.64%"
"14-10-2022","7.223","7.191","7.448","7.191","0.65%"
"13-10-2022","7.176","7.380","7.380","7.176","0.01%"
"12-10-2022","7.175","7.156","7.251","7.118","0.01%"
"11-10-2022","7.174","7.282","7.282","7.174","-0.53%"
"10-10-2022","7.212","7.313","7.313","7.212","0.81%"
"07-10-2022","7.154","7.198","7.310","7.154","0.56%"
"06-10-2022","7.114","7.183","7.183","7.099","1.18%"
"04-10-2022","7.031","7.082","7.308","7.031","-0.69%"
"03-10-2022","7.080","7.118","7.212","7.080","-0.08%"
"30-09-2022","7.086","7.305","7.305","6.992","1.53%"
"29-09-2022","6.979","7.302","7.302","6.979","0.19%"
"28-09-2022","6.966","6.960","7.053","6.960","0.10%"
"27-09-2022","6.959","7.083","7.083","6.959","-1.30%"
"26-09-2022","7.051","7.113","7.113","7.021","0.17%"
"23-09-2022","7.039","7.113","7.113","7.002","0.56%"
"22-09-2022","7.000","7.000","7.000","7.000","1.61%"
"21-09-2022","6.889","6.987","6.987","6.889","0.00%"
"20-09-2022","6.889","6.895","6.926","6.852","0.72%"
"19-09-2022","6.840","6.895","6.895","6.840","0.18%"
"16-09-2022","6.828","6.834","6.864","6.755","2.65%"
"15-09-2022","6.652","6.803","6.803","6.652","-0.18%"
"14-09-2022","6.664","6.742","6.742","6.664","0.73%"
"13-09-2022","6.616","6.670","6.670","6.616","0.09%"
"12-09-2022","6.610","6.673","6.677","6.610","0.09%"
"09-09-2022","6.604","6.610","6.652","6.604","-0.09%"
"08-09-2022","6.610","6.671","6.671","6.609","-0.72%"
"07-09-2022","6.658","6.742","6.742","6.658","0.09%"
"06-09-2022","6.652","6.676","6.682","6.652","-0.18%"
"05-09-2022","6.664","6.682","6.712","6.664","-0.36%"
"02-09-2022","6.688","6.653","6.694","6.623","1.24%"
"01-09-2022","6.606","6.682","6.682","6.603","0.18%"
"30-08-2022","6.594","6.683","6.683","6.594","0.00%"
"29-08-2022","6.594","6.594","6.742","6.594","0.63%"
"26-08-2022","6.553","6.624","6.624","6.541","-0.64%"
"25-08-2022","6.595","6.589","6.680","6.587","0.26%"
"24-08-2022","6.578","6.578","6.683","6.572","0.18%"
"23-08-2022","6.566","6.619","6.619","6.566","0.08%"
"22-08-2022","6.561","6.636","6.636","6.561","-0.09%"
"19-08-2022","6.567","6.567","6.712","6.543","1.16%"
"18-08-2022","6.492","6.596","6.596","6.492","0.62%"
"17-08-2022","6.452","6.510","6.510","6.446","-0.98%"
"12-08-2022","6.516","6.695","6.695","6.516","0.06%"
"11-08-2022","6.512","6.569","6.569","6.512","-0.87%"
"10-08-2022","6.569","6.684","6.684","6.569","-0.79%"
"08-08-2022","6.621","6.828","6.828","6.621","-0.02%"
"05-08-2022","6.622","6.542","6.770","6.542","3.00%"
"04-08-2022","6.429","6.571","6.571","6.429","-1.56%"
"03-08-2022","6.531","6.685","6.685","6.531","-0.02%"
"02-08-2022","6.532","6.571","6.685","6.526","-0.52%"
"01-08-2022","6.566","6.742","6.742","6.566","2.50%"
"29-07-2022","6.406","6.604","6.604","6.406","-1.04%"
"28-07-2022","6.473","6.565","6.565","6.473","-0.99%"
"27-07-2022","6.538","6.552","6.609","6.538","0.41%"
"26-07-2022","6.511","6.575","6.610","6.511","1.07%"
"25-07-2022","6.442","6.541","6.541","6.442","0.62%"
"22-07-2022","6.402","6.437","6.612","6.402","-0.81%"
"21-07-2022","6.454","6.615","6.615","6.447","0.62%"
"20-07-2022","6.414","6.616","6.791","6.414","-0.12%"
"19-07-2022","6.422","6.464","6.547","6.422","0.19%"
"18-07-2022","6.410","6.618","6.618","6.410","-0.02%"
"15-07-2022","6.411","6.515","6.619","6.411","-0.80%"
"14-07-2022","6.463","6.622","6.622","6.463","0.72%"
"13-07-2022","6.417","6.417","6.417","6.417","-0.22%"
"12-07-2022","6.431","6.431","6.431","6.431","0.61%"
"11-07-2022","6.392","6.392","6.392","6.392","-0.44%"
"08-07-2022","6.420","6.626","6.626","6.407","0.25%"
"07-07-2022","6.404","6.425","6.492","6.391","0.72%"
"06-07-2022","6.358","6.528","6.528","6.358","-1.59%"
"05-07-2022","6.461","6.631","6.631","6.461","-0.02%"
"04-07-2022","6.462","6.462","6.530","6.462","-0.03%"
"01-07-2022","6.464","6.599","6.633","6.464","-0.98%"
"30-06-2022","6.528","6.636","6.636","6.528","2.40%"
"29-06-2022","6.375","6.637","6.637","6.375","-2.58%"
"28-06-2022","6.544","6.570","6.638","6.544","-0.21%"
"27-06-2022","6.558","6.639","6.639","6.558","0.08%"
"24-06-2022","6.553","6.573","6.640","6.553","-0.35%"
"23-06-2022","6.576","6.576","6.576","6.549","0.49%"
"22-06-2022","6.544","6.610","6.610","6.524","-0.12%"
"21-06-2022","6.552","6.545","6.844","6.545","0.09%"
"20-06-2022","6.546","6.645","6.645","6.546","-0.92%"
"17-06-2022","6.607","6.646","6.646","6.580","-1.03%"
"16-06-2022","6.676","6.610","6.715","6.597","1.69%"
"15-06-2022","6.565","6.617","6.650","6.565","0.18%"
"14-06-2022","6.553","6.625","6.630","6.553","-0.02%"
"13-06-2022","6.554","6.652","6.652","6.554","3.05%"
"10-06-2022","6.360","6.634","6.640","6.360","-2.06%"
"09-06-2022","6.494","6.656","6.656","6.494","-0.02%"
"08-06-2022","6.495","6.722","6.722","6.462","-1.01%"
"07-06-2022","6.561","6.690","6.723","6.561","-0.02%"
"06-06-2022","6.562","6.530","6.652","6.530","1.28%"
"03-06-2022","6.479","6.482","6.595","6.453","-1.33%"
"02-06-2022","6.566","6.566","6.566","6.566","2.48%"
"01-06-2022","6.407","6.407","6.407","6.407","0.47%"
"31-05-2022","6.377","6.472","6.472","6.377","0.28%"
"30-05-2022","6.359","6.378","6.410","6.359","0.60%"
"27-05-2022","6.321","6.474","6.506","6.321","0.54%"
"26-05-2022","6.287","6.319","6.414","6.285","-0.52%"
"25-05-2022","6.320","6.320","6.320","6.289","0.48%"
"24-05-2022","6.290","6.385","6.385","6.290","-0.52%"
"23-05-2022","6.323","6.368","6.368","6.292","-0.52%"
"20-05-2022","6.356","6.356","6.356","6.344","0.52%"
"19-05-2022","6.323","6.361","6.392","6.323","-0.52%"
"18-05-2022","6.356","6.425","6.425","6.343","0.17%"
"17-05-2022","6.345","6.457","6.457","6.345","4.07%"
"13-05-2022","6.097","6.409","6.471","6.097","4.06%"
"12-05-2022","5.859","6.340","6.340","5.859","-5.77%"
"11-05-2022","6.218","6.403","6.403","6.218","-1.00%"
"10-05-2022","6.281","6.299","6.435","6.281","-0.51%"
"09-05-2022","6.313","6.313","6.313","6.282","7.82%"
"06-05-2022","5.855","5.855","5.855","5.855","3.52%"
"05-05-2022","5.656","6.380","6.380","5.656","2.46%"
"04-05-2022","5.520","5.586","5.834","5.520","0.16%"
"02-05-2022","5.511","5.505","5.565","5.505","0.35%"
"29-04-2022","5.492","5.720","5.720","5.492","-0.04%"
"28-04-2022","5.494","5.787","5.787","5.494","0.38%"
"27-04-2022","5.473","5.473","5.473","5.473","0.61%"
"26-04-2022","5.440","5.553","5.553","5.440","-0.17%"
"25-04-2022","5.449","5.467","5.544","5.449","0.17%"
"22-04-2022","5.440","5.588","5.588","5.440","-0.15%"
"21-04-2022","5.448","5.625","5.625","5.448","0.48%"
"20-04-2022","5.422","5.569","5.569","5.422","-0.04%"
"19-04-2022","5.424","5.513","5.513","5.424","0.37%"
"18-04-2022","5.404","5.515","5.515","5.404","3.41%"
"13-04-2022","5.226","5.518","5.576","5.226","-0.29%"
"12-04-2022","5.241","5.241","5.241","5.241","1.06%"
"11-04-2022","5.186","5.505","5.505","5.186","0.48%"
"08-04-2022","5.161","5.201","5.507","5.161","3.01%"
"07-04-2022","5.010","5.050","5.050","5.010","-0.85%"
"06-04-2022","5.053","5.013","5.065","5.013","0.96%"
"05-04-2022","5.005","5.062","5.062","5.005","-0.08%"
"04-04-2022","5.009","5.065","5.065","5.009","0.74%"
"31-03-2022","4.972","4.984","5.069","4.967","0.06%"
"30-03-2022","4.969","4.997","5.053","4.969","-0.78%"
"29-03-2022","5.008","5.003","5.036","5.003","0.04%"
"28-03-2022","5.006","5.000","5.085","5.000","0.04%"
"25-03-2022","5.004","5.004","5.032","5.004","-0.20%"
"24-03-2022","5.014","5.042","5.070","5.014","0.28%"
"23-03-2022","5.000","5.073","5.073","5.000","0.16%"
"22-03-2022","4.992","5.300","5.300","4.992","0.48%"
"21-03-2022","4.968","5.023","5.023","4.968","-0.28%"
"17-03-2022","4.982","5.027","5.027","4.977","-0.04%"
"16-03-2022","4.984","5.040","5.040","4.984","0.48%"
"15-03-2022","4.960","4.988","4.988","4.960","-0.06%"
"14-03-2022","4.963","5.046","5.046","4.963","-0.62%"
"11-03-2022","4.994","5.022","5.049","4.994","0.36%"
"10-03-2022","4.976","5.059","5.059","4.976","-0.94%"
"09-03-2022","5.023","5.013","5.117","5.013","0.14%"
"08-03-2022","5.016","5.367","5.367","5.016","-0.06%"
"07-03-2022","5.019","5.014","5.057","5.014","1.03%"
"04-03-2022","4.968","5.071","5.071","4.968","0.14%"
"03-03-2022","4.961","4.999","5.021","4.961","0.14%"
"02-03-2022","4.954","4.948","5.030","4.894","2.29%"
"28-02-2022","4.843","4.817","4.870","4.817","0.83%"
"25-02-2022","4.803","4.857","4.857","4.803","-0.99%"
"24-02-2022","4.851","4.840","4.889","4.840","0.48%"
"23-02-2022","4.828","4.828","4.871","4.828","0.15%"
"22-02-2022","4.821","4.821","4.927","4.821","0.48%"
"21-02-2022","4.798","4.798","4.840","4.798","0.50%"
"18-02-2022","4.774","4.854","4.854","4.774","-1.20%"
"17-02-2022","4.832","4.891","4.891","4.832","-0.41%"
"16-02-2022","4.852","4.867","4.889","4.831","0.04%"
"15-02-2022","4.850","4.818","4.897","4.818","0.27%"
"14-02-2022","4.837","4.927","4.927","4.837","0.69%"
"11-02-2022","4.804","4.925","4.930","4.804","-1.92%"
"10-02-2022","4.898","5.045","5.045","4.898","-3.68%"
"09-02-2022","5.085","5.111","5.111","5.075","-0.59%"
"08-02-2022","5.115","5.078","5.135","5.078","0.29%"
"04-02-2022","5.100","5.089","5.194","5.089","0.04%"
"03-02-2022","5.098","5.082","5.150","5.082","0.26%"
"02-02-2022","5.085","5.436","5.436","5.085","0.55%"
"01-02-2022","5.057","5.021","5.439","5.021","0.98%"
"31-01-2022","5.008","5.097","5.235","5.008","-0.38%"
"28-01-2022","5.027","5.079","5.079","5.027","-0.63%"
"27-01-2022","5.059","5.007","5.085","5.002","2.14%"
"25-01-2022","4.953","5.010","5.010","4.953","-0.74%"
"24-01-2022","4.990","5.000","5.005","4.990","0.36%"
"21-01-2022","4.972","5.018","5.018","4.972","0.24%"
"20-01-2022","4.960","5.001","5.001","4.960","-0.48%"
"19-01-2022","4.984","5.004","5.004","4.984","0.26%"
"18-01-2022","4.971","4.981","5.032","4.971","0.98%"
"17-01-2022","4.923","4.933","4.984","4.923","0.24%"
"14-01-2022","4.911","4.936","4.936","4.911","-0.16%"
"13-01-2022","4.919","4.996","4.996","4.919","-1.09%"
"12-01-2022","4.973","4.948","4.998","4.938","0.67%"
"11-01-2022","4.940","4.976","4.976","4.940","-1.08%"
"10-01-2022","4.994","5.004","5.004","4.958","0.34%"
"07-01-2022","4.977","5.022","5.022","4.969","-0.56%"
"06-01-2022","5.005","4.990","5.040","4.990","0.54%"
"05-01-2022","4.978","4.993","4.993","4.978","0.14%"
"04-01-2022","4.971","4.996","5.003","4.971","0.06%"
"03-01-2022","4.968","4.998","4.998","4.968","-0.56%"
"31-12-2021","4.996","4.991","5.011","4.989","-4.55%"
"30-12-2021","5.234","5.010","5.234","4.995","5.31%"
"29-12-2021","4.970","5.034","5.034","4.970","-1.04%"
"28-12-2021","5.022","5.087","5.087","5.005","-4.87%"
"27-12-2021","5.279","5.015","5.279","5.015","-0.43%"
"24-12-2021","5.302","5.018","5.302","4.983","6.64%"
"23-12-2021","4.972","4.977","5.001","4.972","0.14%"
"22-12-2021","4.965","5.029","5.029","4.955","0.45%"
"21-12-2021","4.943","4.933","4.957","4.918","-4.89%"
"20-12-2021","5.197","5.010","5.197","4.887","7.91%"
"17-12-2021","4.816","4.865","4.865","4.801","-6.27%"
"16-12-2021","5.138","4.849","5.138","4.849","7.06%"
"15-12-2021","4.799","4.816","4.818","4.799","-0.25%"
"14-12-2021","4.811","4.806","4.831","4.782","0.65%"
"13-12-2021","4.780","4.810","4.810","4.780","-0.06%"
"10-12-2021","4.783","4.764","4.812","4.764","-4.34%"
"09-12-2021","5.000","4.773","5.000","4.773","5.22%"
"08-12-2021","4.752","4.815","4.815","4.742","-1.37%"
"07-12-2021","4.818","4.818","4.818","4.818","0.54%"
"06-12-2021","4.792","4.782","4.792","4.782","-5.93%"
"03-12-2021","5.094","5.094","5.094","5.094","1.39%"
"02-12-2021","5.024","4.794","5.024","4.794","0.24%"
"01-12-2021","5.012","4.797","5.012","4.797","6.01%"
"30-11-2021","4.728","4.776","4.776","4.728","-5.33%"
"29-11-2021","4.994","4.826","4.994","4.826","-2.21%"
"26-11-2021","5.107","4.815","5.107","4.782","-0.70%"
"25-11-2021","5.143","4.814","5.143","4.814","7.50%"
"24-11-2021","4.784","4.775","4.817","4.770","0.13%"
"23-11-2021","4.778","4.773","4.792","4.763","0.44%"
"22-11-2021","4.757","4.766","4.766","4.755","-0.46%"
"18-11-2021","4.779","4.760","4.779","4.760","0.25%"
"17-11-2021","4.767","4.790","4.790","4.763","-0.06%"
"16-11-2021","4.770","4.770","4.793","4.765","0.23%"
"15-11-2021","4.759","4.749","4.796","4.749","-7.03%"
"12-11-2021","5.119","5.119","5.119","5.119","0.41%"
"11-11-2021","5.098","5.098","5.098","5.098","7.42%"
"10-11-2021","4.746","4.787","4.787","4.746","-0.25%"
"09-11-2021","4.758","4.789","4.789","4.758","-3.90%"
"08-11-2021","4.951","4.816","4.951","4.793","2.74%"
"03-11-2021","4.819","4.819","4.819","4.809","0.19%"
"02-11-2021","4.810","4.810","4.833","4.810","-6.53%"
"01-11-2021","5.146","5.146","5.146","5.146","6.54%"
"29-10-2021","4.830","4.862","4.900","4.830","0.08%"
"28-10-2021","4.826","4.831","4.868","4.826","0.12%"
"27-10-2021","4.820","4.847","4.847","4.802","-0.06%"
"26-10-2021","4.823","4.827","4.850","4.823","0.52%"
"25-10-2021","4.798","4.807","4.853","4.798","-5.31%"
"22-10-2021","5.067","5.067","5.067","5.067","6.56%"
"21-10-2021","4.755","4.773","4.773","4.719","0.51%"
"20-10-2021","4.731","4.776","4.821","4.731","0.42%"
"18-10-2021","4.711","4.711","4.756","4.666","-4.96%"
"14-10-2021","4.957","4.658","4.957","4.649","6.88%"
"13-10-2021","4.638","4.697","4.697","4.638","-5.31%"
"12-10-2021","4.898","4.695","4.898","4.695","4.15%"
"11-10-2021","4.703","4.756","4.756","4.698","-0.15%"
"08-10-2021","4.710","4.714","4.714","4.710","-2.95%"
"07-10-2021","4.853","4.739","4.853","4.705","-2.57%"
"06-10-2021","4.981","4.748","4.981","4.717","0.30%"
"05-10-2021","4.966","4.751","4.966","4.698","5.64%"
"04-10-2021","4.701","4.732","4.732","4.696","0.23%"
"01-10-2021","4.690","4.713","4.713","4.664","-0.19%"
"30-09-2021","4.699","4.655","4.712","4.655","1.38%"
"29-09-2021","4.635","4.658","4.658","4.622","-6.59%"
"28-09-2021","4.962","4.616","4.962","4.616","0.30%"
"27-09-2021","4.947","4.686","4.947","4.597","8.58%"
"24-09-2021","4.556","4.600","4.600","4.556","0.75%"
"23-09-2021","4.522","4.522","4.544","4.500","-4.42%"
"22-09-2021","4.731","4.525","4.731","4.503","0.13%"
"21-09-2021","4.725","4.528","4.725","4.528","0.32%"
"20-09-2021","4.710","4.509","4.710","4.487","5.39%"
"17-09-2021","4.469","4.599","4.599","4.469","-4.91%"
"16-09-2021","4.700","4.534","4.700","4.521","-2.75%"
"15-09-2021","4.833","4.611","4.833","4.524","-0.86%"
"14-09-2021","4.875","4.506","4.875","4.506","0.39%"
"13-09-2021","4.856","4.509","4.856","4.505","0.21%"
"09-09-2021","4.846","4.512","4.846","4.447","8.15%"
"08-09-2021","4.481","4.524","4.524","4.477","-0.44%"
"07-09-2021","4.501","4.506","4.506","4.501","1.08%"
"06-09-2021","4.453","4.444","4.509","4.432","0.61%"
"03-09-2021","4.426","4.456","4.456","4.426","-0.49%"
"02-09-2021","4.448","4.542","4.542","4.442","-0.07%"
"01-09-2021","4.451","4.443","4.460","4.432","0.20%"
"31-08-2021","4.442","4.450","4.450","4.442","-0.07%"
"30-08-2021","4.445","4.478","4.478","4.445","-0.56%"
"27-08-2021","4.470","4.483","4.500","4.470","-0.20%"
"26-08-2021","4.479","4.484","4.496","4.479","-0.18%"
"25-08-2021","4.487","4.542","4.542","4.482","0.22%"
"24-08-2021","4.477","4.502","4.502","4.473","0.02%"
"23-08-2021","4.476","4.463","4.526","4.450","0.40%"
"20-08-2021","4.458","4.445","4.487","4.445","-0.11%"
"18-08-2021","4.463","4.500","4.500","4.463","-0.87%"
"17-08-2021","4.502","4.536","4.536","4.494","-0.82%"
"13-08-2021","4.539","4.568","4.568","4.522","-0.24%"
"12-08-2021","4.550","4.559","4.580","4.538","0.20%"
"11-08-2021","4.541","4.562","4.708","4.541","-0.07%"
"10-08-2021","4.544","4.565","4.585","4.544","-0.53%"
"09-08-2021","4.568","4.588","4.588","4.547","-0.04%"
"06-08-2021","4.570","4.675","4.675","4.570","0.26%"
"05-08-2021","4.558","4.587","4.587","4.517","-0.26%"
"04-08-2021","4.570","4.590","4.599","4.561","-0.15%"
"03-08-2021","4.577","4.647","4.647","4.577","-0.67%"
"02-08-2021","4.608","4.650","4.671","4.608","8.99%"
"30-07-2021","4.228","4.245","4.245","4.228","-0.40%"
"29-07-2021","4.245","4.257","4.257","4.240","0.14%"
"28-07-2021","4.239","4.280","4.280","4.239","0.12%"
"27-07-2021","4.234","4.373","4.373","4.234","0.14%"
"26-07-2021","4.228","4.257","4.257","4.228","-0.40%"
"23-07-2021","4.245","4.315","4.315","4.240","3.06%"
"22-07-2021","4.119","4.315","4.315","4.119","-3.24%"
"20-07-2021","4.257","4.286","4.286","4.257","-3.14%"
"19-07-2021","4.395","4.315","4.395","4.286","2.54%"
"16-07-2021","4.286","4.372","4.372","4.286","0.00%"
"15-07-2021","4.286","4.314","4.343","4.286","-0.26%"
"14-07-2021","4.297","4.343","4.343","4.297","-0.39%"
"13-07-2021","4.314","4.343","4.343","4.313","-0.53%"
"12-07-2021","4.337","4.400","4.400","4.337","0.53%"
"09-07-2021","4.314","4.400","4.400","4.314","-0.14%"
"08-07-2021","4.320","4.399","4.399","4.320","-1.28%"
"07-07-2021","4.376","4.399","4.399","4.376","-0.39%"
"06-07-2021","4.393","4.399","4.482","4.391","0.64%"
"05-07-2021","4.365","4.399","4.399","4.359","0.39%"
"02-07-2021","4.348","4.369","4.398","4.345","0.14%"
"01-07-2021","4.342","4.539","4.539","4.342","-5.46%"
"30-06-2021","4.593","4.664","4.664","4.593","0.15%"
"29-06-2021","4.586","4.586","4.695","4.586","3.08%"
"28-06-2021","4.449","4.644","4.644","4.449","-2.22%"
"25-06-2021","4.550","4.550","4.647","4.550","0.60%"
"24-06-2021","4.523","4.631","4.631","4.523","0.51%"
"23-06-2021","4.500","4.661","4.661","4.489","0.16%"
"22-06-2021","4.493","4.530","4.557","4.493","1.49%"
"21-06-2021","4.427","4.427","4.507","4.427","1.12%"
"18-06-2021","4.378","4.431","4.431","4.378","-0.86%"
"17-06-2021","4.416","4.416","4.416","4.416","-1.38%"
"16-06-2021","4.478","4.366","4.517","4.366","4.63%"
"15-06-2021","4.280","4.556","4.556","4.280","-3.32%"
"14-06-2021","4.427","4.274","4.427","4.268","4.39%"
"11-06-2021","4.241","4.325","4.325","4.241","-1.85%"
"10-06-2021","4.321","4.284","4.321","4.282","0.89%"
"09-06-2021","4.283","4.445","4.445","4.280","-0.09%"
"08-06-2021","4.287","4.313","4.313","4.287","-0.44%"
"07-06-2021","4.306","4.348","4.358","4.306","-0.69%"
"04-06-2021","4.336","4.404","4.404","4.326","0.21%"
"03-06-2021","4.327","4.415","4.415","4.327","-0.09%"
"02-06-2021","4.331","4.336","4.336","4.331","-3.22%"
"01-06-2021","4.475","4.423","4.475","4.371","2.19%"
"31-05-2021","4.379","4.379","4.379","4.379","2.82%"
"28-05-2021","4.259","4.302","4.302","4.259","-0.84%"
"27-05-2021","4.295","4.311","4.311","4.295","0.02%"
"25-05-2021","4.294","4.315","4.315","4.294","-0.32%"
"24-05-2021","4.308","4.361","4.361","4.308","0.28%"
"21-05-2021","4.296","4.339","4.339","4.296","1.23%"
"20-05-2021","4.244","4.351","4.351","4.244","-3.26%"
"19-05-2021","4.387","4.355","4.387","4.342","0.87%"
"18-05-2021","4.349","4.359","4.386","4.333","0.28%"
"17-05-2021","4.337","4.497","4.497","4.337","-3.64%"
"14-05-2021","4.501","4.394","4.501","4.341","4.65%"
"12-05-2021","4.301","4.353","4.353","4.301","-2.80%"
"11-05-2021","4.425","4.520","4.520","4.393","-2.43%"
"10-05-2021","4.535","4.391","4.535","4.391","-0.55%"
"07-05-2021","4.560","4.401","4.560","4.401","0.11%"
"06-05-2021","4.555","4.424","4.555","4.400","-0.33%"
"05-05-2021","4.570","4.404","4.570","4.404","3.84%"
"04-05-2021","4.401","4.422","4.422","4.401","0.64%"
"03-05-2021","4.373","4.525","4.525","4.373","-1.99%"
"30-04-2021","4.462","4.723","4.723","4.462","0.11%"
"29-04-2021","4.457","4.581","4.581","4.452","1.30%"
"28-04-2021","4.400","4.535","4.535","4.400","-5.34%"
"27-04-2021","4.648","4.528","4.648","4.439","4.87%"
"26-04-2021","4.432","4.516","4.516","4.432","-0.29%"
"23-04-2021","4.445","4.591","4.591","4.445","-1.85%"
"22-04-2021","4.529","4.598","4.598","4.529","-1.56%"
"20-04-2021","4.601","4.606","4.631","4.587","-0.02%"
"19-04-2021","4.602","4.637","4.637","4.593","-0.60%"
"16-04-2021","4.630","4.739","4.739","4.615","-0.19%"
"15-04-2021","4.639","4.895","4.895","4.639","-0.28%"
"12-04-2021","4.652","4.873","4.873","4.650","0.65%"
"09-04-2021","4.622","4.783","4.832","4.622","-0.19%"
"08-04-2021","4.631","4.743","4.743","4.631","1.74%"
"07-04-2021","4.552","4.624","4.624","4.552","3.10%"
"06-04-2021","4.415","4.652","4.652","4.415","-1.56%"
"05-04-2021","4.485","4.655","4.655","4.485","-1.15%"
"31-03-2021","4.537","4.585","4.585","4.537","-1.88%"
"30-03-2021","4.624","4.624","4.624","4.595","0.94%"
"26-03-2021","4.581","4.595","4.624","4.552","-0.15%"
"25-03-2021","4.588","4.684","4.684","4.581","0.13%"
"24-03-2021","4.582","4.601","4.601","4.572","-0.07%"
"23-03-2021","4.585","4.690","4.690","4.585","-1.08%"
"22-03-2021","4.635","4.740","4.740","4.635","-1.28%"
"19-03-2021","4.695","4.791","4.839","4.695","-1.20%"
"18-03-2021","4.752","4.847","4.847","4.752","-1.04%"
"17-03-2021","4.802","4.826","4.826","4.799","-0.06%"
"16-03-2021","4.805","4.947","4.947","4.800","-0.25%"
"15-03-2021","4.817","4.902","4.902","4.817","0.54%"
"12-03-2021","4.791","4.801","4.991","4.791","-0.08%"
"10-03-2021","4.795","4.489","4.960","4.489","0.19%"
"09-03-2021","4.786","4.824","4.824","4.777","0.93%"
"08-03-2021","4.742","4.779","4.826","4.742","0.15%"
"05-03-2021","4.735","4.806","4.806","4.735","-0.19%"
"04-03-2021","4.744","4.814","4.814","4.744","-0.25%"
"03-03-2021","4.756","4.746","4.770","4.732","0.63%"
"02-03-2021","4.726","4.749","4.749","4.726","-0.25%"
"01-03-2021","4.738","4.798","4.798","4.729","0.49%"
"26-02-2021","4.715","4.740","4.812","4.715","0.68%"
"25-02-2021","4.683","4.731","4.755","4.654","2.88%"
"24-02-2021","4.552","4.734","4.734","4.552","0.02%"
"23-02-2021","4.551","4.737","4.737","4.551","-2.53%"
"22-02-2021","4.669","4.645","4.740","4.645","3.09%"
"18-02-2021","4.529","4.767","4.767","4.529","-0.09%"
"17-02-2021","4.533","4.708","4.756","4.533","0.35%"
"16-02-2021","4.517","4.711","4.711","4.517","-0.07%"
"15-02-2021","4.520","4.643","4.786","4.520","0.02%"
"12-02-2021","4.519","4.670","4.670","4.519","-0.42%"
"11-02-2021","4.538","4.774","4.774","4.538","-2.09%"
"10-02-2021","4.635","4.730","4.730","4.635","-0.09%"
"09-02-2021","4.639","4.780","4.780","4.639","1.89%"
"08-02-2021","4.553","4.830","4.830","4.553","-0.07%"
"05-02-2021","4.556","4.715","4.715","4.556","-0.61%"
"04-02-2021","4.584","4.701","4.701","4.561","-0.09%"
"03-02-2021","4.588","4.704","4.704","4.588","-1.57%"
"02-02-2021","4.661","4.801","4.801","4.661","-0.96%"
"01-02-2021","4.706","4.478","4.757","4.478","12.40%"
"29-01-2021","4.187","4.214","4.214","4.187","-0.19%"
"28-01-2021","4.195","4.206","4.211","4.195","-0.45%"
"27-01-2021","4.214","4.214","4.225","4.209","0.02%"
"25-01-2021","4.213","4.213","4.213","4.213","-0.05%"
"22-01-2021","4.215","4.478","4.478","4.215","-0.12%"
"21-01-2021","4.220","4.220","4.295","4.220","0.29%"
"20-01-2021","4.208","4.224","4.224","4.208","-0.09%"
"19-01-2021","4.212","4.222","4.222","4.206","0.43%"
"18-01-2021","4.194","4.231","4.231","4.194","0.31%"
"15-01-2021","4.181","4.401","4.401","4.181","-0.29%"
"14-01-2021","4.193","4.272","4.272","4.193","-0.07%"
"13-01-2021","4.196","4.196","4.222","4.170","-0.10%"
"12-01-2021","4.200","4.068","4.226","4.068","3.81%"
"11-01-2021","4.046","4.203","4.203","4.046","3.66%"
"08-01-2021","3.903","3.903","3.919","3.892","0.36%"
"07-01-2021","3.889","3.905","3.905","3.889","0.03%"
"06-01-2021","3.888","3.882","3.898","3.877","0.70%"
"05-01-2021","3.861","3.861","3.861","3.858","-0.10%"
"04-01-2021","3.865","3.891","3.891","3.859","-0.10%"
"01-01-2021","3.869","3.894","3.894","3.861","0.10%"
"31-12-2020","3.865","3.906","3.906","3.865","-0.51%"
"30-12-2020","3.885","3.910","3.910","3.869","-0.38%"
"29-12-2020","3.900","4.091","4.091","3.879","0.57%"
"28-12-2020","3.878","3.888","3.888","3.878","-0.23%"
"24-12-2020","3.887","3.872","3.892","3.872","0.39%"
"23-12-2020","3.872","3.908","3.908","3.872","-0.36%"
"22-12-2020","3.886","3.912","3.912","3.886","-1.92%"
"21-12-2020","3.962","3.967","3.967","3.884","2.14%"
"18-12-2020","3.879","3.894","3.894","3.869","-0.05%"
"17-12-2020","3.881","3.881","3.886","3.875","0.18%"
"16-12-2020","3.874","3.884","3.909","3.874","-0.74%"
"15-12-2020","3.903","3.903","3.903","3.888","-0.23%"
"14-12-2020","3.912","3.927","3.927","3.907","-0.23%"
"11-12-2020","3.921","3.956","3.956","3.921","-0.25%"
"10-12-2020","3.931","3.957","3.957","3.921","-0.48%"
"09-12-2020","3.950","3.960","3.960","3.935","0.28%"
"08-12-2020","3.939","3.939","3.964","3.939","0.43%"
"07-12-2020","3.922","3.912","3.927","3.887","1.58%"
"04-12-2020","3.861","3.971","3.971","3.861","-2.30%"
"03-12-2020","3.952","3.932","3.981","3.932","0.69%"
"02-12-2020","3.925","3.930","3.935","3.925","0.03%"
"01-12-2020","3.924","3.919","3.934","3.899","0.15%"
"27-11-2020","3.918","3.918","4.265","3.913","0.41%"
"26-11-2020","3.902","3.907","3.932","3.898","0.28%"
"25-11-2020","3.891","3.911","3.911","3.886","-0.10%"
"24-11-2020","3.895","3.939","3.939","3.890","-1.22%"
"23-11-2020","3.943","3.943","3.948","3.928","-0.71%"
"20-11-2020","3.971","4.020","4.020","3.946","-1.10%"
"19-11-2020","4.015","4.079","4.094","4.015","-1.18%"
"18-11-2020","4.063","4.077","4.077","4.058","-0.20%"
"17-11-2020","4.071","4.134","4.134","4.061","-0.78%"
"13-11-2020","4.103","4.113","4.152","4.099","0.02%"
"12-11-2020","4.102","4.175","4.175","4.102","-1.01%"
"11-11-2020","4.144","4.178","4.178","4.144","-0.07%"
"10-11-2020","4.147","4.157","4.157","4.142","0.85%"
"09-11-2020","4.112","4.136","4.160","4.112","-0.07%"
"06-11-2020","4.115","4.130","4.130","4.110","-0.70%"
"05-11-2020","4.144","4.197","4.197","4.139","-0.65%"
"04-11-2020","4.171","4.186","4.200","4.171","-0.19%"
"03-11-2020","4.179","4.218","4.218","4.179","-0.19%"
"02-11-2020","4.187","4.303","4.303","4.187","-0.07%"
"29-10-2020","4.190","4.234","4.258","4.190","-0.45%"
"28-10-2020","4.209","4.231","4.262","4.200","0.36%"
"27-10-2020","4.194","4.294","4.294","4.184","1.08%"
"26-10-2020","4.149","4.154","4.201","4.140","-0.19%"
"23-10-2020","4.157","4.207","4.207","4.157","-0.79%"
"22-10-2020","4.190","4.214","4.214","4.190","0.05%"
"21-10-2020","4.188","4.250","4.250","4.188","-1.20%"
"20-10-2020","4.239","4.267","4.267","4.239","-0.19%"
"19-10-2020","4.247","4.256","4.294","4.247","-0.07%"
"16-10-2020","4.250","4.366","4.366","4.245","-0.09%"
"15-10-2020","4.254","4.273","4.273","4.240","-0.28%"
"14-10-2020","4.266","4.274","4.285","4.260","0.02%"
"13-10-2020","4.265","4.288","4.288","4.262","0.05%"
"12-10-2020","4.263","4.268","4.268","4.258","-0.19%"
"09-10-2020","4.271","4.388","4.388","4.224","-1.70%"
"08-10-2020","4.345","4.373","4.373","4.345","-0.18%"
"07-10-2020","4.353","4.399","4.399","4.353","-0.80%"
"06-10-2020","4.388","4.379","4.402","4.379","0.69%"
"05-10-2020","4.358","4.372","4.372","4.335","-0.18%"
"01-10-2020","4.366","4.431","4.440","4.361","-1.40%"
"30-09-2020","4.428","4.484","4.484","4.428","-0.07%"
"29-09-2020","4.431","4.528","4.538","4.431","-0.27%"
"28-09-2020","4.443","4.443","4.512","4.429","-0.07%"
"25-09-2020","4.446","4.497","4.497","4.446","0.34%"
"24-09-2020","4.431","4.505","4.505","4.431","-0.07%"
"23-09-2020","4.434","4.507","4.507","4.434","-0.07%"
"22-09-2020","4.437","4.487","4.487","4.437","-0.05%"
"21-09-2020","4.439","4.467","4.536","4.439","0.05%"
"18-09-2020","4.437","4.469","4.469","4.437","0.02%"
"17-09-2020","4.436","4.477","4.477","4.436","-0.27%"
"16-09-2020","4.448","4.494","4.494","4.446","-0.58%"
"15-09-2020","4.474","4.506","4.506","4.474","-0.25%"
"14-09-2020","4.485","4.531","4.531","4.485","0.13%"
"11-09-2020","4.479","4.497","4.538","4.479","-0.18%"
"10-09-2020","4.487","4.492","4.505","4.483","0.04%"
"09-09-2020","4.485","4.589","4.589","4.485","-0.36%"
"08-09-2020","4.501","4.501","4.683","4.479","1.97%"
"07-09-2020","4.414","4.482","4.482","4.382","1.71%"
"04-09-2020","4.340","4.360","4.394","4.340","-0.18%"
"03-09-2020","4.348","4.402","4.402","4.348","-0.48%"
"02-09-2020","4.369","4.405","4.405","4.369","0.14%"
"01-09-2020","4.363","4.385","4.390","4.336","-2.26%"
"31-08-2020","4.464","4.522","4.522","4.464","-0.47%"
"28-08-2020","4.485","4.547","4.547","4.485","0.09%"
"27-08-2020","4.481","4.535","4.535","4.463","-0.07%"
"26-08-2020","4.484","4.412","4.484","4.386","2.37%"
"25-08-2020","4.380","4.380","4.406","4.353","0.25%"
"24-08-2020","4.369","4.378","4.378","4.338","1.68%"
"21-08-2020","4.297","4.319","4.350","4.266","1.46%"
"20-08-2020","4.235","4.279","4.279","4.235","-0.47%"
"19-08-2020","4.255","4.295","4.295","4.255","-0.28%"
"18-08-2020","4.267","4.289","4.302","4.267","-0.16%"
"17-08-2020","4.274","4.291","4.313","4.265","0.54%"
"14-08-2020","4.251","4.294","4.294","4.251","0.33%"
"13-08-2020","4.237","4.281","4.281","4.237","-0.38%"
"12-08-2020","4.253","4.305","4.305","4.253","-0.16%"
"11-08-2020","4.260","4.260","4.269","4.234","0.33%"
"10-08-2020","4.246","4.267","4.289","4.246","0.57%"
"07-08-2020","4.222","4.249","4.270","4.222","0.50%"
"06-08-2020","4.201","4.192","4.279","4.184","0.24%"
"05-08-2020","4.191","4.204","4.204","4.189","-0.07%"
"04-08-2020","4.194","4.220","4.220","4.194","-0.36%"
"03-08-2020","4.209","4.201","4.209","4.179","0.43%"
"31-07-2020","4.191","4.204","4.204","4.181","-0.19%"
"30-07-2020","4.199","4.255","4.255","4.199","-0.52%"
"29-07-2020","4.221","4.298","4.298","4.221","-0.47%"
"28-07-2020","4.241","4.237","4.280","4.237","0.33%"
"27-07-2020","4.227","4.261","4.261","4.227","1.37%"
"24-07-2020","4.170","4.221","4.221","4.170","-0.19%"
"23-07-2020","4.178","4.200","4.200","4.178","-0.17%"
"22-07-2020","4.185","4.211","4.211","4.185","-0.07%"
"21-07-2020","4.188","4.192","4.201","4.187","0.34%"
"20-07-2020","4.174","4.178","4.208","4.174","0.43%"
"17-07-2020","4.156","4.177","4.181","4.156","-0.19%"
"16-07-2020","4.164","4.184","4.198","4.164","0.12%"
"15-07-2020","4.159","4.209","4.209","4.159","-0.36%"
"14-07-2020","4.174","4.191","4.254","4.174","0.53%"
"13-07-2020","4.152","4.089","4.173","4.089","0.95%"
"10-07-2020","4.113","4.117","4.151","4.113","-0.10%"
"09-07-2020","4.117","4.142","4.142","4.117","-0.17%"
"08-07-2020","4.124","4.124","4.145","4.124","0.32%"
"07-07-2020","4.111","4.156","4.156","4.111","-0.96%"
"06-07-2020","4.151","4.193","4.193","4.151","-1.84%"
"03-07-2020","4.229","4.175","4.229","4.166","1.39%"
"02-07-2020","4.171","4.204","4.250","4.171","-0.55%"
"01-07-2020","4.194","4.228","4.228","4.193","0.50%"
"30-06-2020","4.173","4.204","4.251","4.173","0.36%"
"29-06-2020","4.158","4.214","4.214","4.158","-0.98%"
"26-06-2020","4.199","4.243","4.243","4.184","-0.38%"
"25-06-2020","4.215","4.240","4.251","4.215","-0.59%"
"24-06-2020","4.240","4.230","4.246","4.225","0.47%"
"23-06-2020","4.220","4.235","4.235","4.210","-0.24%"
"22-06-2020","4.230","4.266","4.266","4.230","-0.38%"
"19-06-2020","4.246","4.287","4.287","4.244","-0.12%"
"18-06-2020","4.251","4.287","4.287","4.251","-1.30%"
"17-06-2020","4.307","4.317","4.317","4.292","0.61%"
"16-06-2020","4.281","4.322","4.322","4.281","-0.14%"
"15-06-2020","4.287","4.352","4.352","4.287","-0.46%"
"12-06-2020","4.307","4.383","4.383","4.307","-0.12%"
"11-06-2020","4.312","4.347","4.347","4.297","-0.46%"
"10-06-2020","4.332","4.352","4.352","4.324","0.60%"
"09-06-2020","4.306","4.332","4.332","4.306","0.35%"
"08-06-2020","4.291","4.387","4.387","4.291","0.00%"
"05-06-2020","4.291","4.291","4.341","4.291","-0.09%"
"04-06-2020","4.295","4.290","4.295","4.290","-0.69%"
"03-06-2020","4.325","4.320","4.325","4.295","-0.21%"
"02-06-2020","4.334","4.314","4.389","4.295","-0.57%"
"01-06-2020","4.359","4.319","4.359","4.304","1.99%"
"29-05-2020","4.274","4.374","4.374","4.274","-0.79%"
"28-05-2020","4.308","4.318","4.358","4.307","-0.12%"
"27-05-2020","4.313","4.313","4.338","4.311","-0.23%"
"26-05-2020","4.323","4.347","4.347","4.318","-0.32%"
"22-05-2020","4.337","4.308","4.372","4.278","-1.21%"
"21-05-2020","4.390","4.430","4.430","4.390","-0.34%"
"20-05-2020","4.405","4.419","4.444","4.405","0.14%"
"19-05-2020","4.399","4.473","4.473","4.399","-0.34%"
"18-05-2020","4.414","4.614","4.614","4.359","1.26%"
"15-05-2020","4.359","4.614","4.614","4.359","0.23%"
"14-05-2020","4.349","4.422","4.422","4.349","-1.09%"
"13-05-2020","4.397","4.468","4.468","4.353","0.89%"
"12-05-2020","4.358","4.504","4.504","4.358","-0.09%"
"11-05-2020","4.362","4.338","4.547","4.338","1.35%"
"08-05-2020","4.304","4.352","4.357","4.304","-1.31%"
"06-05-2020","4.361","4.453","4.453","4.361","-2.98%"
"05-05-2020","4.495","4.510","4.510","4.462","2.74%"
"04-05-2020","4.375","4.490","4.490","4.375","-2.06%"
"30-04-2020","4.467","4.405","4.467","4.349","-0.22%"
"29-04-2020","4.477","4.438","4.477","4.399","2.57%"
"28-04-2020","4.365","4.669","4.669","4.365","1.18%"
"27-04-2020","4.314","4.314","4.314","4.314","0.37%"
"24-04-2020","4.298","4.298","4.298","4.298","-0.12%"
"23-04-2020","4.303","4.470","4.498","4.303","-1.40%"
"22-04-2020","4.364","4.531","4.531","4.364","-2.61%"
"21-04-2020","4.481","4.704","4.704","4.481","-1.34%"
"20-04-2020","4.542","4.597","4.709","4.542","-1.30%"
"17-04-2020","4.602","4.658","4.742","4.602","-4.14%"
"16-04-2020","4.801","4.868","4.868","4.784","-0.33%"
"15-04-2020","4.817","4.956","4.956","4.817","-1.79%"
"13-04-2020","4.905","4.988","4.988","4.905","-0.18%"
"09-04-2020","4.914","5.081","5.164","4.914","-0.36%"
"08-04-2020","4.932","5.181","5.181","4.932","0.12%"
"07-04-2020","4.926","4.992","4.992","4.926","-0.10%"
"03-04-2020","4.931","5.079","5.079","4.931","-2.20%"
"31-03-2020","5.042","5.096","5.096","4.960","-3.48%"
"30-03-2020","5.224","5.224","5.224","5.224","3.90%"
"27-03-2020","5.028","5.028","5.028","5.028","-5.36%"
"26-03-2020","5.313","5.286","5.442","5.286","-0.58%"
"24-03-2020","5.344","5.399","5.399","5.344","-0.15%"
"23-03-2020","5.352","5.379","5.598","5.352","0.43%"
"20-03-2020","5.329","5.329","5.329","5.329","-0.22%"
"19-03-2020","5.341","5.422","5.422","5.341","0.95%"
"18-03-2020","5.291","5.372","5.399","5.291","-0.58%"
"17-03-2020","5.322","5.349","5.376","5.322","0.95%"
"16-03-2020","5.272","5.353","5.353","5.272","-0.58%"
"13-03-2020","5.303","5.357","5.410","5.303","-0.02%"
"12-03-2020","5.304","5.261","5.304","5.261","1.98%"
"11-03-2020","5.201","5.254","5.319","5.201","0.76%"
"09-03-2020","5.162","5.189","5.189","5.147","-1.68%"
"06-03-2020","5.250","5.250","5.330","5.250","-0.74%"
"05-03-2020","5.289","5.289","5.305","5.273","0.94%"
"04-03-2020","5.240","5.372","5.372","5.240","-3.20%"
"03-03-2020","5.413","5.472","5.472","5.413","-0.28%"
"02-03-2020","5.428","5.502","5.502","5.428","-1.13%"
"28-02-2020","5.490","5.569","5.569","5.490","0.51%"
"27-02-2020","5.462","5.499","5.531","5.457","-0.16%"
"26-02-2020","5.471","5.482","5.503","5.469","-0.45%"
"25-02-2020","5.496","5.506","5.512","5.496","-0.05%"
"24-02-2020","5.499","5.541","5.541","5.499","-0.58%"
"20-02-2020","5.531","5.563","5.563","5.531","-0.36%"
"18-02-2020","5.551","5.603","5.603","5.551","0.14%"
"17-02-2020","5.543","5.559","5.600","5.543","-0.34%"
"14-02-2020","5.562","5.573","5.583","5.560","-0.11%"
"13-02-2020","5.568","5.594","5.594","5.568","-0.23%"
"12-02-2020","5.581","5.695","5.695","5.576","-0.16%"
"11-02-2020","5.590","5.605","5.605","5.580","0.13%"
"10-02-2020","5.583","5.609","5.609","5.583","-0.52%"
"07-02-2020","5.612","5.596","5.637","5.596","-0.99%"
"06-02-2020","5.668","5.801","5.801","5.668","-2.01%"
"05-02-2020","5.784","5.825","5.830","5.784","-0.31%"
"04-02-2020","5.802","5.828","5.828","5.797","-3.15%"
"03-02-2020","5.991","5.852","5.991","5.831","5.64%"
"31-01-2020","5.671","5.780","5.780","5.664","-0.07%"
"30-01-2020","5.675","5.711","5.711","5.675","-0.05%"
"29-01-2020","5.678","5.685","5.685","5.678","-0.02%"
"28-01-2020","5.679","5.701","5.708","5.679","0.11%"
"27-01-2020","5.673","5.732","5.732","5.673","-0.53%"
"24-01-2020","5.703","5.739","5.739","5.703","-0.68%"
"23-01-2020","5.742","5.756","5.778","5.739","-0.14%"
"22-01-2020","5.750","5.779","5.779","5.743","-0.16%"
"21-01-2020","5.759","5.759","5.780","5.751","0.24%"
"20-01-2020","5.745","5.781","5.817","5.745","-0.03%"
"17-01-2020","5.747","5.817","5.817","5.747","0.70%"
"16-01-2020","5.707","5.743","5.743","5.707","-0.02%"
"15-01-2020","5.708","5.730","5.730","5.708","-0.04%"
"14-01-2020","5.710","5.780","5.780","5.710","0.37%"
"13-01-2020","5.689","5.718","5.732","5.689","-0.02%"
"10-01-2020","5.690","5.753","5.753","5.690","-0.05%"
"09-01-2020","5.693","5.755","5.755","5.693","-0.61%"
"08-01-2020","5.728","5.791","5.791","5.728","-0.26%"
"07-01-2020","5.743","5.778","5.778","5.743","-0.61%"
"06-01-2020","5.778","5.785","5.785","5.758","0.35%"
"03-01-2020","5.758","5.779","5.779","5.724","-0.40%"
"02-01-2020","5.781","5.774","5.829","5.774","0.10%"
"01-01-2020","5.775","5.830","5.830","5.775","-0.02%"
"31-12-2019","5.776","5.863","5.863","5.776","-0.94%"
"30-12-2019","5.831","5.845","5.845","5.828","0.19%"
"27-12-2019","5.820","5.820","5.889","5.820","0.55%"
"26-12-2019","5.788","5.958","5.958","5.788","-0.36%"
"24-12-2019","5.809","5.856","5.856","5.809","-0.48%"
"23-12-2019","5.837","5.912","5.912","5.824","-0.70%"
"20-12-2019","5.878","5.960","5.960","5.858","1.01%"
"19-12-2019","5.819","5.826","5.826","5.789","0.57%"
"18-12-2019","5.786","5.860","5.860","5.786","-0.60%"
"17-12-2019","5.821","5.827","5.841","5.807","0.22%"
"16-12-2019","5.808","5.861","5.861","5.788","0.45%"
"13-12-2019","5.782","6.127","6.127","5.782","0.31%"
"12-12-2019","5.764","5.830","5.830","5.764","-0.02%"
"11-12-2019","5.765","5.798","5.798","5.765","0.33%"
"10-12-2019","5.746","5.726","5.832","5.722","0.35%"
"09-12-2019","5.726","5.733","5.766","5.726","-0.02%"
"06-12-2019","5.727","5.932","5.932","5.727","1.01%"
"05-12-2019","5.670","5.572","5.928","5.572","2.94%"
"04-12-2019","5.508","5.541","5.541","5.508","-0.15%"
"03-12-2019","5.516","5.542","5.640","5.516","-0.13%"
"02-12-2019","5.523","5.543","5.543","5.517","-0.02%"
"29-11-2019","5.524","5.531","5.544","5.524","0.16%"
"28-11-2019","5.515","5.547","5.547","5.515","-0.59%"
"27-11-2019","5.548","5.568","5.568","5.545","-0.14%"
"26-11-2019","5.556","5.569","5.569","5.543","-0.02%"
"25-11-2019","5.557","5.570","5.570","5.557","-0.02%"
"22-11-2019","5.558","5.603","5.603","5.558","-0.16%"
"21-11-2019","5.567","5.587","5.587","5.561","0.09%"
"20-11-2019","5.562","5.588","5.588","5.562","-0.48%"
"19-11-2019","5.589","5.589","5.601","5.589","-0.13%"
"18-11-2019","5.596","5.641","5.641","5.590","-0.02%"
"15-11-2019","5.597","5.629","5.629","5.597","-0.29%"
"14-11-2019","5.613","5.638","5.638","5.613","-0.69%"
"13-11-2019","5.652","5.689","5.689","5.652","0.11%"
"11-11-2019","5.646","5.690","5.690","5.646","-0.48%"
"08-11-2019","5.673","5.673","5.717","5.654","0.51%"
"07-11-2019","5.644","5.632","5.663","5.632","0.43%"
"06-11-2019","5.620","5.664","5.664","5.620","-0.90%"
"05-11-2019","5.671","5.634","5.727","5.634","0.87%"
"04-11-2019","5.622","5.666","5.666","5.622","0.09%"
"01-11-2019","5.617","5.667","5.667","5.617","0.18%"
"31-10-2019","5.607","5.669","5.669","5.607","-0.57%"
"30-10-2019","5.639","5.646","5.670","5.639","0.28%"
"29-10-2019","5.623","5.661","5.661","5.623","-0.25%"
"25-10-2019","5.637","5.655","5.661","5.637","-0.28%"
"24-10-2019","5.653","5.690","5.690","5.653","0.09%"
"23-10-2019","5.648","5.672","5.690","5.648","-0.34%"
"22-10-2019","5.667","5.851","5.851","5.661","-0.02%"
"18-10-2019","5.668","5.730","5.730","5.662","-0.60%"
"17-10-2019","5.702","5.708","5.732","5.693","0.42%"
"16-10-2019","5.678","5.733","5.763","5.678","-0.54%"
"15-10-2019","5.709","5.734","5.734","5.709","-0.12%"
"14-10-2019","5.716","5.752","5.752","5.716","-0.64%"
"11-10-2019","5.753","5.856","5.856","5.753","0.38%"
"10-10-2019","5.731","5.798","5.798","5.731","-0.02%"
"09-10-2019","5.732","5.768","5.768","5.729","-0.43%"
"07-10-2019","5.757","5.799","5.799","5.739","-0.43%"
"04-10-2019","5.782","5.723","5.860","5.723","0.68%"
"03-10-2019","5.743","5.862","5.862","5.737","-0.83%"
"01-10-2019","5.791","5.982","5.982","5.791","-0.03%"
"30-09-2019","5.793","5.911","5.911","5.793","-1.91%"
"27-09-2019","5.906","5.983","5.983","5.894","0.68%"
"26-09-2019","5.866","5.943","5.949","5.843","0.58%"
"25-09-2019","5.832","5.897","5.897","5.832","-0.41%"
"24-09-2019","5.856","6.015","6.015","5.820","1.74%"
"23-09-2019","5.756","5.809","5.898","5.756","0.49%"
"20-09-2019","5.728","5.751","6.051","5.728","-1.34%"
"19-09-2019","5.806","5.812","5.812","5.806","1.10%"
"18-09-2019","5.743","5.930","5.930","5.743","-1.51%"
"17-09-2019","5.831","6.018","6.018","5.831","1.00%"
"16-09-2019","5.773","6.165","6.165","5.773","-0.02%"
"13-09-2019","5.774","5.990","5.990","5.774","0.37%"
"12-09-2019","5.753","5.991","5.991","5.753","-0.12%"
"11-09-2019","5.760","5.875","5.875","5.760","-0.02%"
"09-09-2019","5.761","5.788","5.788","5.761","-0.31%"
"06-09-2019","5.779","5.797","5.814","5.762","0.05%"
"05-09-2019","5.776","5.822","5.822","5.776","-0.31%"
"04-09-2019","5.794","5.794","5.794","5.794","-0.31%"
"03-09-2019","5.812","5.812","5.812","5.794","-0.41%"
"30-08-2019","5.836","5.901","5.901","5.836","-0.09%"
"29-08-2019","5.841","5.841","5.841","5.841","-0.07%"
"28-08-2019","5.845","5.861","5.864","5.845","0.62%"
"27-08-2019","5.809","5.809","5.809","5.809","0.05%"
"26-08-2019","5.806","5.806","5.806","5.806","-1.58%"
"23-08-2019","5.899","5.899","5.899","5.899","0.07%"
"22-08-2019","5.895","5.895","5.895","5.895","0.27%"
"21-08-2019","5.879","5.879","5.879","5.879","0.38%"
"20-08-2019","5.857","5.857","5.857","5.857","-0.81%"
"19-08-2019","5.905","5.905","5.905","5.905","0.17%"
"16-08-2019","5.895","5.895","5.895","5.895","-1.42%"
"14-08-2019","5.980","5.980","5.980","5.980","0.76%"
"13-08-2019","5.935","5.935","5.935","5.935","0.46%"
"09-08-2019","5.908","5.908","5.908","5.908","0.24%"
"08-08-2019","5.894","5.894","5.894","5.894","-0.57%"
"07-08-2019","5.928","6.072","6.134","5.928","-1.10%"
"06-08-2019","5.994","5.994","6.000","5.994","-0.03%"
"05-08-2019","5.996","5.996","5.996","5.996","-0.25%"
"02-08-2019","6.011","5.980","6.011","5.977","-0.64%"
"01-08-2019","6.050","6.075","6.075","6.050","0.52%"
"31-07-2019","6.019","6.033","6.097","6.019","-0.38%"
"30-07-2019","6.042","6.078","6.078","6.039","0.00%"
"29-07-2019","6.042","6.099","6.099","6.042","-0.97%"
"26-07-2019","6.101","6.172","6.172","6.094","0.26%"
"25-07-2019","6.085","6.113","6.163","6.085","-0.15%"
"24-07-2019","6.094","6.108","6.108","6.087","0.31%"
"23-07-2019","6.075","6.110","6.110","6.075","0.10%"
"22-07-2019","6.069","6.147","6.147","6.069","0.20%"
"19-07-2019","6.057","6.149","6.149","6.043","-0.20%"
"18-07-2019","6.069","6.118","6.188","6.069","-0.48%"
"17-07-2019","6.098","6.084","6.168","6.084","-0.26%"
"16-07-2019","6.114","6.176","6.176","6.114","-0.70%"
"15-07-2019","6.157","6.178","6.178","6.153","-0.36%"
"12-07-2019","6.179","6.227","6.227","6.179","-0.16%"
"11-07-2019","6.189","6.231","6.231","6.189","-0.24%"
"10-07-2019","6.204","6.579","6.579","6.163","0.76%"
"09-07-2019","6.157","6.199","6.199","6.157","0.42%"
"08-07-2019","6.131","6.296","6.296","6.124","-0.58%"
"05-07-2019","6.167","6.235","6.256","6.167","-1.04%"
"04-07-2019","6.232","6.335","6.335","6.232","-0.24%"
"03-07-2019","6.247","6.240","6.301","6.240","-0.13%"
"02-07-2019","6.255","6.289","6.307","6.255","-0.45%"
"01-07-2019","6.283","6.344","6.344","6.283","-0.24%"
"28-06-2019","6.298","6.305","6.345","6.271","0.17%"
"27-06-2019","6.287","6.312","6.314","6.267","-0.02%"
"26-06-2019","6.288","6.281","6.302","6.268","0.74%"
"25-06-2019","6.242","6.235","6.262","6.223","0.42%"
"24-06-2019","6.216","6.216","6.237","6.196","-0.03%"
"21-06-2019","6.218","6.211","6.244","6.184","0.48%"
"20-06-2019","6.188","6.188","6.221","6.161","-0.98%"
"19-06-2019","6.249","6.242","6.249","6.222","0.63%"
"18-06-2019","6.210","6.237","6.310","6.203","-0.45%"
"17-06-2019","6.238","6.291","6.318","6.225","0.31%"
"14-06-2019","6.219","6.285","6.292","6.219","-1.00%"
"13-06-2019","6.282","6.295","6.295","6.282","-0.22%"
"12-06-2019","6.296","6.309","6.309","6.283","-0.02%"
"11-06-2019","6.297","6.304","6.330","6.297","0.08%"
"10-06-2019","6.292","6.298","6.555","6.292","0.30%"
"07-06-2019","6.273","6.431","6.431","6.273","-0.05%"
"06-06-2019","6.276","6.348","6.348","6.237","-1.06%"
"04-06-2019","6.343","6.434","6.434","6.343","-0.22%"
"03-06-2019","6.357","6.370","6.403","6.335","-0.63%"
"31-05-2019","6.397","6.436","6.449","6.378","-0.85%"
"30-05-2019","6.452","6.471","6.471","6.449","-0.60%"
"29-05-2019","6.491","6.471","6.491","6.458","0.40%"
"28-05-2019","6.465","6.485","6.493","6.464","-0.42%"
"27-05-2019","6.492","6.498","6.498","6.473","-0.11%"
"24-05-2019","6.499","6.538","6.538","6.499","-0.14%"
"23-05-2019","6.508","6.540","6.540","6.501","-0.31%"
"22-05-2019","6.528","6.605","6.605","6.528","-0.11%"
"21-05-2019","6.535","6.573","6.573","6.535","-0.11%"
"20-05-2019","6.542","6.593","6.593","6.542","-0.79%"
"17-05-2019","6.594","6.638","6.638","6.594","-0.12%"
"16-05-2019","6.602","6.703","6.703","6.602","-0.11%"
"15-05-2019","6.609","6.672","6.672","6.609","-0.20%"
"14-05-2019","6.622","6.609","6.641","6.587","-0.11%"
"13-05-2019","6.629","6.768","6.768","6.629","-1.32%"
"10-05-2019","6.718","6.737","6.737","6.718","0.07%"
"09-05-2019","6.713","6.757","6.763","6.706","0.00%"
"08-05-2019","6.713","6.745","6.745","6.713","0.00%"
"07-05-2019","6.713","6.783","6.783","6.713","-0.01%"
"06-05-2019","6.714","6.783","6.783","6.714","-0.61%"
"03-05-2019","6.755","6.727","6.796","6.720","0.69%"
"02-05-2019","6.709","6.740","6.822","6.709","-0.19%"
"30-04-2019","6.722","6.710","6.884","6.710","-0.65%"
"26-04-2019","6.766","6.785","6.798","6.760","0.06%"
"25-04-2019","6.762","6.805","6.836","6.762","0.46%"
"24-04-2019","6.731","6.805","6.805","6.731","-0.46%"
"23-04-2019","6.762","6.805","6.898","6.762","0.09%"
"22-04-2019","6.756","6.991","6.991","6.756","0.45%"
"18-04-2019","6.726","6.806","6.806","6.724","0.25%"
"16-04-2019","6.709","6.697","6.807","6.685","0.16%"
"15-04-2019","6.698","6.698","6.698","6.674","-0.01%"
"12-04-2019","6.699","6.687","6.765","6.679","0.53%"
"11-04-2019","6.664","6.718","6.718","6.664","0.27%"
"10-04-2019","6.646","6.809","6.809","6.646","-0.20%"
"09-04-2019","6.659","6.840","6.840","6.659","0.73%"
"08-04-2019","6.611","6.750","6.750","6.611","0.62%"
"05-04-2019","6.570","6.570","6.630","6.570","-0.03%"
"04-04-2019","6.572","6.512","6.691","6.512","1.37%"
"03-04-2019","6.483","6.543","6.567","6.483","-0.02%"
"02-04-2019","6.484","6.532","6.532","6.484","-0.48%"
"29-03-2019","6.515","6.532","6.532","6.515","-0.56%"
"28-03-2019","6.552","6.576","6.605","6.552","-0.36%"
"27-03-2019","6.576","6.576","6.576","6.576","0.34%"
"26-03-2019","6.554","6.577","6.577","6.552","-0.18%"
"25-03-2019","6.566","6.607","6.607","6.554","-0.45%"
"22-03-2019","6.596","6.578","6.596","6.578","-0.03%"
"20-03-2019","6.598","6.598","6.598","6.598","-0.20%"
"19-03-2019","6.611","6.611","6.611","6.611","0.44%"
"18-03-2019","6.582","6.542","6.582","6.542","0.43%"
"15-03-2019","6.554","6.653","6.663","6.554","-0.91%"
"14-03-2019","6.614","6.620","6.631","6.597","-1.14%"
"13-03-2019","6.690","6.690","6.690","6.690","1.04%"
"12-03-2019","6.621","6.656","6.656","6.621","-0.02%"
"11-03-2019","6.622","6.622","6.679","6.622","-0.62%"
"08-03-2019","6.663","6.645","6.663","6.616","-0.36%"
"07-03-2019","6.687","6.676","6.687","6.676","-0.18%"
"06-03-2019","6.699","6.665","6.699","6.665","0.77%"
"05-03-2019","6.648","6.665","6.665","6.648","-0.43%"
"01-03-2019","6.677","6.749","6.749","6.677","-0.80%"
"28-02-2019","6.731","6.813","6.813","6.731","0.01%"
"27-02-2019","6.730","6.793","6.793","6.730","-0.31%"
"26-02-2019","6.751","6.794","6.808","6.751","0.55%"
"25-02-2019","6.714","6.810","6.810","6.714","0.13%"
"22-02-2019","6.705","6.907","6.907","6.705","-0.21%"
"21-02-2019","6.719","6.767","6.767","6.719","-0.01%"
"20-02-2019","6.720","6.768","6.768","6.720","-0.24%"
"18-02-2019","6.736","6.750","6.913","6.736","0.16%"
"15-02-2019","6.725","6.796","6.796","6.725","0.58%"
"14-02-2019","6.686","6.847","6.847","6.686","0.04%"
"13-02-2019","6.683","6.730","6.730","6.683","-1.47%"
"12-02-2019","6.783","6.921","6.921","6.779","-0.16%"
"11-02-2019","6.794","6.827","6.827","6.789","0.19%"
"08-02-2019","6.781","6.970","6.970","6.758","-0.54%"
"07-02-2019","6.818","6.879","6.879","6.818","-2.11%"
"06-02-2019","6.965","7.164","7.164","6.965","-0.49%"
"05-02-2019","6.999","7.047","7.047","6.999","-0.43%"
"04-02-2019","7.029","7.034","7.070","7.013","0.59%"
"01-02-2019","6.988","7.143","7.167","6.945","0.76%"
"31-01-2019","6.935","6.963","7.146","6.930","-0.42%"
"30-01-2019","6.964","6.983","7.006","6.964","0.00%"
"29-01-2019","6.964","6.992","7.006","6.964","-0.34%"
"28-01-2019","6.988","6.998","7.030","6.988","-0.16%"
"25-01-2019","6.999","7.031","7.031","6.999","-0.37%"
"24-01-2019","7.025","7.058","7.058","7.025","-0.01%"
"23-01-2019","7.026","7.059","7.059","7.026","0.11%"
"22-01-2019","7.018","7.037","7.037","7.013","-0.14%"
"21-01-2019","7.028","7.084","7.094","7.028","-0.03%"
"18-01-2019","7.030","7.048","7.085","7.030","0.16%"
"17-01-2019","7.019","7.079","7.079","7.019","-0.07%"
"16-01-2019","7.024","6.997","7.089","6.997","0.44%"
"15-01-2019","6.993","7.044","7.113","6.993","0.37%"
"14-01-2019","6.967","7.038","7.038","6.967","-0.47%"
"11-01-2019","7.000","7.037","7.041","7.000","-0.04%"
"10-01-2019","7.003","7.049","7.049","7.003","-0.34%"
"09-01-2019","7.027","7.050","7.050","7.023","0.31%"
"08-01-2019","7.005","7.115","7.115","7.005","-0.79%"
"07-01-2019","7.061","7.075","7.167","7.061","0.24%"
"04-01-2019","7.044","7.030","7.145","7.017","0.14%"
"03-01-2019","7.034","7.102","7.102","7.006","0.64%"
"02-01-2019","6.989","7.012","7.194","6.989","-0.67%"
"01-01-2019","7.036","7.081","7.081","7.036","0.31%"
"31-12-2018","7.014","7.105","7.242","7.014","-0.47%"
"28-12-2018","7.047","7.106","7.243","7.042","0.17%"
"27-12-2018","7.035","7.058","7.085","7.017","0.04%"
"26-12-2018","7.032","7.063","7.086","7.018","-0.47%"
"24-12-2018","7.065","7.051","7.133","7.047","0.68%"
"21-12-2018","7.017","7.076","7.076","7.017","-0.75%"
"20-12-2018","7.070","7.115","7.115","7.070","0.24%"
"19-12-2018","7.053","7.071","7.071","7.053","-0.65%"
"18-12-2018","7.099","7.184","7.184","7.099","-0.77%"
"17-12-2018","7.154","7.230","7.289","7.154","-0.45%"
"14-12-2018","7.186","7.209","7.366","7.186","0.53%"
"13-12-2018","7.148","7.346","7.346","7.148","-0.51%"
"12-12-2018","7.185","7.234","7.234","7.185","-1.01%"
"11-12-2018","7.258","7.483","7.483","7.258","-0.01%"
"10-12-2018","7.259","7.259","7.281","7.250","0.18%"
"07-12-2018","7.246","7.260","7.260","7.246","1.33%"
"06-12-2018","7.151","7.441","7.441","7.151","-0.93%"
"05-12-2018","7.218","7.307","7.307","7.218","-0.93%"
"04-12-2018","7.286","7.487","7.487","7.286","-0.26%"
"03-12-2018","7.305","7.376","7.376","7.305","0.07%"
"30-11-2018","7.300","7.347","7.347","7.300","0.16%"
"29-11-2018","7.288","7.348","7.348","7.288","-0.71%"
"28-11-2018","7.340","7.340","7.340","7.340","-0.38%"
"27-11-2018","7.368","7.368","7.368","7.368","-0.26%"
"26-11-2018","7.387","7.387","7.387","7.387","0.49%"
"22-11-2018","7.351","7.351","7.351","7.351","-0.96%"
"20-11-2018","7.422","7.492","7.492","7.418","0.35%"
"19-11-2018","7.396","7.396","7.396","7.396","-0.38%"
"16-11-2018","7.424","7.424","7.424","7.424","0.30%"
"15-11-2018","7.402","7.425","7.425","7.402","0.61%"
"14-11-2018","7.357","7.357","7.357","7.357","-1.66%"
"13-11-2018","7.481","7.481","7.481","7.481","0.36%"
"12-11-2018","7.454","7.454","7.454","7.454","0.30%"
"09-11-2018","7.432","7.432","7.432","7.432","-0.27%"
"06-11-2018","7.452","7.452","7.452","7.452","-1.22%"
"05-11-2018","7.544","7.544","7.544","7.544","1.40%"
"02-11-2018","7.440","7.655","7.655","7.440","-2.09%"
"01-11-2018","7.599","7.642","7.642","7.549","0.09%"
"31-10-2018","7.592","7.799","7.799","7.585","-0.47%"
"30-10-2018","7.628","7.578","7.628","7.578","1.05%"
"29-10-2018","7.549","7.613","7.613","7.549","-0.47%"
"26-10-2018","7.585","7.599","7.599","7.585","-0.38%"
"25-10-2018","7.614","7.614","7.614","7.614","0.00%"
"24-10-2018","7.614","7.635","7.635","7.600","0.18%"
"23-10-2018","7.600","7.656","7.656","7.600","-0.64%"
"22-10-2018","7.649","7.720","7.720","7.649","-0.09%"
"19-10-2018","7.656","7.762","7.762","7.656","-0.46%"
"17-10-2018","7.691","7.755","7.755","7.691","0.46%"
"16-10-2018","7.656","7.642","7.677","7.642","-0.27%"
"15-10-2018","7.677","7.726","7.795","7.677","-0.18%"
"12-10-2018","7.691","7.795","7.795","7.677","0.46%"
"11-10-2018","7.656","7.864","7.864","7.656","-0.89%"
"10-10-2018","7.725","7.864","7.864","7.718","-1.42%"
"09-10-2018","7.836","7.933","7.933","7.794","1.44%"
"08-10-2018","7.725","7.808","7.808","7.725","-0.97%"
"05-10-2018","7.801","8.209","8.209","7.801","-2.48%"
"04-10-2018","7.999","8.344","8.344","7.972","0.87%"
"03-10-2018","7.930","7.964","7.964","7.889","1.32%"
"01-10-2018","7.827","7.861","7.930","7.793","-0.51%"
"28-09-2018","7.867","7.915","7.915","7.867","-0.08%"
"27-09-2018","7.873","7.996","7.996","7.873","-0.25%"
"26-09-2018","7.893","7.941","7.954","7.893","-0.85%"
"25-09-2018","7.961","8.015","8.015","7.954","-0.41%"
"24-09-2018","7.994","8.028","8.028","7.987","0.86%"
"21-09-2018","7.926","7.960","8.129","7.926","-0.41%"
"19-09-2018","7.959","8.026","8.073","7.945","-0.82%"
"18-09-2018","8.025","7.924","8.395","7.924","0.43%"
"17-09-2018","7.991","8.058","8.058","7.957","-0.16%"
"14-09-2018","8.004","8.031","8.051","8.004","-0.06%"
"12-09-2018","8.009","8.022","8.122","8.009","0.26%"
"11-09-2018","7.988","8.055","8.055","7.968","0.00%"
"10-09-2018","7.988","7.905","8.054","7.905","1.43%"
"07-09-2018","7.875","7.889","7.922","7.856","0.68%"
"06-09-2018","7.822","7.907","7.907","7.822","0.00%"
"05-09-2018","7.822","7.855","7.986","7.822","0.00%"
"04-09-2018","7.822","7.953","7.953","7.822","1.52%"
"03-09-2018","7.705","7.724","7.789","7.705","-0.70%"
"31-08-2018","7.759","7.768","7.817","7.744","0.49%"
"30-08-2018","7.721","7.721","7.818","7.707","0.38%"
"29-08-2018","7.692","7.896","7.896","7.692","-0.01%"
"28-08-2018","7.693","7.683","7.693","7.668","0.18%"
"27-08-2018","7.679","7.770","7.809","7.679","0.63%"
"24-08-2018","7.631","7.742","7.742","7.631","-0.08%"
"23-08-2018","7.637","7.671","7.671","7.637","-0.01%"
"21-08-2018","7.638","7.638","7.652","7.638","-0.01%"
"20-08-2018","7.639","7.663","7.663","7.639","-0.01%"
"16-08-2018","7.640","7.678","7.716","7.640","0.73%"
"14-08-2018","7.585","7.609","7.609","7.585","-0.33%"
"13-08-2018","7.610","7.610","7.634","7.600","0.87%"
"10-08-2018","7.544","7.563","7.587","7.544","-0.09%"
"09-08-2018","7.551","7.584","7.589","7.551","-0.32%"
"08-08-2018","7.575","7.599","7.599","7.575","-0.01%"
"07-08-2018","7.576","7.576","7.684","7.576","0.12%"
"06-08-2018","7.567","7.577","7.621","7.567","-0.01%"
"03-08-2018","7.568","7.638","7.638","7.568","0.16%"
"02-08-2018","7.556","7.640","7.640","7.556","0.12%"
"01-08-2018","7.547","7.556","7.566","7.547","-0.45%"
"31-07-2018","7.581","7.604","7.632","7.578","-0.30%"
"30-07-2018","7.604","7.642","7.642","7.604","0.05%"
"27-07-2018","7.600","7.619","7.640","7.600","0.09%"
"26-07-2018","7.593","7.597","7.607","7.593","-0.85%"
"25-07-2018","7.658","7.612","7.658","7.612","0.79%"
"24-07-2018","7.598","7.608","7.622","7.598","-0.31%"
"23-07-2018","7.622","7.608","7.644","7.608","0.29%"
"20-07-2018","7.600","7.646","7.646","7.600","-0.03%"
"19-07-2018","7.602","7.625","7.648","7.602","0.05%"
"18-07-2018","7.598","7.602","7.612","7.589","0.12%"
"17-07-2018","7.589","7.654","7.654","7.589","-0.73%"
"16-07-2018","7.645","7.664","7.666","7.645","0.10%"
"13-07-2018","7.637","7.650","7.743","7.637","0.41%"
"12-07-2018","7.606","7.767","7.767","7.606","-0.91%"
"11-07-2018","7.676","7.763","7.763","7.676","0.00%"
"10-07-2018","7.676","7.681","7.681","7.676","-0.31%"
"09-07-2018","7.700","7.686","7.700","7.668","0.42%"
"06-07-2018","7.668","7.677","7.687","7.650","0.03%"
"05-07-2018","7.666","7.666","7.702","7.656","0.35%"
"04-07-2018","7.639","7.694","7.694","7.639","-0.07%"
"03-07-2018","7.644","7.658","7.703","7.644","0.17%"
"02-07-2018","7.631","7.636","7.772","7.599","1.62%"
"29-06-2018","7.509","7.531","7.587","7.509","-0.35%"
"28-06-2018","7.535","7.507","7.590","7.507","0.80%"
"27-06-2018","7.475","7.477","7.491","7.463","0.51%"
"26-06-2018","7.437","7.462","7.462","7.437","-0.09%"
"25-06-2018","7.444","7.455","7.483","7.438","0.13%"
"22-06-2018","7.434","7.428","7.478","7.412","0.32%"
"21-06-2018","7.410","7.460","7.460","7.405","-0.31%"
"20-06-2018","7.433","7.516","7.516","7.433","-0.76%"
"19-06-2018","7.490","7.517","7.545","7.490","-0.53%"
"18-06-2018","7.530","7.491","7.557","7.491","-0.01%"
"15-06-2018","7.531","7.602","7.602","7.531","-0.62%"
"14-06-2018","7.578","7.589","7.633","7.567","0.05%"
"13-06-2018","7.574","7.634","7.661","7.574","-0.80%"
"12-06-2018","7.635","7.690","7.690","7.629","0.07%"
"11-06-2018","7.630","7.691","7.691","7.630","0.05%"
"08-06-2018","7.626","7.801","7.801","7.626","-0.60%"
"07-06-2018","7.672","7.710","7.710","7.672","0.77%"
"06-06-2018","7.613","7.613","7.722","7.613","0.34%"
"05-06-2018","7.587","7.614","7.668","7.587","0.07%"
"04-06-2018","7.582","7.668","7.668","7.582","0.28%"
"01-06-2018","7.561","7.647","7.647","7.561","0.12%"
"31-05-2018","7.552","7.779","7.779","7.552","0.35%"
"30-05-2018","7.526","7.553","7.590","7.518","0.00%"
"29-05-2018","7.526","7.564","7.564","7.526","0.20%"
"28-05-2018","7.511","7.537","7.564","7.511","0.00%"
"25-05-2018","7.511","7.619","7.619","7.511","-0.74%"
"24-05-2018","7.567","7.615","7.615","7.567","0.34%"
"23-05-2018","7.541","7.616","7.616","7.541","0.84%"
"22-05-2018","7.478","7.515","7.515","7.478","0.07%"
"21-05-2018","7.473","7.516","7.516","7.473","0.48%"
"18-05-2018","7.437","7.543","7.570","7.437","-1.16%"
"17-05-2018","7.524","7.572","7.598","7.524","-0.01%"
"16-05-2018","7.525","7.731","7.731","7.525","-0.08%"
"15-05-2018","7.531","7.605","7.605","7.521","0.41%"
"14-05-2018","7.500","7.458","7.509","7.437","1.05%"
"11-05-2018","7.422","7.469","7.469","7.422","-0.04%"
"10-05-2018","7.425","7.550","7.550","7.425","0.07%"
"09-05-2018","7.420","7.452","7.452","7.410","0.98%"
"08-05-2018","7.348","7.421","7.421","7.348","-0.30%"
"07-05-2018","7.370","7.474","7.474","7.370","-0.09%"
"04-05-2018","7.377","7.397","7.397","7.371","0.39%"
"03-05-2018","7.348","7.374","7.374","7.348","0.41%"
"02-05-2018","7.318","7.324","7.366","7.298","-0.16%"
"27-04-2018","7.330","7.350","7.402","7.330","0.78%"
"26-04-2018","7.273","7.330","7.432","7.273","0.26%"
"25-04-2018","7.254","7.407","7.407","7.254","0.19%"
"24-04-2018","7.240","7.357","7.357","7.240","0.12%"
"23-04-2018","7.231","7.363","7.460","7.231","1.77%"
"20-04-2018","7.105","7.451","7.451","7.105","1.67%"
"19-04-2018","6.988","7.235","7.235","6.988","0.20%"
"18-04-2018","6.974","6.984","7.080","6.974","0.42%"
"17-04-2018","6.945","7.111","7.111","6.945","0.48%"
"16-04-2018","6.912","7.113","7.113","6.902","0.28%"
"13-04-2018","6.893","6.923","6.938","6.893","0.00%"
"12-04-2018","6.893","6.918","6.918","6.893","0.33%"
"11-04-2018","6.870","6.919","6.944","6.870","0.35%"
"10-04-2018","6.846","6.841","6.896","6.817","0.99%"
"09-04-2018","6.779","6.749","6.823","6.749","0.64%"
"06-04-2018","6.736","6.775","6.820","6.728","-0.15%"
"05-04-2018","6.746","6.825","6.825","6.746","-0.68%"
"04-04-2018","6.792","6.831","6.831","6.792","-0.24%"
"03-04-2018","6.808","6.833","6.858","6.808","-0.60%"
"28-03-2018","6.849","6.869","6.869","6.844","-0.26%"
"27-03-2018","6.867","6.911","6.911","6.857","-0.79%"
"26-03-2018","6.922","7.015","7.015","6.922","0.33%"
"23-03-2018","6.899","6.943","6.943","6.899","-0.14%"
"22-03-2018","6.909","6.945","6.945","6.904","0.12%"
"21-03-2018","6.901","6.949","6.949","6.901","-0.09%"
"20-03-2018","6.907","6.927","7.024","6.905","0.19%"
"19-03-2018","6.894","6.909","6.938","6.885","1.82%"
"16-03-2018","6.771","6.856","6.856","6.771","-0.41%"
"15-03-2018","6.799","6.914","6.914","6.799","-0.87%"
"14-03-2018","6.859","6.919","6.919","6.859","-0.07%"
"13-03-2018","6.864","6.882","6.882","6.864","0.18%"
"12-03-2018","6.852","6.924","6.924","6.852","-0.33%"
"09-03-2018","6.875","6.899","7.031","6.875","0.12%"
"08-03-2018","6.867","6.903","6.909","6.867","0.01%"
"07-03-2018","6.866","6.938","6.938","6.866","-0.25%"
"06-03-2018","6.883","6.937","6.937","6.883","0.17%"
"05-03-2018","6.871","6.936","6.936","6.871","0.10%"
"01-03-2018","6.864","6.888","6.936","6.864","0.20%"
"28-02-2018","6.850","6.867","6.879","6.850","0.38%"
"27-02-2018","6.824","6.901","6.901","6.824","-0.25%"
"26-02-2018","6.841","6.900","6.900","6.841","0.01%"
"23-02-2018","6.840","6.870","6.899","6.840","0.01%"
"22-02-2018","6.839","6.915","6.915","6.839","0.01%"
"21-02-2018","6.838","6.867","6.867","6.838","0.18%"
"20-02-2018","6.826","6.837","6.855","6.826","0.44%"
"16-02-2018","6.796","6.831","6.831","6.796","-0.06%"
"15-02-2018","6.800","6.863","6.863","6.800","0.27%"
"14-02-2018","6.782","6.834","6.834","6.782","-0.50%"
"12-02-2018","6.816","6.833","6.862","6.816","-0.06%"
"09-02-2018","6.820","6.832","6.890","6.815","0.26%"
"08-02-2018","6.802","6.888","6.888","6.802","-0.41%"
"07-02-2018","6.830","7.002","7.088","6.830","-1.23%"
"06-02-2018","6.915","6.904","6.961","6.904","-0.07%"
"05-02-2018","6.920","6.943","6.943","6.914","-0.07%"
"02-02-2018","6.925","6.942","6.971","6.914","0.36%"
"01-02-2018","6.900","6.912","7.054","6.895","0.58%"
"31-01-2018","6.860","6.854","6.883","6.854","-0.07%"
"30-01-2018","6.865","6.854","6.967","6.854","0.41%"
"29-01-2018","6.837","6.825","6.911","6.814","0.59%"
"25-01-2018","6.797","6.811","6.853","6.797","0.03%"
"24-01-2018","6.795","6.823","6.823","6.795","0.09%"
"23-01-2018","6.789","6.878","6.878","6.789","-0.80%"
"22-01-2018","6.844","6.906","6.906","6.844","-0.16%"
"19-01-2018","6.855","6.905","6.905","6.855","0.03%"
"18-01-2018","6.853","6.904","6.904","6.848","0.50%"
"17-01-2018","6.819","6.903","6.903","6.819","-1.13%"
"16-01-2018","6.897","6.902","6.930","6.847","1.07%"
"15-01-2018","6.824","6.846","6.902","6.824","0.09%"
"12-01-2018","6.818","6.829","6.901","6.818","0.10%"
"11-01-2018","6.811","6.805","6.827","6.805","0.25%"
"10-01-2018","6.794","6.816","6.838","6.794","0.18%"
"09-01-2018","6.782","6.788","6.793","6.766","0.58%"
"08-01-2018","6.743","6.738","6.898","6.738","0.07%"
"05-01-2018","6.738","6.814","6.814","6.738","-0.22%"
"04-01-2018","6.753","6.786","6.797","6.753","0.00%"
"03-01-2018","6.753","6.813","6.813","6.753","-0.31%"
"02-01-2018","6.774","6.812","6.812","6.766","0.09%"
"01-01-2018","6.768","6.812","6.812","6.757","0.58%"
"29-12-2017","6.729","6.811","6.811","6.724","-0.78%"
"28-12-2017","6.782","6.853","6.853","6.782","0.56%"
"27-12-2017","6.744","6.836","6.890","6.744","-0.22%"
"26-12-2017","6.759","6.781","6.944","6.759","0.49%"
"22-12-2017","6.726","6.780","6.889","6.726","0.84%"
"21-12-2017","6.670","6.777","6.804","6.670","0.01%"
"20-12-2017","6.669","6.723","6.723","6.642","0.57%"
"19-12-2017","6.631","6.776","6.776","6.621","0.33%"
"18-12-2017","6.609","6.802","6.824","6.609","-0.08%"
"16-12-2017","6.614","6.614","6.614","6.614","0.08%"
"15-12-2017","6.609","6.625","6.668","6.609","0.02%"
"14-12-2017","6.608","6.639","6.698","6.608","-0.06%"
"13-12-2017","6.612","6.692","6.719","6.612","0.00%"
"12-12-2017","6.612","6.665","6.665","6.612","0.33%"
"11-12-2017","6.590","6.585","6.638","6.573","0.09%"
"08-12-2017","6.584","6.611","6.611","6.574","0.34%"
"07-12-2017","6.562","6.568","6.594","6.552","0.24%"
"06-12-2017","6.546","6.609","6.651","6.546","-0.55%"
"05-12-2017","6.582","6.609","6.609","6.582","-0.24%"
"04-12-2017","6.598","6.608","6.622","6.595","0.24%"
"30-11-2017","6.582","6.618","6.618","6.582","0.27%"
"29-11-2017","6.564","6.617","6.617","6.564","-0.24%"
"28-11-2017","6.580","6.619","6.619","6.580","-0.47%"
"27-11-2017","6.611","6.605","6.647","6.605","0.33%"
"24-11-2017","6.589","6.683","6.683","6.589","0.17%"
"23-11-2017","6.578","6.604","6.619","6.578","0.00%"
"22-11-2017","6.578","6.578","6.611","6.570","0.32%"
"21-11-2017","6.557","6.551","6.562","6.551","0.49%"
"20-11-2017","6.525","6.551","6.577","6.525","-1.17%"
"17-11-2017","6.602","6.602","6.628","6.499","-0.21%"
"16-11-2017","6.616","6.601","6.652","6.596","0.85%"
"15-11-2017","6.560","6.596","6.596","6.560","-0.30%"
"14-11-2017","6.580","6.575","6.599","6.539","0.95%"
"13-11-2017","6.518","6.574","6.574","6.518","0.23%"
"10-11-2017","6.503","6.523","6.543","6.495","0.25%"
"09-11-2017","6.487","6.522","6.522","6.487","-0.15%"
"08-11-2017","6.497","6.522","6.522","6.497","0.17%"
"07-11-2017","6.486","6.522","6.522","6.486","0.23%"
"06-11-2017","6.471","6.501","6.501","6.471","0.00%"
"03-11-2017","6.471","6.493","6.496","6.471","0.02%"
"02-11-2017","6.470","6.495","6.495","6.470","-0.23%"
"01-11-2017","6.485","6.490","6.495","6.480","0.15%"
"31-10-2017","6.475","6.520","6.520","6.475","-0.14%"
"30-10-2017","6.484","6.470","6.495","6.458","0.62%"
"27-10-2017","6.444","6.470","6.470","6.444","0.08%"
"26-10-2017","6.439","6.454","6.454","6.439","0.00%"
"25-10-2017","6.439","6.469","6.469","6.439","0.08%"
"24-10-2017","6.434","6.444","6.481","6.434","0.00%"
"23-10-2017","6.434","6.468","6.468","6.434","0.16%"
"18-10-2017","6.424","6.443","6.443","6.419","0.09%"
"17-10-2017","6.418","6.438","6.443","6.418","0.00%"
"16-10-2017","6.418","6.443","6.443","6.416","0.16%"
"13-10-2017","6.408","6.442","6.442","6.408","-0.16%"
"12-10-2017","6.418","6.432","6.432","6.418","0.09%"
"11-10-2017","6.412","6.442","6.442","6.412","-0.16%"
"10-10-2017","6.422","6.491","6.491","6.422","-0.16%"
"09-10-2017","6.432","6.491","6.491","6.432","0.00%"
"06-10-2017","6.432","6.466","6.466","6.432","0.02%"
"05-10-2017","6.431","6.466","6.466","6.431","0.08%"
"04-10-2017","6.426","6.441","6.465","6.378","0.53%"
"03-10-2017","6.392","6.465","6.465","6.392","-0.16%"
"29-09-2017","6.402","6.490","6.514","6.402","-0.45%"
"28-09-2017","6.431","6.532","6.532","6.428","-0.14%"
"27-09-2017","6.440","6.464","6.464","6.431","0.00%"
"26-09-2017","6.440","6.464","6.464","6.428","0.45%"
"25-09-2017","6.411","6.440","6.440","6.410","-0.08%"
"22-09-2017","6.416","6.512","6.512","6.411","0.22%"
"21-09-2017","6.402","6.402","6.464","6.378","0.61%"
"20-09-2017","6.363","6.392","6.392","6.359","-0.08%"
"19-09-2017","6.368","6.363","6.381","6.359","0.08%"
"18-09-2017","6.363","6.420","6.420","6.363","0.00%"
"15-09-2017","6.363","6.359","6.373","6.359","0.06%"
"14-09-2017","6.359","6.359","6.368","6.356","0.16%"
"13-09-2017","6.349","6.368","6.368","6.349","0.14%"
"12-09-2017","6.340","6.501","6.501","6.340","0.00%"
"11-09-2017","6.340","6.354","6.354","6.340","0.08%"
"08-09-2017","6.335","6.345","6.345","6.330","0.06%"
"07-09-2017","6.331","6.345","6.345","6.331","-0.06%"
"06-09-2017","6.335","6.551","6.551","6.333","0.00%"
"05-09-2017","6.335","6.364","6.364","6.335","0.06%"
"04-09-2017","6.331","6.345","6.368","6.331","0.16%"
"01-09-2017","6.321","6.354","6.354","6.321","-0.46%"
"31-08-2017","6.350","6.373","6.373","6.350","0.00%"
"30-08-2017","6.350","6.368","6.368","6.350","0.08%"
"29-08-2017","6.345","6.410","6.410","6.345","-0.22%"
"28-08-2017","6.359","6.364","6.364","6.350","0.14%"
"24-08-2017","6.350","6.354","6.357","6.345","0.14%"
"23-08-2017","6.341","6.350","6.350","6.341","0.08%"
"22-08-2017","6.336","6.577","6.577","6.336","0.06%"
"21-08-2017","6.332","6.369","6.369","6.332","-0.14%"
"18-08-2017","6.341","6.369","6.369","6.332","0.00%"
"16-08-2017","6.341","6.387","6.392","6.341","0.06%"
"14-08-2017","6.337","6.369","6.369","6.332","-0.06%"
"11-08-2017","6.341","6.392","6.392","6.337","0.14%"
"10-08-2017","6.332","6.346","6.392","6.326","1.25%"
"09-08-2017","6.254","6.325","6.325","6.254","-0.03%"
"08-08-2017","6.256","6.297","6.297","6.256","-0.30%"
"07-08-2017","6.275","6.415","6.415","6.269","0.53%"
"04-08-2017","6.242","6.300","6.504","6.242","-0.06%"
"03-08-2017","6.246","6.304","6.304","6.246","-0.67%"
"02-08-2017","6.288","6.346","6.364","6.288","-0.11%"
"01-08-2017","6.295","6.324","6.353","6.295","-0.21%"
"31-07-2017","6.308","6.326","6.334","6.308","0.24%"
"28-07-2017","6.293","6.327","6.327","6.293","-0.13%"
"27-07-2017","6.301","6.330","6.341","6.301","-0.03%"
"26-07-2017","6.303","6.464","6.464","6.303","0.08%"
"25-07-2017","6.298","6.315","6.344","6.298","0.33%"
"24-07-2017","6.277","6.317","6.317","6.277","-0.21%"
"21-07-2017","6.290","6.318","6.318","6.290","-0.43%"
"20-07-2017","6.317","6.363","6.363","6.317","0.33%"
"19-07-2017","6.296","6.347","6.347","6.296","-0.19%"
"18-07-2017","6.308","6.382","6.382","6.308","0.06%"
"17-07-2017","6.304","6.350","6.350","6.304","-0.38%"
"14-07-2017","6.328","6.340","6.340","6.328","-0.06%"
"13-07-2017","6.332","6.293","6.332","6.293","-0.03%"
"12-07-2017","6.334","6.345","6.345","6.334","-0.46%"
"11-07-2017","6.363","6.363","6.363","6.363","-0.03%"
"10-07-2017","6.365","6.353","6.365","6.353","-0.19%"
"07-07-2017","6.377","6.366","6.377","6.366","-0.06%"
"06-07-2017","6.381","6.404","6.404","6.381","-0.28%"
"05-07-2017","6.399","6.388","6.399","6.388","-0.30%"
"04-07-2017","6.418","6.429","6.429","6.418","-0.19%"
"03-07-2017","6.430","6.419","6.430","6.419","0.42%"
"01-07-2017","6.403","6.403","6.403","6.403","0.00%"
"30-06-2017","6.403","6.403","6.403","6.403","-0.06%"
"29-06-2017","6.407","6.424","6.424","6.407","-0.28%"
"28-06-2017","6.425","6.420","6.425","6.420","0.50%"
"27-06-2017","6.393","6.393","6.393","6.393","-0.02%"
"23-06-2017","6.394","6.411","6.411","6.394","-0.78%"
"22-06-2017","6.444","6.367","6.444","6.367","1.27%"
"21-06-2017","6.363","6.363","6.363","6.363","-0.02%"
"20-06-2017","6.364","6.364","6.364","6.364","-0.02%"
"19-06-2017","6.365","6.365","6.365","6.365","-0.28%"
"16-06-2017","6.383","6.378","6.383","6.378","-0.06%"
"15-06-2017","6.387","6.354","6.387","6.354","0.24%"
"14-06-2017","6.372","6.372","6.372","6.372","0.06%"
"13-06-2017","6.368","6.341","6.368","6.341","-0.02%"
"12-06-2017","6.369","6.375","6.375","6.369","-0.03%"
"09-06-2017","6.371","6.371","6.371","6.371","-0.06%"
"08-06-2017","6.375","6.353","6.375","6.353","-0.78%"
"07-06-2017","6.425","6.489","6.489","6.425","-0.85%"
"06-06-2017","6.480","6.480","6.480","6.480","-0.18%"
"05-06-2017","6.492","6.492","6.492","6.492","0.23%"
"02-06-2017","6.477","6.493","6.493","6.477","-0.29%"
"01-06-2017","6.496","6.491","6.496","6.491","-0.51%"
"31-05-2017","6.529","6.524","6.529","6.524","-0.34%"
"30-05-2017","6.551","6.551","6.551","6.551","0.24%"
"29-05-2017","6.535","6.524","6.535","6.524","0.15%"
"26-05-2017","6.525","6.525","6.525","6.525","-0.05%"
"25-05-2017","6.528","6.544","6.544","6.528","-0.49%"
"24-05-2017","6.560","6.555","6.560","6.555","0.06%"
"23-05-2017","6.556","6.561","6.561","6.556","0.00%"
"22-05-2017","6.556","6.562","6.562","6.556","-0.43%"
"19-05-2017","6.584","6.584","6.584","6.584","-0.03%"
"18-05-2017","6.586","6.596","6.596","6.586","-0.02%"
"17-05-2017","6.587","6.587","6.587","6.587","-0.33%"
"16-05-2017","6.609","6.587","6.609","6.587","0.64%"
"15-05-2017","6.567","6.578","6.578","6.567","-0.48%"
"12-05-2017","6.599","6.620","6.620","6.599","-0.44%"
"11-05-2017","6.628","6.602","6.628","6.602","0.39%"
"09-05-2017","6.602","6.592","6.602","6.592","0.14%"
"08-05-2017","6.593","6.619","6.619","6.593","-0.02%"
"05-05-2017","6.594","6.604","6.604","6.594","-0.59%"
"04-05-2017","6.633","6.638","6.638","6.633","-0.63%"
"03-05-2017","6.675","6.654","6.675","6.654","0.00%"
"02-05-2017","6.675","6.660","6.675","6.660","0.23%"
"28-04-2017","6.660","6.650","6.660","6.650","0.11%"
"27-04-2017","6.653","6.648","6.653","6.648","0.08%"
"26-04-2017","6.648","6.648","6.648","6.648","0.68%"
"25-04-2017","6.603","6.582","6.603","6.582","-0.24%"
"24-04-2017","6.619","6.624","6.624","6.619","0.30%"
"22-04-2017","6.599","6.599","6.599","6.599","0.00%"
"21-04-2017","6.599","6.584","6.599","6.584","1.21%"
"20-04-2017","6.520","6.515","6.520","6.515","-0.09%"
"19-04-2017","6.526","6.531","6.531","6.526","-0.09%"
"18-04-2017","6.532","6.532","6.532","6.532","-0.09%"
"17-04-2017","6.538","6.543","6.543","6.538","0.46%"
"13-04-2017","6.508","6.508","6.508","6.508","-0.21%"
"12-04-2017","6.522","6.532","6.532","6.522","0.08%"
"11-04-2017","6.517","6.537","6.537","6.517","-0.47%"
"10-04-2017","6.548","6.538","6.548","6.538","-0.32%"
"07-04-2017","6.569","6.574","6.574","6.569","0.41%"
"06-04-2017","6.542","6.477","6.542","6.477","0.91%"
"05-04-2017","6.483","6.487","6.487","6.483","0.00%"
"03-04-2017","6.483","6.453","6.483","6.453","0.43%"
"31-03-2017","6.455","6.445","6.455","6.445","-0.05%"
"30-03-2017","6.458","6.488","6.488","6.458","-0.62%"
"29-03-2017","6.498","6.433","6.498","6.433","0.92%"
"27-03-2017","6.439","6.410","6.439","6.410","-0.34%"
"24-03-2017","6.461","6.461","6.461","6.461","0.11%"
"23-03-2017","6.454","6.454","6.454","6.454","-0.54%"
"22-03-2017","6.489","6.489","6.489","6.489","-0.25%"
"21-03-2017","6.505","6.500","6.505","6.500","0.22%"
"20-03-2017","6.491","6.452","6.491","6.452","0.06%"
"18-03-2017","6.487","6.487","6.487","6.487","0.00%"
"17-03-2017","6.487","6.506","6.506","6.487","-0.34%"
"16-03-2017","6.509","6.494","6.509","6.494","-0.17%"
"15-03-2017","6.520","6.510","6.520","6.510","-0.38%"
"14-03-2017","6.545","6.516","6.545","6.516","0.21%"
"10-03-2017","6.531","6.502","6.531","6.502","0.62%"
"09-03-2017","6.491","6.491","6.491","6.491","-0.09%"
"08-03-2017","6.497","6.482","6.497","6.482","0.06%"
"07-03-2017","6.493","6.478","6.493","6.478","0.43%"
"06-03-2017","6.465","6.460","6.465","6.460","0.29%"
"03-03-2017","6.446","6.470","6.470","6.446","-0.42%"
"02-03-2017","6.473","6.454","6.473","6.454","-0.02%"
"01-03-2017","6.474","6.474","6.474","6.474","0.65%"
"28-02-2017","6.432","6.451","6.451","6.432","0.03%"
"27-02-2017","6.430","6.454","6.454","6.430","-0.76%"
"23-02-2017","6.479","6.488","6.488","6.479","-0.34%"
"22-02-2017","6.501","6.492","6.501","6.492","0.06%"
"20-02-2017","6.497","6.469","6.497","6.469","0.32%"
"17-02-2017","6.476","6.485","6.485","6.476","-0.03%"
"16-02-2017","6.478","6.497","6.497","6.478","-0.17%"
"15-02-2017","6.489","6.489","6.489","6.489","-0.29%"
"14-02-2017","6.508","6.513","6.513","6.508","0.34%"
"13-02-2017","6.486","6.490","6.490","6.486","-0.37%"
"10-02-2017","6.510","6.505","6.510","6.505","-0.82%"
"09-02-2017","6.564","6.499","6.564","6.499","1.42%"
"08-02-2017","6.472","6.262","6.472","6.262","3.63%"
"07-02-2017","6.245","6.254","6.254","6.245","-0.10%"
"06-02-2017","6.251","6.251","6.251","6.251","-0.02%"
"03-02-2017","6.252","6.252","6.252","6.252","0.10%"
"02-02-2017","6.246","6.255","6.255","6.246","-0.54%"
"01-02-2017","6.280","6.303","6.303","6.280","-0.38%"
"31-01-2017","6.304","6.286","6.304","6.286","0.13%"
"30-01-2017","6.296","6.291","6.296","6.291","0.08%"
"27-01-2017","6.291","6.296","6.296","6.291","0.02%"
"25-01-2017","6.290","6.299","6.299","6.290","-0.33%"
"24-01-2017","6.311","6.311","6.311","6.311","-0.16%"
"23-01-2017","6.321","6.321","6.321","6.321","-0.16%"
"20-01-2017","6.331","6.331","6.331","6.331","-0.13%"
"19-01-2017","6.339","6.334","6.339","6.334","0.27%"
"18-01-2017","6.322","6.331","6.331","6.322","-0.02%"
"17-01-2017","6.323","6.327","6.327","6.323","-0.24%"
"16-01-2017","6.338","6.347","6.347","6.338","0.06%"
"13-01-2017","6.334","6.320","6.334","6.320","0.30%"
"12-01-2017","6.315","6.315","6.315","6.315","-0.16%"
"11-01-2017","6.325","6.325","6.325","6.325","-0.08%"
"10-01-2017","6.330","6.326","6.330","6.326","-0.03%"
"09-01-2017","6.332","6.327","6.332","6.327","-0.08%"
"06-01-2017","6.337","6.319","6.337","6.319","0.30%"
"05-01-2017","6.318","6.313","6.318","6.313","0.13%"
"04-01-2017","6.310","6.324","6.324","6.310","-0.38%"
"03-01-2017","6.334","6.284","6.334","6.284","0.27%"
"02-01-2017","6.317","6.330","6.330","6.317","-0.99%"
"30-12-2016","6.380","6.372","6.380","6.372","0.60%"
"29-12-2016","6.342","6.360","6.360","6.342","-0.92%"
"28-12-2016","6.401","6.419","6.419","6.401","0.05%"
"27-12-2016","6.398","6.393","6.398","6.393","0.19%"
"26-12-2016","6.386","6.354","6.386","6.354","0.61%"
"23-12-2016","6.347","6.333","6.347","6.333","0.16%"
"22-12-2016","6.337","6.337","6.337","6.337","0.27%"
"21-12-2016","6.320","6.316","6.320","6.316","0.05%"
"20-12-2016","6.317","6.330","6.330","6.317","-0.16%"
"19-12-2016","6.327","6.313","6.327","6.313","-0.11%"
"16-12-2016","6.334","6.318","6.334","6.318","0.11%"
"15-12-2016","6.327","6.256","6.327","6.256","1.33%"
"14-12-2016","6.244","6.236","6.244","6.236","-0.05%"
"13-12-2016","6.247","6.255","6.255","6.247","-0.18%"
"09-12-2016","6.258","6.258","6.258","6.258","0.42%"
"08-12-2016","6.232","6.278","6.278","6.232","-0.18%"
"07-12-2016","6.243","5.995","6.243","5.995","4.08%"
"06-12-2016","5.998","6.029","6.029","5.998","-1.09%"
"05-12-2016","6.064","6.010","6.064","6.010","0.33%"
"02-12-2016","6.044","5.983","6.044","5.983","0.83%"
"01-12-2016","5.994","5.971","5.994","5.971","0.07%"
"30-11-2016","5.990","6.043","6.043","5.990","-1.43%"
"29-11-2016","6.077","6.077","6.077","6.077","-0.69%"
"28-11-2016","6.119","6.073","6.119","6.073","2.50%"
"25-11-2016","5.970","5.978","5.978","5.970","-0.18%"
"24-11-2016","5.981","6.034","6.034","5.981","-1.68%"
"23-11-2016","6.083","6.068","6.083","6.068","-0.78%"
"22-11-2016","6.131","6.131","6.131","6.131","-0.42%"
"21-11-2016","6.157","6.210","6.210","6.157","-1.50%"
"18-11-2016","6.251","6.258","6.258","6.251","-0.02%"
"17-11-2016","6.252","6.282","6.282","6.252","-0.18%"
"16-11-2016","6.263","6.255","6.263","6.255","-0.76%"
"15-11-2016","6.311","6.348","6.348","6.311","-1.44%"
"11-11-2016","6.403","6.396","6.403","6.396","0.06%"
"10-11-2016","6.399","6.399","6.399","6.399","-0.73%"
"09-11-2016","6.446","6.476","6.476","6.446","-1.51%"
"08-11-2016","6.545","6.567","6.567","6.545","-0.15%"
"07-11-2016","6.555","6.562","6.562","6.555","-0.03%"
"04-11-2016","6.557","6.550","6.557","6.550","-0.12%"
"03-11-2016","6.565","6.565","6.565","6.565","-0.05%"
"02-11-2016","6.568","6.575","6.575","6.568","-0.03%"
"01-11-2016","6.570","6.570","6.570","6.570","0.18%"
"28-10-2016","6.558","6.551","6.558","6.551","0.11%"
"27-10-2016","6.551","6.558","6.558","6.551","0.08%"
"26-10-2016","6.546","6.546","6.546","6.546","-0.05%"
"25-10-2016","6.549","6.549","6.549","6.549","-0.03%"
"24-10-2016","6.551","6.544","6.551","6.544","-0.26%"
"21-10-2016","6.568","6.568","6.568","6.568","-0.12%"
"20-10-2016","6.576","6.576","6.576","6.576","0.08%"
"19-10-2016","6.571","6.578","6.578","6.571","-0.14%"
"18-10-2016","6.580","6.580","6.580","6.580","-0.05%"
"17-10-2016","6.583","6.569","6.583","6.569","0.18%"
"15-10-2016","6.571","6.571","6.571","6.571","0.00%"
"14-10-2016","6.571","6.571","6.571","6.571","-0.11%"
"13-10-2016","6.578","6.578","6.578","6.578","0.06%"
"10-10-2016","6.574","6.567","6.574","6.567","-0.21%"
"07-10-2016","6.588","6.616","6.616","6.588","0.03%"
"06-10-2016","6.586","6.572","6.586","6.572","0.60%"
"05-10-2016","6.547","6.574","6.574","6.547","-0.44%"
"04-10-2016","6.576","6.681","6.681","6.576","-0.98%"
"03-10-2016","6.641","6.682","6.682","6.641","-1.26%"
"30-09-2016","6.726","6.726","6.726","6.726","-0.28%"
"29-09-2016","6.745","6.682","6.745","6.682","1.12%"
"28-09-2016","6.670","6.705","6.705","6.670","-0.45%"
"27-09-2016","6.700","6.713","6.713","6.700","-0.33%"
"26-09-2016","6.722","6.708","6.722","6.708","-0.22%"
"24-09-2016","6.737","6.737","6.737","6.737","0.00%"
"23-09-2016","6.737","6.731","6.737","6.731","-0.28%"
"22-09-2016","6.756","6.756","6.756","6.756","-0.53%"
"21-09-2016","6.792","6.792","6.792","6.792","0.28%"
"20-09-2016","6.773","6.773","6.773","6.773","-0.32%"
"19-09-2016","6.795","6.795","6.795","6.795","0.38%"
"17-09-2016","6.769","6.769","6.769","6.769","0.00%"
"16-09-2016","6.769","6.783","6.783","6.769","-0.27%"
"15-09-2016","6.787","6.794","6.794","6.787","-0.13%"
"14-09-2016","6.796","6.796","6.796","6.796","-0.31%"
"12-09-2016","6.817","6.804","6.817","6.804","0.35%"
"09-09-2016","6.793","6.787","6.793","6.787","-0.18%"
"08-09-2016","6.805","6.812","6.812","6.805","-0.01%"
"07-09-2016","6.806","6.813","6.813","6.806","-0.22%"
"06-09-2016","6.821","6.821","6.821","6.821","-0.22%"
"02-09-2016","6.836","6.836","6.836","6.836","-0.09%"
"01-09-2016","6.842","6.835","6.842","6.835","0.07%"
"31-08-2016","6.837","6.843","6.843","6.837","-0.12%"
"30-08-2016","6.845","6.851","6.851","6.845","0.10%"
"29-08-2016","6.838","6.851","6.851","6.838","-0.12%"
"26-08-2016","6.846","6.846","6.846","6.846","-0.07%"
"25-08-2016","6.851","6.851","6.851","6.851","-0.12%"
"24-08-2016","6.859","6.865","6.865","6.859","-0.10%"
"23-08-2016","6.866","6.873","6.873","6.866","-0.12%"
"22-08-2016","6.874","6.874","6.874","6.874","0.54%"
"19-08-2016","6.837","6.843","6.843","6.837","-0.06%"
"18-08-2016","6.841","6.841","6.841","6.841","-0.03%"
"16-08-2016","6.843","6.849","6.849","6.843","-0.04%"
"13-08-2016","6.846","6.846","6.846","6.846","0.00%"
"12-08-2016","6.846","6.839","6.846","6.839","0.01%"
"11-08-2016","6.845","6.839","6.845","6.839","0.07%"
"10-08-2016","6.840","6.846","6.846","6.840","-0.12%"
"09-08-2016","6.848","6.835","6.848","6.835","-0.01%"
"08-08-2016","6.849","6.849","6.849","6.849","0.06%"
"06-08-2016","6.845","6.845","6.845","6.845","0.00%"
"05-08-2016","6.845","6.845","6.845","6.845","-0.06%"
"04-08-2016","6.849","6.861","6.861","6.849","-0.29%"
"03-08-2016","6.869","6.876","6.876","6.869","0.07%"
"02-08-2016","6.864","6.883","6.883","6.864","-0.03%"
"01-08-2016","6.866","6.853","6.866","6.853","-0.10%"
"29-07-2016","6.873","6.873","6.873","6.873","-0.15%"
"28-07-2016","6.883","6.883","6.883","6.883","-0.10%"
"27-07-2016","6.890","6.896","6.896","6.890","-0.03%"
"26-07-2016","6.892","6.892","6.892","6.892","-0.01%"
"25-07-2016","6.893","6.887","6.893","6.887","0.07%"
"22-07-2016","6.888","6.888","6.888","6.888","-0.06%"
"21-07-2016","6.892","6.911","6.911","6.892","-0.12%"
"20-07-2016","6.900","6.906","6.906","6.900","-0.20%"
"19-07-2016","6.914","6.907","6.914","6.907","-0.01%"
"18-07-2016","6.915","6.915","6.915","6.915","0.25%"
"15-07-2016","6.898","6.910","6.910","6.898","0.03%"
"14-07-2016","6.896","6.920","6.920","6.896","-0.01%"
"13-07-2016","6.897","6.934","6.934","6.897","-0.73%"
"12-07-2016","6.948","6.948","6.948","6.948","-0.44%"
"11-07-2016","6.979","6.973","6.979","6.973","-0.03%"
"08-07-2016","6.981","6.975","6.981","6.975","0.13%"
"07-07-2016","6.972","6.984","6.984","6.972","-0.20%"
"05-07-2016","6.986","7.004","7.004","6.986","-0.29%"
"04-07-2016","7.006","7.030","7.030","7.006","-0.28%"
"01-07-2016","7.026","7.026","7.026","7.026","-0.13%"
"30-06-2016","7.035","7.035","7.035","7.035","-0.10%"
"29-06-2016","7.042","7.054","7.054","7.042","-0.03%"
"28-06-2016","7.044","7.050","7.050","7.044","0.07%"
"27-06-2016","7.039","7.039","7.039","7.039","-0.10%"
"24-06-2016","7.046","7.058","7.058","7.046","-0.04%"
"23-06-2016","7.049","7.061","7.061","7.049","-0.28%"
"22-06-2016","7.069","7.063","7.069","7.063","-0.01%"
"21-06-2016","7.070","7.070","7.070","7.070","-0.01%"
"20-06-2016","7.071","7.083","7.083","7.071","-0.18%"
"17-06-2016","7.084","7.084","7.084","7.084","-0.13%"
"16-06-2016","7.093","7.087","7.093","7.087","-0.10%"
"15-06-2016","7.100","7.094","7.100","7.094","0.07%"
"14-06-2016","7.095","7.101","7.101","7.095","-0.01%"
"13-06-2016","7.096","7.102","7.102","7.096","0.14%"
"10-06-2016","7.086","7.086","7.086","7.086","-0.04%"
"09-06-2016","7.089","7.089","7.089","7.089","-0.35%"
"08-06-2016","7.114","7.090","7.114","7.090","0.24%"
"07-06-2016","7.097","7.103","7.103","7.097","-0.01%"
"06-06-2016","7.098","7.104","7.104","7.098","-0.10%"
"03-06-2016","7.105","7.105","7.105","7.105","-0.04%"
"02-06-2016","7.108","7.108","7.108","7.108","-0.10%"
"01-06-2016","7.115","7.115","7.115","7.115","-0.10%"
"31-05-2016","7.122","7.116","7.122","7.116","-0.01%"
"30-05-2016","7.123","7.123","7.123","7.123","0.00%"
"27-05-2016","7.123","7.117","7.123","7.117","0.11%"
"26-05-2016","7.115","7.121","7.121","7.115","-0.01%"
"25-05-2016","7.116","7.116","7.116","7.116","-0.01%"
"24-05-2016","7.117","7.111","7.117","7.111","0.06%"
"23-05-2016","7.113","7.113","7.113","7.113","-0.08%"
"20-05-2016","7.119","7.114","7.119","7.114","-0.06%"
"19-05-2016","7.123","7.123","7.123","7.123","-0.17%"
"18-05-2016","7.135","7.112","7.135","7.112","0.38%"
"17-05-2016","7.108","7.119","7.119","7.108","-0.10%"
"16-05-2016","7.115","7.120","7.120","7.115","-0.01%"
"13-05-2016","7.116","7.121","7.121","7.116","-0.04%"
"12-05-2016","7.119","7.119","7.119","7.119","-0.10%"
"11-05-2016","7.126","7.137","7.137","7.126","0.07%"
"10-05-2016","7.121","7.127","7.127","7.121","-0.10%"
"09-05-2016","7.128","7.139","7.139","7.128","-0.25%"
"06-05-2016","7.146","7.151","7.151","7.146","-0.20%"
"05-05-2016","7.160","7.155","7.160","7.155","-0.10%"
"04-05-2016","7.167","7.167","7.167","7.167","-0.01%"
"03-05-2016","7.168","7.179","7.179","7.168","-0.08%"
"02-05-2016","7.174","7.180","7.180","7.174","0.06%"
"29-04-2016","7.170","7.170","7.170","7.170","-0.13%"
"28-04-2016","7.179","7.184","7.184","7.179","-0.08%"
"27-04-2016","7.185","7.191","7.191","7.185","-0.10%"
"26-04-2016","7.192","7.192","7.192","7.192","0.07%"
"25-04-2016","7.187","7.182","7.187","7.182","0.14%"
"22-04-2016","7.177","7.172","7.177","7.172","-0.13%"
"21-04-2016","7.186","7.186","7.186","7.186","0.60%"
"20-04-2016","7.143","7.148","7.148","7.143","-0.08%"
"18-04-2016","7.149","7.166","7.166","7.149","-0.27%"
"13-04-2016","7.168","7.146","7.168","7.146","0.38%"
"12-04-2016","7.141","7.130","7.141","7.130","-0.08%"
"11-04-2016","7.147","7.136","7.147","7.136","0.21%"
"07-04-2016","7.132","7.137","7.137","7.132","-0.11%"
"06-04-2016","7.140","7.151","7.151","7.140","-0.53%"
"05-04-2016","7.178","7.162","7.178","7.162","-0.01%"
"04-04-2016","7.179","7.201","7.201","7.179","-0.61%"
"31-03-2016","7.223","7.217","7.223","7.217","-0.69%"
"30-03-2016","7.273","7.294","7.294","7.273","-0.44%"
"29-03-2016","7.305","7.327","7.327","7.305","0.21%"
"28-03-2016","7.290","7.295","7.295","7.290","-0.65%"
"23-03-2016","7.338","7.349","7.349","7.338","-0.18%"
"22-03-2016","7.351","7.362","7.362","7.351","-0.08%"
"21-03-2016","7.357","7.367","7.367","7.357","-0.08%"
"18-03-2016","7.363","7.363","7.363","7.363","-0.15%"
"17-03-2016","7.374","7.385","7.385","7.374","-0.15%"
"16-03-2016","7.385","7.396","7.396","7.385","-0.30%"
"15-03-2016","7.407","7.401","7.407","7.401","-0.56%"
"14-03-2016","7.449","7.486","7.486","7.449","-0.49%"
"11-03-2016","7.486","7.497","7.497","7.486","0.20%"
"10-03-2016","7.471","7.482","7.482","7.471","-0.08%"
"09-03-2016","7.477","7.498","7.498","7.477","-0.21%"
"08-03-2016","7.493","7.483","7.493","7.483","0.42%"
"04-03-2016","7.462","7.472","7.472","7.462","0.05%"
"03-03-2016","7.458","7.448","7.458","7.448","0.49%"
"02-03-2016","7.422","7.448","7.448","7.422","0.13%"
"01-03-2016","7.412","7.433","7.433","7.412","-0.28%"
"29-02-2016","7.433","7.511","7.511","7.433","-2.39%"
"26-02-2016","7.615","7.605","7.615","7.605","-1.14%"
"25-02-2016","7.703","7.564","7.703","7.564","1.84%"
"24-02-2016","7.564","7.507","7.564","7.507","1.03%"
"23-02-2016","7.487","7.461","7.487","7.461","0.69%"
"22-02-2016","7.436","7.421","7.436","7.421","0.34%"
"18-02-2016","7.411","7.416","7.416","7.411","-0.09%"
"17-02-2016","7.418","7.433","7.433","7.418","0.20%"
"16-02-2016","7.403","7.423","7.423","7.403","0.14%"
"15-02-2016","7.393","7.398","7.398","7.393","0.27%"
"12-02-2016","7.373","7.378","7.378","7.373","-0.03%"
"11-02-2016","7.375","7.370","7.375","7.370","-0.07%"
"10-02-2016","7.380","7.380","7.380","7.380","-0.08%"
"09-02-2016","7.386","7.391","7.391","7.386","-0.07%"
"08-02-2016","7.391","7.386","7.391","7.386","1.26%"
"05-02-2016","7.299","7.299","7.299","7.299","-0.05%"
"04-02-2016","7.303","7.303","7.303","7.303","-0.23%"
"03-02-2016","7.320","7.305","7.320","7.305","0.18%"
"02-02-2016","7.307","7.367","7.367","7.307","-0.01%"
"01-02-2016","7.308","7.308","7.308","7.308","0.48%"
"29-01-2016","7.273","7.273","7.273","7.273","-0.04%"
"28-01-2016","7.276","7.276","7.276","7.276","-0.03%"
"27-01-2016","7.278","7.278","7.278","7.278","-0.01%"
"25-01-2016","7.279","7.279","7.279","7.279","0.26%"
"22-01-2016","7.260","7.253","7.260","7.253","0.03%"
"21-01-2016","7.258","7.258","7.258","7.258","-0.03%"
"20-01-2016","7.260","7.304","7.304","7.260","-0.01%"
"19-01-2016","7.261","7.269","7.269","7.261","-0.23%"
"18-01-2016","7.278","7.270","7.278","7.270","-0.12%"
"15-01-2016","7.287","7.330","7.330","7.287","0.14%"
"14-01-2016","7.277","7.270","7.277","7.270","0.07%"
"13-01-2016","7.272","7.300","7.300","7.272","0.08%"
"12-01-2016","7.266","7.324","7.324","7.266","-0.32%"
"11-01-2016","7.289","7.304","7.304","7.289","-0.22%"
"08-01-2016","7.305","7.291","7.305","7.291","0.43%"
"07-01-2016","7.274","7.317","7.317","7.274","-0.61%"
"06-01-2016","7.319","7.348","7.348","7.319","-0.31%"
"05-01-2016","7.342","7.313","7.342","7.313","0.08%"
"04-01-2016","7.336","7.351","7.351","7.336","-0.03%"
"01-01-2016","7.338","7.352","7.352","7.338","-1.29%"