"Date","Price","Open","High","Low","Change %"
"01/30/2026","5.131","5.131","5.131","5.131","-0.04%"
"01/29/2026","5.133","5.137","5.137","5.133","-0.14%"
"01/28/2026","5.140","5.122","5.140","5.122","0.33%"
"01/27/2026","5.123","5.123","5.123","5.123","-0.02%"
"01/26/2026","5.124","5.124","5.124","5.124","-0.02%"
"01/23/2026","5.125","5.125","5.125","5.125","0.25%"
"01/22/2026","5.112","5.112","5.112","5.112","-0.10%"
"01/21/2026","5.117","5.089","5.117","5.089","-0.10%"
"01/20/2026","5.122","5.127","5.131","5.116","-0.19%"
"01/19/2026","5.132","5.132","5.132","5.132","0.57%"
"01/15/2026","5.103","5.130","5.130","5.101","-0.62%"
"01/14/2026","5.135","5.107","5.140","5.107","0.49%"
"01/13/2026","5.110","5.100","5.110","5.100","0.16%"
"01/12/2026","5.102","5.099","5.102","5.099","-0.86%"
"01/09/2026","5.146","5.190","5.366","5.146","-0.75%"
"01/08/2026","5.185","5.142","5.185","5.142","0.76%"
"01/07/2026","5.146","5.330","5.330","5.146","-3.47%"
"01/06/2026","5.331","5.208","5.331","5.208","2.34%"
"01/05/2026","5.209","5.230","5.250","5.209","-0.42%"
"01/02/2026","5.231","5.231","5.231","5.231","-0.02%"
"12/31/2025","5.232","5.232","5.232","5.232","-0.06%"
"12/30/2025","5.235","5.296","5.296","5.235","-1.19%"
"12/29/2025","5.298","5.298","5.298","5.298","-0.02%"
"12/24/2025","5.299","5.299","5.299","5.299","-0.02%"
"12/23/2025","5.300","5.320","5.320","5.300","-0.47%"
"12/22/2025","5.325","5.325","5.325","5.325","0.95%"
"12/19/2025","5.275","5.275","5.275","5.275","0.02%"
"12/18/2025","5.274","5.275","5.275","5.274","-0.08%"
"12/17/2025","5.278","5.330","5.330","5.278","-0.99%"
"12/16/2025","5.331","5.331","5.331","5.331","0.00%"
"12/15/2025","5.331","5.251","5.331","5.251","1.50%"
"12/12/2025","5.252","5.392","5.392","5.252","-2.61%"
"12/11/2025","5.393","5.393","5.393","5.393","-0.06%"
"12/10/2025","5.396","5.396","5.396","5.396","-0.02%"
"12/09/2025","5.397","5.397","5.397","5.397","-0.02%"
"12/08/2025","5.398","5.398","5.398","5.398","-0.02%"
"12/05/2025","5.399","5.399","5.399","5.399","-0.02%"
"12/04/2025","5.400","5.400","5.400","5.400","-0.04%"
"12/03/2025","5.402","5.402","5.402","5.402","0.86%"
"12/02/2025","5.356","5.407","5.407","5.356","0.58%"
"12/01/2025","5.325","5.325","5.325","5.325","0.43%"
"11/28/2025","5.302","5.302","5.302","5.302","0.08%"
"11/27/2025","5.298","5.200","5.298","5.200","1.73%"
"11/26/2025","5.208","5.212","5.212","5.208","-0.10%"
"11/25/2025","5.213","5.272","5.272","5.213","-1.14%"
"11/24/2025","5.273","4.979","5.273","4.979","5.86%"
"11/21/2025","4.981","4.947","4.981","4.947","0.63%"
"11/20/2025","4.950","4.951","4.951","4.950","-0.14%"
"11/19/2025","4.957","5.050","5.050","4.957","-1.94%"
"11/18/2025","5.055","5.084","5.084","5.006","-0.43%"
"11/17/2025","5.077","5.027","5.077","5.027","0.22%"
"11/14/2025","5.066","5.088","5.088","5.066","0.08%"
"11/13/2025","5.062","5.102","5.107","5.029","-0.84%"
"11/12/2025","5.105","5.110","5.110","5.105","-0.02%"
"11/11/2025","5.106","5.106","5.106","5.106","-0.08%"
"11/10/2025","5.110","5.112","5.154","5.087","0.00%"
"11/07/2025","5.110","5.132","5.132","5.110","-0.37%"
"11/06/2025","5.129","5.057","5.129","5.057","1.34%"
"11/05/2025","5.061","5.061","5.061","5.061","-0.02%"
"11/04/2025","5.062","5.062","5.062","5.062","-0.02%"
"11/03/2025","5.063","5.063","5.063","5.063","-0.02%"
"10/31/2025","5.064","5.045","5.064","5.045","0.48%"
"10/30/2025","5.040","5.040","5.040","5.040","0.04%"
"10/29/2025","5.038","5.034","5.038","5.033","0.16%"
"10/28/2025","5.030","5.038","5.038","5.030","-0.18%"
"10/27/2025","5.039","5.014","5.039","5.014","0.46%"
"10/24/2025","5.016","5.015","5.016","4.987","-0.02%"
"10/23/2025","5.017","5.017","5.017","5.017","0.44%"
"10/22/2025","4.995","4.995","4.995","4.995","-0.10%"
"10/21/2025","5.000","5.000","5.000","5.000","0.02%"
"10/20/2025","4.999","5.023","5.023","4.983","0.48%"
"10/17/2025","4.975","4.926","4.975","4.926","0.93%"
"10/16/2025","4.929","4.931","4.985","4.926","-0.12%"
"10/15/2025","4.935","5.225","5.225","4.935","-5.51%"
"10/14/2025","5.223","5.407","5.407","5.223","-3.42%"
"10/13/2025","5.408","5.408","5.408","5.408","3.62%"
"10/10/2025","5.219","5.291","5.291","5.219","-1.40%"
"10/09/2025","5.293","5.391","5.391","5.292","-1.87%"
"10/08/2025","5.394","5.394","5.394","5.394","1.85%"
"10/07/2025","5.296","5.296","5.296","5.296","0.00%"
"10/06/2025","5.296","5.395","5.395","5.295","-0.06%"
"10/03/2025","5.299","5.301","5.301","5.298","0.04%"
"10/02/2025","5.297","5.262","5.297","5.262","0.59%"
"10/01/2025","5.266","5.286","5.289","5.266","-0.45%"
"09/30/2025","5.290","5.284","5.290","5.284","0.04%"
"09/29/2025","5.288","5.402","5.402","5.288","0.02%"
"09/26/2025","5.287","5.251","5.287","5.248","0.69%"
"09/25/2025","5.251","5.087","5.251","5.087","-0.08%"
"09/24/2025","5.255","5.406","5.406","5.166","-2.81%"
"09/23/2025","5.407","5.407","5.407","5.407","-0.02%"
"09/22/2025","5.408","5.408","5.408","5.408","4.60%"
"09/19/2025","5.170","5.328","5.328","5.170","-3.00%"
"09/18/2025","5.330","5.410","5.410","5.330","-0.07%"
"09/17/2025","5.334","5.334","5.334","5.334","0.02%"
"09/16/2025","5.333","5.352","5.352","5.333","-10.11%"
"09/15/2025","5.933","5.933","5.933","5.933","-0.07%"
"09/12/2025","5.937","5.937","5.937","5.937","-0.07%"
"09/11/2025","5.941","5.941","5.941","5.941","-0.20%"
"09/10/2025","5.953","5.953","5.953","5.953","-0.08%"
"09/09/2025","5.958","5.958","5.958","5.958","-0.07%"
"09/08/2025","5.962","5.962","5.962","5.962","-0.13%"
"09/04/2025","5.970","5.970","5.970","5.970","-0.27%"
"09/02/2025","5.986","5.986","5.986","5.986","-0.07%"
"09/01/2025","5.990","5.990","5.990","5.990","-0.07%"
"08/29/2025","5.994","5.994","5.994","5.994","-0.07%"
"08/28/2025","5.998","5.998","5.998","5.998","-0.20%"
"08/27/2025","6.010","6.010","6.010","6.010","-0.07%"
"08/26/2025","6.014","6.014","6.014","6.014","-0.07%"
"08/25/2025","6.018","6.018","6.018","6.018","-0.07%"
"08/22/2025","6.022","6.022","6.022","6.022","-0.07%"
"08/21/2025","6.026","6.026","6.026","6.022","-0.20%"
"08/20/2025","6.038","6.038","6.038","6.038","-0.07%"
"08/19/2025","6.042","6.042","6.042","6.042","-0.07%"
"08/15/2025","6.046","6.046","6.046","6.046","-0.07%"
"08/14/2025","6.050","6.050","6.050","6.050","-0.26%"
"08/13/2025","6.066","6.073","6.073","6.073","-0.12%"
"08/12/2025","6.073","6.073","6.073","6.073","0.00%"
"08/11/2025","6.073","6.073","6.073","6.073","-0.07%"
"08/08/2025","6.077","6.077","6.077","6.077","-0.05%"
"08/07/2025","6.080","6.080","6.080","6.080","-0.18%"
"08/06/2025","6.091","6.091","6.091","6.091","-0.07%"
"08/05/2025","6.095","6.095","6.095","6.095","-0.05%"
"08/04/2025","6.098","6.098","6.098","6.098","-0.07%"
"08/01/2025","6.102","6.102","6.102","6.102","-0.07%"
"07/31/2025","6.106","6.106","6.106","6.106","-0.16%"
"07/30/2025","6.116","6.116","6.116","6.116","-0.07%"
"07/29/2025","6.120","6.120","6.120","6.120","-0.05%"
"07/28/2025","6.123","6.123","6.123","6.123","-0.07%"
"07/25/2025","6.127","6.127","6.127","6.127","-0.05%"
"07/24/2025","6.130","6.130","6.130","6.130","-0.18%"
"07/23/2025","6.141","6.141","6.141","6.141","-0.07%"
"07/22/2025","6.145","6.145","6.145","6.145","-0.05%"
"07/21/2025","6.148","6.148","6.148","6.148","-0.07%"
"07/18/2025","6.152","6.152","6.152","6.152","-0.05%"
"07/17/2025","6.155","6.155","6.155","6.155","-0.18%"
"07/16/2025","6.166","6.166","6.166","6.166","-0.05%"
"07/15/2025","6.169","6.169","6.169","6.169","-0.06%"
"07/14/2025","6.173","6.173","6.173","6.173","-0.05%"
"07/11/2025","6.176","6.176","6.176","6.176","-0.05%"
"07/10/2025","6.179","6.179","6.179","6.179","-0.18%"
"07/09/2025","6.190","6.190","6.190","6.190","-0.05%"
"07/08/2025","6.193","6.193","6.193","6.193","-0.06%"
"07/07/2025","6.197","6.197","6.197","6.197","1.58%"
"07/04/2025","6.101","6.200","6.200","6.200","-0.06%"
"07/03/2025","6.104","6.203","6.203","6.203","-0.18%"
"07/02/2025","6.115","6.214","6.214","6.214","-0.05%"
"07/01/2025","6.118","6.217","6.217","6.217","-0.06%"
"06/30/2025","6.122","6.220","6.220","6.220","-0.11%"
"06/26/2025","6.128","6.227","6.227","6.227","-0.17%"
"06/25/2025","6.139","6.237","6.237","6.237","-0.06%"
"06/24/2025","6.142","6.241","6.241","6.241","-0.06%"
"06/23/2025","6.146","6.244","6.244","6.244","-0.05%"
"06/20/2025","6.149","6.247","6.247","6.247","-0.07%"
"06/19/2025","6.153","6.251","6.251","6.251","-0.16%"
"06/18/2025","6.163","6.261","6.261","6.261","-0.06%"
"06/17/2025","6.167","6.264","6.264","6.264","-0.05%"
"06/16/2025","6.169","6.267","6.267","6.267","-0.06%"
"06/13/2025","6.174","6.271","6.271","6.271","-0.05%"
"06/12/2025","6.176","6.274","6.274","6.274","-0.16%"
"06/11/2025","6.187","6.284","6.284","6.284","-1.34%"
"06/05/2025","6.270","6.321","6.321","6.321","-0.18%"
"06/04/2025","6.281","6.332","6.332","6.332","0.83%"
"06/03/2025","6.230","6.283","6.283","6.283","-6.23%"
"06/02/2025","6.644","6.781","6.781","6.781","-0.08%"
"05/28/2025","6.649","6.786","6.786","6.786","-0.14%"
"05/27/2025","6.659","6.795","6.795","6.795","-0.08%"
"05/26/2025","6.665","6.800","6.800","6.800","-0.04%"
"05/23/2025","6.668","6.803","6.803","6.803","-0.04%"
"05/22/2025","6.670","6.806","6.806","6.806","-0.13%"
"05/21/2025","6.679","6.814","6.814","6.814","-0.04%"
"05/20/2025","6.682","6.817","6.817","6.817","-0.04%"
"05/19/2025","6.685","6.820","6.820","6.820","-0.04%"
"05/16/2025","6.688","6.823","6.823","6.823","-0.04%"
"05/15/2025","6.690","6.825","6.825","6.825","-0.13%"
"05/14/2025","6.700","6.834","6.834","6.834","-0.13%"
"05/09/2025","6.708","6.842","6.842","6.842","-0.04%"
"05/08/2025","6.711","6.845","6.845","6.845","-0.13%"
"05/07/2025","6.720","6.853","6.853","6.853","-0.04%"
"05/06/2025","6.722","6.856","6.856","6.856","-0.04%"
"05/05/2025","6.725","6.858","6.858","6.858","-0.04%"
"05/02/2025","6.728","6.861","6.861","6.861","-0.04%"
"04/30/2025","6.731","6.864","6.864","6.864","-0.13%"
"04/29/2025","6.739","6.872","6.872","6.872","-0.08%"
"04/28/2025","6.745","6.877","6.877","6.877","-0.04%"
"04/25/2025","6.747","6.880","6.880","6.880","-0.04%"
"04/24/2025","6.751","6.883","6.883","6.883","-0.13%"
"04/23/2025","6.759","6.891","6.891","6.891","-0.04%"
"04/22/2025","6.761","6.893","6.893","6.893","-0.04%"
"04/21/2025","6.765","6.896","6.896","6.896","-0.04%"
"04/17/2025","6.767","6.899","6.899","6.899","-0.04%"
"04/16/2025","6.770","6.902","6.902","6.902","-0.16%"
"04/15/2025","6.781","6.912","6.912","6.912","-0.04%"
"04/14/2025","6.784","6.915","6.915","6.915","-0.04%"
"04/11/2025","6.787","6.918","6.918","6.918","-0.04%"
"04/10/2025","6.790","6.920","6.920","6.920","-0.12%"
"04/09/2025","6.798","6.928","6.928","6.928","-0.04%"
"04/08/2025","6.800","6.931","6.931","6.931","-0.40%"
"03/27/2025","6.827","6.957","6.957","6.957","-0.12%"
"03/26/2025","6.836","6.965","6.965","6.965","-0.03%"
"03/25/2025","6.838","6.967","6.967","6.967","-0.04%"
"03/24/2025","6.841","6.970","6.970","6.970","-0.04%"
"03/21/2025","6.844","6.973","6.973","6.973","-0.04%"
"03/20/2025","6.846","6.975","6.975","6.975","-0.12%"
"03/19/2025","6.854","6.983","6.983","6.983","-0.04%"
"03/18/2025","6.857","6.985","6.985","6.985","-0.04%"
"03/17/2025","6.860","6.988","6.988","6.988","-0.04%"
"03/14/2025","6.863","6.991","6.991","6.991","-0.03%"
"03/13/2025","6.865","6.993","6.993","6.993","-0.12%"
"03/12/2025","6.873","7.001","7.001","7.001","-0.03%"
"03/11/2025","6.876","7.003","7.003","7.003","-0.04%"
"03/10/2025","6.878","7.006","7.006","7.006","-0.04%"
"03/07/2025","6.881","7.009","7.009","7.009","-0.04%"
"03/06/2025","6.884","7.011","7.011","7.011","-0.12%"
"03/05/2025","6.892","7.019","7.019","7.019","-0.04%"
"03/04/2025","6.894","7.021","7.021","7.021","-0.04%"
"03/03/2025","6.898","7.024","7.024","7.024","-1.83%"
"02/28/2025","7.026","7.026","7.026","7.026","-0.04%"
"02/27/2025","7.029","7.029","7.029","7.029","-0.10%"
"02/26/2025","7.036","7.036","7.036","7.036","-0.04%"
"02/25/2025","7.039","7.039","7.039","7.021","-0.04%"
"02/24/2025","7.042","7.042","7.042","7.042","-0.03%"
"02/21/2025","7.044","7.044","7.044","7.044","-0.04%"
"02/20/2025","7.047","7.047","7.047","7.047","-0.10%"
"02/19/2025","7.054","7.054","7.054","7.054","-0.04%"
"02/18/2025","7.057","7.057","7.057","7.057","-0.03%"
"02/17/2025","7.059","7.059","7.059","7.059","-0.04%"
"02/14/2025","7.062","7.062","7.062","7.062","-0.03%"
"02/13/2025","7.064","7.064","7.064","7.064","-0.10%"
"02/12/2025","7.071","7.071","7.071","7.071","-0.03%"
"02/11/2025","7.073","7.073","7.073","7.073","-0.03%"
"02/10/2025","7.075","7.075","7.075","7.075","-0.03%"
"02/07/2025","7.077","7.077","7.077","7.077","-0.04%"
"02/06/2025","7.080","7.080","7.080","7.080","4.69%"
"02/05/2025","6.763","6.763","6.763","6.763","-4.59%"
"02/04/2025","7.088","7.088","7.088","7.088","-0.03%"
"02/03/2025","7.090","7.090","7.090","7.087","-0.03%"
"01/31/2025","7.092","7.092","7.092","7.092","-0.03%"
"01/30/2025","7.094","7.094","7.094","7.091","-0.18%"
"01/24/2025","7.107","7.107","7.107","7.107","-0.03%"
"01/23/2025","7.109","7.109","7.109","7.109","-0.08%"
"01/22/2025","7.115","7.115","7.115","7.115","-0.03%"
"01/21/2025","7.117","7.117","7.117","7.117","-0.03%"
"01/20/2025","7.119","6.613","7.119","6.613","7.60%"
"01/17/2025","6.616","6.616","6.616","6.616","-0.03%"
"01/16/2025","6.618","6.618","6.618","6.618","-0.12%"
"01/15/2025","6.626","6.626","6.626","6.626","-0.03%"
"01/14/2025","6.628","6.628","6.628","6.628","-0.03%"
"01/13/2025","6.630","6.630","6.630","6.630","-0.05%"
"01/10/2025","6.633","6.633","6.633","6.633","-0.03%"
"01/09/2025","6.635","6.635","6.635","6.635","-0.11%"
"01/08/2025","6.642","6.642","6.642","6.642","-0.05%"
"01/07/2025","6.645","6.645","6.645","6.645","-0.03%"
"01/06/2025","6.647","6.647","6.647","6.647","-0.05%"
"01/03/2025","6.650","6.650","6.650","6.650","-0.03%"
"01/02/2025","6.652","6.652","6.652","6.652","-0.11%"
"12/31/2024","6.659","6.659","6.659","6.659","-0.05%"
"12/30/2024","6.662","6.662","6.662","6.662","6.40%"
"12/27/2024","6.261","6.177","6.261","6.177","-6.22%"
"12/24/2024","6.676","6.676","6.676","6.676","-0.04%"
"12/23/2024","6.679","6.679","6.679","6.679","-0.06%"
"12/20/2024","6.683","6.683","6.683","6.683","-0.04%"
"12/19/2024","6.686","6.686","6.686","6.686","-0.10%"
"12/18/2024","6.693","6.693","6.693","6.693","-0.03%"
"12/17/2024","6.695","6.695","6.695","6.692","-0.04%"
"12/16/2024","6.698","6.698","6.698","6.698","-0.03%"
"12/13/2024","6.700","6.700","6.700","6.700","-0.03%"
"12/12/2024","6.702","6.702","6.702","6.702","-0.10%"
"12/11/2024","6.709","6.709","6.709","6.709","-0.07%"
"12/10/2024","6.714","6.712","6.712","6.712","0.03%"
"12/09/2024","6.712","6.712","6.712","6.712","-0.06%"
"12/06/2024","6.716","6.716","6.716","6.716","-0.04%"
"12/05/2024","6.719","6.719","6.719","6.719","6.46%"
"12/04/2024","6.311","6.311","6.311","6.311","-0.05%"
"12/03/2024","6.314","6.314","6.314","6.314","-0.03%"
"12/02/2024","6.316","6.316","6.316","6.316","-0.05%"
"11/29/2024","6.319","6.319","6.319","6.319","-0.05%"
"11/28/2024","6.322","6.322","6.322","6.322","-0.16%"
"11/26/2024","6.332","6.332","6.332","6.332","-0.05%"
"11/25/2024","6.335","6.335","6.335","6.335","-0.03%"
"11/22/2024","6.337","6.337","6.337","6.337","-0.05%"
"11/21/2024","6.340","6.340","6.340","6.340","-0.13%"
"11/20/2024","6.348","6.348","6.348","6.348","-0.03%"
"11/19/2024","6.350","6.350","6.350","6.350","-0.47%"
"11/18/2024","6.380","6.380","6.380","6.380","-2.70%"
"11/15/2024","6.557","6.557","6.557","6.557","-0.02%"
"11/14/2024","6.558","6.558","6.558","6.558","-0.03%"
"11/13/2024","6.560","6.560","6.560","6.560","0.00%"
"11/12/2024","6.560","6.560","6.560","6.560","0.66%"
"11/11/2024","6.517","6.517","6.517","6.517","0.00%"
"11/08/2024","6.517","6.561","6.561","6.495","-1.97%"
"11/07/2024","6.648","6.561","6.648","6.561","1.14%"
"11/06/2024","6.573","6.562","6.573","6.562","0.08%"
"11/05/2024","6.568","6.476","6.568","6.476","0.75%"
"11/04/2024","6.519","6.476","6.519","6.476","-0.02%"
"11/01/2024","6.520","6.476","6.520","6.472","0.35%"
"10/31/2024","6.497","6.477","6.497","6.477","-0.11%"
"10/30/2024","6.504","6.478","6.521","6.478","0.06%"
"10/29/2024","6.500","6.478","6.500","6.457","0.67%"
"10/28/2024","6.457","6.457","6.457","6.457","-0.12%"
"10/25/2024","6.465","6.436","6.474","6.436","0.43%"
"10/24/2024","6.437","6.437","6.437","6.437","-0.02%"
"10/23/2024","6.438","6.353","6.438","6.353","1.95%"
"10/22/2024","6.315","6.353","6.353","6.315","-0.28%"
"10/21/2024","6.333","6.354","6.376","6.311","-0.89%"
"10/18/2024","6.390","6.376","6.390","6.376","0.11%"
"10/17/2024","6.383","6.355","6.383","6.355","0.41%"
"10/16/2024","6.357","6.357","6.357","6.357","0.00%"
"10/15/2024","6.357","6.357","6.357","6.357","-0.02%"
"10/14/2024","6.358","6.358","6.358","6.358","0.33%"
"10/11/2024","6.337","6.358","6.367","6.337","-1.65%"
"10/10/2024","6.443","6.359","6.528","6.359","1.31%"
"10/09/2024","6.360","6.360","6.360","6.360","-0.02%"
"10/08/2024","6.361","6.361","6.361","6.361","-3.20%"
"10/07/2024","6.571","6.236","6.571","6.236","5.37%"
"10/04/2024","6.236","6.236","6.236","6.236","-0.02%"
"10/03/2024","6.237","6.204","6.237","6.195","0.50%"
"10/02/2024","6.206","6.198","6.218","6.198","0.13%"
"10/01/2024","6.198","6.198","6.198","6.198","-0.02%"
"09/30/2024","6.199","6.199","6.199","6.199","-0.02%"
"09/27/2024","6.200","6.200","6.200","6.200","0.00%"
"09/26/2024","6.200","6.200","6.200","6.200","-0.03%"
"09/25/2024","6.202","6.366","6.366","6.200","-0.56%"
"09/24/2024","6.237","6.236","6.269","6.231","0.06%"
"09/23/2024","6.233","6.348","6.348","6.233","-2.40%"
"09/20/2024","6.386","6.384","6.386","6.384","0.00%"
"09/19/2024","6.386","6.388","6.391","6.347","-0.13%"
"09/18/2024","6.394","6.432","6.432","6.385","-0.51%"
"09/17/2024","6.427","6.413","6.433","6.396","0.47%"
"09/13/2024","6.397","6.417","6.418","6.397","-0.33%"
"09/12/2024","6.418","6.407","6.421","6.407","0.12%"
"09/11/2024","6.410","6.423","6.423","6.409","-0.20%"
"09/10/2024","6.423","6.407","6.434","6.407","0.25%"
"09/09/2024","6.407","6.479","6.485","6.407","-0.85%"
"09/06/2024","6.462","6.469","6.474","6.461","-0.08%"
"09/05/2024","6.467","6.481","6.484","6.466","-0.29%"
"09/04/2024","6.486","6.482","6.493","6.478","0.03%"
"09/03/2024","6.484","6.489","6.489","6.478","-0.08%"
"09/02/2024","6.489","6.394","6.495","6.394","1.25%"
"08/30/2024","6.409","6.394","6.418","6.394","0.22%"
"08/29/2024","6.395","6.395","6.395","6.395","-0.02%"
"08/28/2024","6.396","6.426","6.431","6.396","-0.48%"
"08/27/2024","6.427","6.443","6.443","6.426","-0.17%"
"08/26/2024","6.438","6.364","6.446","6.364","0.96%"
"08/23/2024","6.377","6.467","6.467","6.377","-1.36%"
"08/22/2024","6.465","6.418","6.465","6.418","0.70%"
"08/21/2024","6.420","6.418","6.454","6.417","0.03%"
"08/20/2024","6.418","6.451","6.451","6.417","-0.48%"
"08/19/2024","6.449","6.448","6.454","6.448","-0.06%"
"08/16/2024","6.453","6.492","6.492","6.452","-0.15%"
"08/15/2024","6.463","6.484","6.486","6.463","-0.34%"
"08/14/2024","6.485","6.534","6.539","6.483","-0.77%"
"08/13/2024","6.535","6.537","6.537","6.535","-0.02%"
"08/12/2024","6.536","6.531","6.569","6.523","0.17%"
"08/09/2024","6.525","6.539","6.540","6.525","-0.18%"
"08/08/2024","6.537","6.511","6.542","6.509","0.35%"
"08/07/2024","6.514","6.512","6.517","6.509","0.03%"
"08/06/2024","6.512","6.494","6.517","6.494","0.31%"
"08/05/2024","6.492","6.693","6.693","6.492","-1.86%"
"08/02/2024","6.615","6.659","6.667","6.615","-0.59%"
"08/01/2024","6.654","6.654","6.654","6.654","-0.21%"
"07/31/2024","6.668","6.668","6.668","6.668","0.00%"
"07/30/2024","6.668","6.688","6.688","6.668","-0.31%"
"07/29/2024","6.689","6.715","6.715","6.674","-0.30%"
"07/26/2024","6.709","6.696","6.722","6.696","0.19%"
"07/25/2024","6.696","6.775","6.775","6.696","-1.18%"
"07/24/2024","6.776","6.776","6.776","6.776","0.00%"
"07/23/2024","6.776","6.763","6.776","6.763","0.19%"
"07/22/2024","6.763","6.796","6.796","6.763","-0.01%"
"07/19/2024","6.764","6.777","6.777","6.764","-0.19%"
"07/18/2024","6.777","6.783","6.783","6.777","-0.10%"
"07/17/2024","6.784","6.817","6.817","6.784","-0.48%"
"07/16/2024","6.817","6.778","6.817","6.778","0.58%"
"07/15/2024","6.778","6.739","6.790","6.739","0.00%"
"07/12/2024","6.778","6.778","6.778","6.778","0.00%"
"07/11/2024","6.778","6.796","6.796","6.765","0.18%"
"07/10/2024","6.766","6.753","6.766","6.753","0.19%"
"07/09/2024","6.753","6.727","6.753","6.727","0.37%"
"07/08/2024","6.728","6.740","6.747","6.728","-0.38%"
"07/05/2024","6.754","6.747","6.754","6.747","0.09%"
"07/04/2024","6.748","6.760","6.773","6.748","-0.19%"
"07/03/2024","6.761","6.761","6.764","6.761","-0.07%"
"07/02/2024","6.766","6.740","6.773","6.740","0.46%"
"07/01/2024","6.735","6.704","6.772","6.701","0.55%"
"06/28/2024","6.698","6.736","6.736","6.698","-0.56%"
"06/27/2024","6.736","6.782","6.808","6.717","-0.68%"
"06/26/2024","6.782","6.802","6.802","6.782","-0.29%"
"06/25/2024","6.802","6.802","6.802","6.802","0.00%"
"06/24/2024","6.802","6.764","6.809","6.764","-0.47%"
"06/21/2024","6.834","6.854","6.892","6.834","-0.29%"
"06/20/2024","6.854","6.886","6.886","6.854","-0.48%"
"06/19/2024","6.887","6.804","6.906","6.804","0.64%"
"06/14/2024","6.843","6.772","6.843","6.772","1.03%"
"06/13/2024","6.773","6.804","6.804","6.769","-0.47%"
"06/12/2024","6.805","6.799","6.805","6.799","0.09%"
"06/11/2024","6.799","6.799","6.799","6.799","0.00%"
"06/10/2024","6.799","6.806","6.810","6.799","0.00%"
"06/07/2024","6.799","6.787","6.799","6.787","0.18%"
"06/06/2024","6.787","6.768","6.800","6.768","0.27%"
"06/05/2024","6.769","6.794","6.800","6.769","-0.38%"
"06/04/2024","6.795","6.844","6.844","6.795","-0.72%"
"06/03/2024","6.844","6.807","6.845","6.807","0.72%"
"05/31/2024","6.795","6.839","6.839","6.795","-0.64%"
"05/30/2024","6.839","6.814","6.839","6.814","0.35%"
"05/29/2024","6.815","6.809","6.834","6.809","0.09%"
"05/28/2024","6.809","6.834","6.834","6.809","-0.37%"
"05/27/2024","6.834","6.866","6.866","6.803","0.44%"
"05/22/2024","6.804","6.836","6.836","6.804","-0.47%"
"05/21/2024","6.836","6.761","6.855","6.761","1.11%"
"05/20/2024","6.761","6.717","6.779","6.717","-0.37%"
"05/17/2024","6.786","6.730","6.786","6.730","0.83%"
"05/16/2024","6.730","6.931","6.931","6.730","-2.90%"
"05/15/2024","6.931","6.931","6.950","6.931","0.00%"
"05/14/2024","6.931","6.994","7.012","6.931","-0.90%"
"05/13/2024","6.994","7.113","7.113","6.994","-0.79%"
"05/08/2024","7.050","7.025","7.050","7.025","0.37%"
"05/07/2024","7.024","6.999","7.037","6.999","0.36%"
"05/06/2024","6.999","7.111","7.111","6.956","-0.62%"
"05/03/2024","7.043","7.148","7.148","7.043","-1.73%"
"05/02/2024","7.167","7.173","7.186","7.167","-0.08%"
"04/30/2024","7.173","7.074","7.173","7.074","1.04%"
"04/29/2024","7.099","7.170","7.196","7.043","1.15%"
"04/26/2024","7.018","7.036","7.036","7.018","-0.24%"
"04/25/2024","7.035","7.009","7.035","6.993","0.73%"
"04/24/2024","6.984","6.992","6.992","6.961","-0.39%"
"04/23/2024","7.011","7.041","7.042","7.011","-0.38%"
"04/22/2024","7.038","6.998","7.038","6.939","0.51%"
"04/19/2024","7.002","6.936","7.016","6.936","0.66%"
"04/18/2024","6.956","6.903","6.956","6.811","0.84%"
"04/17/2024","6.898","6.676","6.898","6.676","3.31%"
"04/16/2024","6.677","7.089","7.089","6.677","5.07%"
"04/05/2024","6.355","6.352","6.355","6.352","-0.03%"
"04/04/2024","6.357","6.353","6.357","6.353","-0.22%"
"04/03/2024","6.371","6.364","6.371","6.364","0.09%"
"04/02/2024","6.365","6.365","6.365","6.360","-0.08%"
"04/01/2024","6.370","6.399","6.414","6.370","0.09%"
"03/28/2024","6.364","6.283","6.364","6.283","1.19%"
"03/27/2024","6.289","6.271","6.289","6.271","-0.06%"
"03/26/2024","6.293","6.282","6.293","6.282","0.08%"
"03/25/2024","6.288","6.232","6.288","6.232","0.26%"
"03/22/2024","6.272","6.269","6.272","6.268","-0.05%"
"03/21/2024","6.275","6.274","6.278","6.274","-0.25%"
"03/20/2024","6.291","6.297","6.297","6.291","-0.17%"
"03/19/2024","6.302","6.298","6.302","6.293","-0.02%"
"03/18/2024","6.303","6.271","6.312","6.271","0.05%"
"03/15/2024","6.300","6.242","6.300","6.242","0.83%"
"03/14/2024","6.248","6.233","6.248","6.233","-0.02%"
"03/13/2024","6.249","6.137","6.249","6.137","-0.21%"
"03/08/2024","6.262","6.260","6.262","6.259","-0.06%"
"03/07/2024","6.266","6.265","6.267","6.265","-0.22%"
"03/06/2024","6.280","6.279","6.280","6.276","-0.06%"
"03/05/2024","6.284","6.272","6.284","6.272","0.11%"
"03/04/2024","6.277","6.184","6.284","6.184","-0.71%"
"03/01/2024","6.322","6.322","6.322","6.322","0.99%"
"02/29/2024","6.260","6.260","6.260","6.260","-0.21%"
"02/28/2024","6.273","6.273","6.273","6.273","0.93%"
"02/27/2024","6.215","6.215","6.215","6.215","-2.58%"
"02/26/2024","6.380","6.380","6.380","6.380","2.47%"
"02/23/2024","6.226","6.226","6.226","6.226","-0.08%"
"02/22/2024","6.231","6.231","6.231","6.231","-0.24%"
"02/21/2024","6.246","6.246","6.246","6.246","-0.08%"
"02/20/2024","6.251","6.251","6.251","6.251","-0.08%"
"02/19/2024","6.256","6.256","6.256","6.256","-0.08%"
"02/16/2024","6.261","6.261","6.261","6.261","-0.08%"
"02/15/2024","6.266","6.266","6.266","6.266","-0.33%"
"02/13/2024","6.287","6.287","6.287","6.287","-0.08%"
"02/12/2024","6.292","6.233","6.292","6.233","-0.40%"
"02/07/2024","6.317","6.317","6.317","6.317","-0.08%"
"02/06/2024","6.322","6.322","6.322","6.322","-0.08%"
"02/05/2024","6.327","6.327","6.327","6.327","-0.16%"
"02/02/2024","6.337","6.337","6.337","6.337","-0.05%"
"02/01/2024","6.340","6.322","6.340","6.322","0.08%"
"01/31/2024","6.335","6.335","6.341","6.335","-0.27%"
"01/30/2024","6.352","6.341","6.352","6.318","0.05%"
"01/29/2024","6.349","6.323","6.349","6.323","0.25%"
"01/26/2024","6.333","6.320","6.339","6.320","0.17%"
"01/25/2024","6.322","6.327","6.327","6.322","-0.43%"
"01/24/2024","6.349","6.341","6.349","6.337","0.05%"
"01/23/2024","6.346","6.340","6.346","6.340","-0.02%"
"01/22/2024","6.347","6.338","6.347","6.338","-0.13%"
"01/19/2024","6.355","6.351","6.355","6.351","0.02%"
"01/18/2024","6.354","6.362","6.362","6.354","-0.35%"
"01/17/2024","6.376","6.381","6.381","6.376","-0.13%"
"01/16/2024","6.384","6.388","6.388","6.384","-0.06%"
"01/15/2024","6.388","6.372","6.388","6.372","-0.14%"
"01/12/2024","6.397","6.424","6.424","6.388","-0.33%"
"01/11/2024","6.418","6.408","6.418","6.408","0.00%"
"01/10/2024","6.418","6.422","6.422","6.418","-0.28%"
"01/09/2024","6.436","6.424","6.436","6.424","0.16%"
"01/08/2024","6.426","6.425","6.426","6.425","-0.37%"
"01/05/2024","6.450","6.429","6.452","6.429","0.25%"
"01/04/2024","6.434","6.434","6.434","6.434","0.26%"
"01/03/2024","6.417","6.417","6.417","6.417","-0.20%"
"01/02/2024","6.430","6.430","6.430","6.430","0.78%"
"01/01/2024","6.380","6.380","6.380","6.380","-1.65%"
"12/29/2023","6.487","6.417","6.497","6.417","0.96%"
"12/28/2023","6.425","6.331","6.425","6.331","1.18%"
"12/27/2023","6.350","6.350","6.350","6.350","-0.91%"
"12/25/2023","6.409","6.409","6.409","6.409","0.15%"
"12/22/2023","6.399","6.399","6.399","6.399","-0.08%"
"12/21/2023","6.404","6.398","6.404","6.398","-0.36%"
"12/20/2023","6.427","6.420","6.427","6.420","-0.05%"
"12/19/2023","6.430","6.431","6.431","6.430","-0.17%"
"12/18/2023","6.441","6.430","6.456","6.430","-0.34%"
"12/15/2023","6.463","6.466","6.466","6.458","0.03%"
"12/14/2023","6.461","6.439","6.461","6.439","-0.11%"
"12/13/2023","6.468","6.468","6.468","6.468","-0.14%"
"12/12/2023","6.477","6.477","6.477","6.477","-0.06%"
"12/11/2023","6.481","6.463","6.481","6.463","0.02%"
"12/08/2023","6.480","6.480","6.480","6.480","-0.14%"
"12/07/2023","6.489","6.460","6.489","6.460","0.25%"
"12/06/2023","6.473","6.503","6.503","6.469","-0.49%"
"12/05/2023","6.505","6.491","6.505","6.491","0.15%"
"12/04/2023","6.495","6.587","6.587","6.495","-1.32%"
"12/01/2023","6.582","6.582","6.582","6.582","0.03%"
"11/30/2023","6.580","6.580","6.580","6.580","-0.23%"
"11/29/2023","6.595","6.589","6.595","6.589","0.00%"
"11/28/2023","6.595","6.588","6.597","6.588","-0.06%"
"11/27/2023","6.599","6.619","6.619","6.599","-0.33%"
"11/24/2023","6.621","6.621","6.621","6.621","-0.05%"
"11/23/2023","6.624","6.741","6.741","6.623","-1.85%"
"11/22/2023","6.749","6.765","6.765","6.749","-0.30%"
"11/21/2023","6.769","6.772","6.772","6.769","-0.04%"
"11/20/2023","6.772","6.782","6.782","6.772","-0.07%"
"11/17/2023","6.777","6.777","6.777","6.777","-0.25%"
"11/16/2023","6.794","6.834","6.834","6.794","-0.77%"
"11/15/2023","6.847","6.739","6.847","6.739","1.65%"
"11/14/2023","6.736","6.736","6.736","6.736","-0.07%"
"11/13/2023","6.741","6.772","6.772","6.741","-0.52%"
"11/10/2023","6.776","6.867","6.867","6.776","-1.50%"
"11/09/2023","6.879","6.967","6.967","6.869","-1.36%"
"11/08/2023","6.974","6.974","6.974","6.974","-0.07%"
"11/07/2023","6.979","7.070","7.070","6.979","-1.34%"
"11/06/2023","7.074","7.074","7.074","7.074","0.78%"
"11/03/2023","7.019","7.030","7.030","7.019","-1.09%"
"11/02/2023","7.096","7.078","7.106","7.078","0.04%"
"11/01/2023","7.093","7.095","7.095","7.093","-0.07%"
"10/31/2023","7.098","7.098","7.098","7.098","-0.06%"
"10/30/2023","7.102","7.102","7.102","7.102","0.32%"
"10/27/2023","7.079","7.066","7.079","7.066","-0.03%"
"10/26/2023","7.081","7.023","7.081","7.023","0.65%"
"10/25/2023","7.035","6.850","7.035","6.850","2.63%"
"10/24/2023","6.855","6.856","6.858","6.855","0.00%"
"10/23/2023","6.855","6.505","6.875","6.505","3.97%"
"10/20/2023","6.593","6.570","6.593","6.563","0.37%"
"10/19/2023","6.569","6.549","6.569","6.549","0.21%"
"10/18/2023","6.555","6.551","6.555","6.551","0.09%"
"10/17/2023","6.549","6.529","6.549","6.524","0.20%"
"10/16/2023","6.536","6.537","6.537","6.530","-0.61%"
"10/13/2023","6.576","6.523","6.576","6.523","0.72%"
"10/12/2023","6.529","6.532","6.532","6.529","-0.09%"
"10/11/2023","6.535","6.503","6.535","6.503","0.17%"
"10/10/2023","6.524","6.509","6.524","6.509","1.16%"
"10/09/2023","6.449","6.397","6.449","6.397","-0.11%"
"10/06/2023","6.456","6.489","6.489","6.456","-0.59%"
"10/05/2023","6.494","6.424","6.494","6.424","0.89%"
"10/04/2023","6.437","6.361","6.437","6.361","1.12%"
"10/03/2023","6.366","6.366","6.366","6.366","-0.06%"
"10/02/2023","6.370","6.252","6.370","6.252","0.97%"
"09/29/2023","6.309","6.275","6.309","6.275","-0.10%"
"09/28/2023","6.315","6.315","6.315","6.315","0.59%"
"09/27/2023","6.278","6.253","6.278","6.253","-0.35%"
"09/26/2023","6.300","6.281","6.300","6.281","0.16%"
"09/25/2023","6.290","6.250","6.290","6.250","0.40%"
"09/22/2023","6.265","6.242","6.265","6.242","0.30%"
"09/21/2023","6.246","6.283","6.283","6.246","-0.79%"
"09/20/2023","6.296","6.286","6.296","6.286","0.05%"
"09/19/2023","6.293","6.297","6.297","6.290","0.90%"
"09/18/2023","6.237","6.214","6.237","6.214","-0.59%"
"09/15/2023","6.274","6.270","6.274","6.262","-0.02%"
"09/14/2023","6.275","6.264","6.275","6.264","-0.03%"
"09/13/2023","6.277","6.277","6.277","6.277","-0.06%"
"09/12/2023","6.281","6.042","6.281","6.042","3.89%"
"09/11/2023","6.046","6.245","6.245","5.949","-3.29%"
"09/08/2023","6.252","6.259","6.259","6.249","0.16%"
"09/07/2023","6.242","6.127","6.247","6.127","1.74%"
"09/06/2023","6.135","6.223","6.223","6.135","-1.49%"
"09/05/2023","6.228","6.228","6.228","6.228","-0.11%"
"09/04/2023","6.235","6.207","6.235","6.207","-0.14%"
"09/01/2023","6.244","6.220","6.244","6.220","0.32%"
"08/31/2023","6.224","6.215","6.224","6.215","-0.05%"
"08/30/2023","6.227","6.227","6.227","6.227","-0.08%"
"08/29/2023","6.232","6.232","6.232","6.232","-0.06%"
"08/28/2023","6.236","6.236","6.236","6.236","2.46%"
"08/25/2023","6.086","6.086","6.086","6.086","0.98%"
"08/24/2023","6.027","5.952","6.027","5.952","1.01%"
"08/23/2023","5.967","5.967","5.967","5.967","0.03%"
"08/22/2023","5.965","5.918","5.965","5.918","0.66%"
"08/21/2023","5.926","5.787","5.926","5.787","-0.05%"
"08/18/2023","5.929","5.929","5.929","5.929","-0.71%"
"08/17/2023","5.971","5.971","5.971","5.971","0.82%"
"08/16/2023","5.923","5.861","5.923","5.861","0.83%"
"08/15/2023","5.874","5.936","5.936","5.874","-1.19%"
"08/14/2023","5.945","5.818","5.945","5.818","-0.02%"
"08/11/2023","5.946","5.947","5.947","5.943","-0.13%"
"08/10/2023","5.954","5.944","5.954","5.944","-0.05%"
"08/09/2023","5.957","5.956","5.957","5.956","-0.05%"
"08/08/2023","5.960","5.935","5.960","5.931","0.32%"
"08/07/2023","5.941","5.849","5.941","5.849","1.57%"
"08/04/2023","5.849","5.849","5.849","5.849","-0.07%"
"08/03/2023","5.853","5.849","5.853","5.849","-0.20%"
"08/02/2023","5.865","5.871","5.871","5.865","-0.17%"
"08/01/2023","5.875","5.875","5.875","5.875","-0.07%"
"07/31/2023","5.879","5.879","5.879","5.879","0.14%"
"07/28/2023","5.871","5.873","5.873","5.871","-0.07%"
"07/27/2023","5.875","5.873","5.875","5.873","-0.20%"
"07/26/2023","5.887","5.888","5.888","5.887","-0.05%"
"07/25/2023","5.890","5.895","5.895","5.890","-0.14%"
"07/24/2023","5.898","5.909","5.909","5.898","-0.07%"
"07/21/2023","5.902","5.914","5.914","5.902","-0.08%"
"07/20/2023","5.907","5.907","5.907","5.907","-0.15%"
"07/18/2023","5.916","5.913","5.916","5.913","-0.08%"
"07/17/2023","5.921","5.935","5.935","5.921","0.22%"
"07/14/2023","5.908","5.908","5.908","5.908","-0.83%"
"07/13/2023","5.957","5.967","6.062","5.957","-0.05%"
"07/12/2023","5.960","5.960","5.960","5.960","0.00%"
"07/11/2023","5.960","5.960","5.960","5.960","-0.17%"
"07/10/2023","5.970","5.970","5.970","5.970","0.10%"
"07/07/2023","5.964","5.878","5.969","5.878","1.39%"
"07/06/2023","5.882","5.873","5.886","5.872","-0.20%"
"07/05/2023","5.894","5.885","5.894","5.885","0.03%"
"07/04/2023","5.892","5.914","5.921","5.876","-0.49%"
"07/03/2023","5.921","5.932","6.048","5.918","-0.45%"
"06/30/2023","5.948","5.910","5.948","5.909","0.66%"
"06/29/2023","5.909","5.914","5.914","5.909","-0.09%"
"06/28/2023","5.914","5.919","5.919","5.914","0.10%"
"06/27/2023","5.908","5.897","5.909","5.897","0.12%"
"06/26/2023","5.901","6.043","6.181","5.901","-1.49%"
"06/23/2023","5.990","5.997","5.998","5.885","2.32%"
"06/22/2023","5.854","5.854","6.024","5.852","0.83%"
"06/21/2023","5.806","5.840","5.868","5.806","-0.12%"
"06/20/2023","5.813","5.806","5.813","5.806","-0.02%"
"06/19/2023","5.814","5.860","5.999","5.795","0.07%"
"06/16/2023","5.810","5.784","5.810","5.784","0.07%"
"06/15/2023","5.806","5.778","5.806","5.776","0.28%"
"06/14/2023","5.790","5.785","5.808","5.784","0.03%"
"06/13/2023","5.788","5.851","5.851","5.788","-1.31%"
"06/12/2023","5.865","5.837","5.911","5.837","-0.41%"
"06/09/2023","5.889","5.906","5.907","5.889","-0.36%"
"06/08/2023","5.910","5.904","5.910","5.901","-0.07%"
"06/07/2023","5.914","5.921","5.921","5.912","0.03%"
"06/06/2023","5.912","5.958","5.958","5.912","-0.82%"
"06/05/2023","5.961","5.915","5.992","5.759","-0.10%"
"06/02/2023","5.967","5.950","5.967","5.950","0.29%"
"06/01/2023","5.950","5.959","5.959","5.950","-0.53%"
"05/31/2023","5.981","6.029","6.031","5.958","-0.58%"
"05/30/2023","6.016","6.014","6.016","6.005","-0.27%"
"05/29/2023","6.032","6.119","6.174","6.032","-0.18%"
"05/26/2023","6.043","6.081","6.081","6.043","-0.64%"
"05/25/2023","6.082","6.084","6.084","6.082","-0.21%"
"05/24/2023","6.095","6.098","6.099","6.095","-0.10%"
"05/23/2023","6.101","6.095","6.101","6.095","-0.03%"
"05/22/2023","6.103","6.153","6.174","6.100","-0.28%"
"05/19/2023","6.120","6.077","6.120","6.077","-0.02%"
"05/18/2023","6.122","6.155","6.155","6.122","0.22%"
"05/17/2023","6.108","6.115","6.116","6.105","-0.28%"
"05/16/2023","6.125","6.141","6.142","6.124","-0.16%"
"05/15/2023","6.135","6.129","6.186","6.022","-0.82%"
"05/12/2023","6.186","6.194","6.196","6.177","-0.19%"
"05/11/2023","6.198","6.230","6.230","6.198","-0.66%"
"05/10/2023","6.239","6.246","6.246","6.235","-0.16%"
"05/09/2023","6.249","6.254","6.258","6.249","-0.13%"
"05/08/2023","6.257","6.259","6.267","6.257","-0.08%"
"05/05/2023","6.262","6.263","6.266","6.258","0.00%"
"05/04/2023","6.262","6.261","6.262","6.258","-0.22%"
"05/03/2023","6.276","6.272","6.276","6.263","0.00%"
"05/02/2023","6.276","6.313","6.364","6.259","-2.20%"
"05/01/2023","6.418","6.338","6.422","6.338","2.24%"
"04/28/2023","6.277","6.264","6.283","6.264","0.16%"
"04/27/2023","6.267","6.317","6.317","6.257","-0.90%"
"04/26/2023","6.324","6.287","6.351","6.248","-1.81%"
"04/25/2023","6.440","6.440","6.440","6.440","0.00%"
"04/24/2023","6.440","6.391","6.440","6.391","0.00%"
"04/21/2023","6.440","6.330","6.440","6.330","1.38%"
"04/20/2023","6.353","6.332","6.353","6.332","0.36%"
"04/19/2023","6.330","6.340","6.340","6.330","0.27%"
"04/18/2023","6.313","6.267","6.335","6.267","-1.94%"
"04/17/2023","6.438","6.478","6.478","6.404","-0.06%"
"04/14/2023","6.442","6.447","6.447","6.442","-0.14%"
"04/13/2023","6.451","6.376","6.451","6.376","0.95%"
"04/12/2023","6.390","6.388","6.390","6.388","-0.05%"
"04/11/2023","6.393","6.332","6.393","6.308","0.82%"
"04/10/2023","6.341","6.344","6.344","6.341","0.12%"
"04/07/2023","6.333","6.333","6.333","6.333","0.25%"
"04/06/2023","6.318","6.318","6.318","6.318","-0.06%"
"04/05/2023","6.322","6.322","6.322","6.322","-0.30%"
"04/04/2023","6.341","6.341","6.341","6.341","-0.06%"
"04/03/2023","6.345","6.376","6.376","6.345","-0.08%"
"03/31/2023","6.350","6.350","6.350","6.346","-0.08%"
"03/30/2023","6.355","6.370","6.370","6.355","-0.45%"
"03/29/2023","6.384","6.384","6.384","6.384","-0.06%"
"03/28/2023","6.388","6.368","6.388","6.361","0.17%"
"03/27/2023","6.377","6.387","6.387","6.369","0.09%"
"03/24/2023","6.371","6.382","6.382","6.371","-0.52%"
"03/22/2023","6.404","6.404","6.404","6.404","0.39%"
"03/21/2023","6.379","6.379","6.379","6.379","-0.20%"
"03/20/2023","6.392","6.410","6.410","6.392","-0.22%"
"03/17/2023","6.406","6.411","6.411","6.406","-0.16%"
"03/16/2023","6.416","6.416","6.416","6.416","-0.22%"
"03/15/2023","6.430","6.441","6.441","6.430","-0.23%"
"03/14/2023","6.445","6.496","6.496","6.445","-0.86%"
"03/13/2023","6.501","6.389","6.514","6.389","-0.02%"
"03/10/2023","6.502","6.485","6.502","6.372","0.20%"
"03/09/2023","6.489","6.512","6.512","6.470","0.09%"
"03/08/2023","6.483","6.483","6.483","6.483","-0.06%"
"03/07/2023","6.487","6.352","6.487","6.352","2.06%"
"03/06/2023","6.356","6.418","6.418","6.220","2.09%"
"03/03/2023","6.226","6.226","6.226","6.226","-0.06%"
"03/02/2023","6.230","6.230","6.230","6.230","-0.21%"
"03/01/2023","6.243","6.244","6.244","6.243","-0.08%"
"02/28/2023","6.248","6.247","6.248","6.247","-0.06%"
"02/27/2023","6.252","6.447","6.447","6.252","-0.06%"
"02/24/2023","6.256","6.256","6.256","6.256","-0.06%"
"02/23/2023","6.260","6.257","6.260","6.257","-0.16%"
"02/22/2023","6.270","6.270","6.270","6.270","-0.06%"
"02/21/2023","6.274","6.261","6.274","6.261","0.13%"
"02/20/2023","6.266","6.476","6.476","6.253","0.13%"
"02/17/2023","6.258","6.256","6.258","6.256","-0.03%"
"02/16/2023","6.260","6.263","6.263","6.260","-0.25%"
"02/15/2023","6.276","6.273","6.276","6.273","-0.02%"
"02/14/2023","6.277","6.277","6.277","6.277","-0.08%"
"02/13/2023","6.282","6.169","6.356","6.169","-0.08%"
"02/10/2023","6.287","6.287","6.287","6.287","-0.08%"
"02/09/2023","6.292","6.293","6.293","6.292","-0.22%"
"02/08/2023","6.306","6.304","6.306","6.304","-0.03%"
"02/07/2023","6.308","6.308","6.308","6.308","-0.08%"
"02/06/2023","6.313","6.532","6.532","6.313","0.11%"
"02/03/2023","6.306","6.306","6.306","6.306","-0.05%"
"02/02/2023","6.309","6.386","6.386","6.309","-0.24%"
"02/01/2023","6.324","6.324","6.324","6.324","-0.06%"
"01/31/2023","6.328","6.328","6.328","6.328","-0.06%"
"01/30/2023","6.332","6.560","6.560","6.332","-0.19%"
"01/27/2023","6.344","6.344","6.344","6.344","-0.06%"
"01/26/2023","6.348","6.348","6.348","6.348","-0.20%"
"01/25/2023","6.361","6.361","6.361","6.361","-0.06%"
"01/24/2023","6.365","6.433","6.433","6.365","1.56%"
"01/23/2023","6.267","6.267","6.267","6.267","-1.76%"
"01/20/2023","6.380","6.369","6.380","6.369","0.11%"
"01/19/2023","6.373","6.306","6.373","6.306","0.81%"
"01/18/2023","6.322","6.226","6.322","6.226","1.46%"
"01/17/2023","6.231","6.224","6.231","6.224","0.05%"
"01/16/2023","6.228","6.340","6.340","6.228","-0.26%"
"01/13/2023","6.244","6.248","6.248","6.244","-0.13%"
"01/12/2023","6.252","6.250","6.252","6.250","-0.16%"
"01/11/2023","6.262","6.257","6.262","6.257","0.02%"
"01/10/2023","6.261","6.307","6.307","6.261","-0.81%"
"01/09/2023","6.312","6.159","6.465","6.159","-0.86%"
"01/06/2023","6.367","6.399","6.399","6.367","-0.56%"
"01/05/2023","6.403","6.409","6.409","6.403","-0.28%"
"01/04/2023","6.421","6.421","6.421","6.421","-0.06%"
"01/03/2023","6.425","6.425","6.425","6.425","-0.06%"
"01/02/2023","6.429","6.668","6.668","6.429","-0.06%"
"12/30/2022","6.433","6.433","6.433","6.433","-0.06%"
"12/29/2022","6.437","6.431","6.437","6.431","-0.09%"
"12/28/2022","6.443","6.429","6.443","6.429","0.16%"
"12/27/2022","6.433","6.445","6.445","6.433","-0.25%"
"12/26/2022","6.449","6.218","6.464","6.218","0.81%"
"12/23/2022","6.397","6.397","6.397","6.397","-0.06%"
"12/22/2022","6.401","6.414","6.414","6.401","-0.39%"
"12/21/2022","6.426","6.427","6.427","6.426","-0.08%"
"12/20/2022","6.431","6.430","6.431","6.430","-0.05%"
"12/19/2022","6.434","6.720","6.720","6.434","-0.94%"
"12/16/2022","6.495","6.470","6.495","6.439","0.32%"
"12/15/2022","6.474","6.467","6.474","6.412","-0.06%"
"12/14/2022","6.478","6.482","6.510","6.478","-0.12%"
"12/13/2022","6.486","6.490","6.490","6.486","-0.12%"
"12/12/2022","6.494","6.746","6.746","6.494","1.23%"
"12/09/2022","6.415","6.431","6.431","6.415","-0.31%"
"12/08/2022","6.435","6.434","6.435","6.434","-0.16%"
"12/07/2022","6.445","6.446","6.446","6.445","-0.08%"
"12/06/2022","6.450","6.435","6.450","6.435","0.17%"
"12/05/2022","6.439","6.303","6.559","6.303","-1.72%"
"12/02/2022","6.552","6.552","6.552","6.552","-0.06%"
"12/01/2022","6.556","6.568","6.576","6.482","-1.15%"
"11/30/2022","6.632","6.647","6.647","6.632","-0.42%"
"11/29/2022","6.660","6.679","6.683","6.660","-0.33%"
"11/28/2022","6.682","6.796","6.796","6.682","-0.34%"
"11/25/2022","6.705","6.771","6.771","6.705","-1.02%"
"11/24/2022","6.774","6.729","6.788","6.729","0.50%"
"11/23/2022","6.740","6.759","6.763","6.740","-0.33%"
"11/22/2022","6.762","6.840","6.840","6.762","-1.20%"
"11/21/2022","6.844","6.728","6.853","6.728","0.60%"
"11/18/2022","6.803","6.787","6.803","6.780","0.19%"
"11/17/2022","6.790","6.797","6.805","6.790","-0.26%"
"11/16/2022","6.808","6.843","6.843","6.808","-0.57%"
"11/15/2022","6.847","6.868","6.868","6.847","-0.36%"
"11/14/2022","6.872","6.846","6.918","6.846","-0.17%"
"11/11/2022","6.884","6.939","6.939","6.884","-0.85%"
"11/10/2022","6.943","6.962","6.966","6.943","-0.37%"
"11/09/2022","6.969","6.956","6.975","6.956","0.14%"
"11/08/2022","6.959","6.959","6.959","6.959","-0.06%"
"11/07/2022","6.963","6.963","6.963","6.963","0.12%"
"11/04/2022","6.955","6.961","6.961","6.955","-0.14%"
"11/03/2022","6.965","6.965","6.965","6.965","-0.14%"
"11/02/2022","6.975","6.979","6.979","6.973","-0.11%"
"11/01/2022","6.983","7.013","7.013","6.983","-0.48%"
"10/31/2022","7.017","6.986","7.051","6.986","1.01%"
"10/28/2022","6.947","6.965","6.965","6.947","-0.32%"
"10/27/2022","6.969","6.922","6.981","6.920","0.56%"
"10/26/2022","6.930","6.911","6.930","6.911","0.23%"
"10/25/2022","6.914","6.914","6.914","6.914","0.17%"
"10/24/2022","6.902","6.919","6.919","6.902","1.02%"
"10/21/2022","6.832","6.914","6.914","6.823","-0.13%"
"10/20/2022","6.841","6.759","6.879","6.759","0.74%"
"10/19/2022","6.791","6.824","6.824","6.769","-0.89%"
"10/18/2022","6.852","6.794","6.852","6.794","0.20%"
"10/17/2022","6.838","6.798","6.838","6.798","0.60%"
"10/14/2022","6.797","6.791","6.797","6.791","-0.23%"
"10/13/2022","6.813","6.823","6.836","6.782","-0.29%"
"10/12/2022","6.833","6.817","6.922","6.817","0.41%"
"10/11/2022","6.805","6.814","6.814","6.805","-0.10%"
"10/10/2022","6.812","6.787","6.842","6.787","-0.19%"
"10/07/2022","6.825","6.804","6.825","6.804","0.28%"
"10/06/2022","6.806","6.833","6.833","6.802","-0.47%"
"10/05/2022","6.838","6.819","6.840","6.819","0.22%"
"10/04/2022","6.823","6.811","6.853","6.796","0.09%"
"10/03/2022","6.817","6.811","6.817","6.796","5.53%"
"09/30/2022","6.460","6.317","6.460","6.317","3.29%"
"09/29/2022","6.254","6.284","6.284","6.233","-0.51%"
"09/28/2022","6.286","6.296","6.296","6.286","0.43%"
"09/27/2022","6.259","6.301","6.301","6.259","-0.13%"
"09/26/2022","6.267","6.221","6.343","6.221","0.29%"
"09/23/2022","6.249","6.117","6.249","6.117","0.37%"
"09/22/2022","6.226","6.108","6.227","6.108","-0.19%"
"09/21/2022","6.238","6.120","6.238","6.120","0.16%"
"09/20/2022","6.228","6.099","6.242","6.099","0.55%"
"09/19/2022","6.194","6.162","6.202","5.977","1.72%"
"09/16/2022","6.089","6.094","6.094","6.089","-0.15%"
"09/15/2022","6.098","6.092","6.098","6.092","-0.10%"
"09/14/2022","6.104","6.104","6.104","6.104","-0.34%"
"09/13/2022","6.125","6.129","6.129","6.125","-1.08%"
"09/12/2022","6.192","5.781","6.192","5.781","0.90%"
"09/09/2022","6.137","6.106","6.137","6.106","-1.10%"
"09/08/2022","6.205","6.101","6.206","6.101","0.03%"
"09/07/2022","6.203","6.112","6.203","6.112","-0.05%"
"09/06/2022","6.206","6.115","6.207","6.115","-0.05%"
"09/05/2022","6.209","5.807","6.210","5.807","1.39%"
"09/02/2022","6.124","6.081","6.124","6.081","-1.59%"
"09/01/2022","6.223","6.123","6.223","6.121","-0.18%"
"08/31/2022","6.234","6.134","6.234","6.134","0.71%"
"08/30/2022","6.190","6.166","6.240","6.166","1.08%"
"08/29/2022","6.124","6.262","6.906","5.977","1.01%"
"08/26/2022","6.063","6.065","6.065","6.056","-0.08%"
"08/25/2022","6.068","5.952","6.068","5.952","1.74%"
"08/24/2022","5.964","5.996","5.996","5.955","-0.60%"
"08/23/2022","6.000","6.018","6.018","5.968","-1.40%"
"08/22/2022","6.085","6.178","6.178","5.996","-0.18%"
"08/19/2022","6.096","6.004","6.123","5.998","0.73%"
"08/18/2022","6.052","6.028","6.100","6.006","0.18%"
"08/17/2022","6.041","6.064","6.064","6.041","-0.76%"
"08/16/2022","6.087","6.048","6.102","6.035","-0.16%"
"08/15/2022","6.097","6.128","6.135","6.024","4.26%"
"08/12/2022","5.848","5.980","5.980","5.842","-2.66%"
"08/11/2022","6.008","6.032","6.032","6.008","-0.43%"
"08/10/2022","6.034","6.044","6.053","6.030","0.03%"
"08/09/2022","6.032","6.049","6.055","6.028","-0.31%"
"08/08/2022","6.051","6.031","6.058","6.021","0.03%"
"08/05/2022","6.049","6.082","6.085","6.049","-0.85%"
"08/04/2022","6.101","6.142","6.142","6.101","-0.15%"
"08/03/2022","6.110","6.136","6.136","6.103","-0.05%"
"08/02/2022","6.113","6.116","6.142","6.106","-0.16%"
"08/01/2022","6.123","6.034","6.124","6.034","-0.76%"
"07/29/2022","6.170","6.334","6.353","6.170","-2.53%"
"07/28/2022","6.330","6.414","6.414","6.330","-1.00%"
"07/27/2022","6.394","6.448","6.472","6.394","-0.39%"
"07/26/2022","6.419","6.426","6.459","6.401","-0.16%"
"07/25/2022","6.429","6.497","6.513","6.429","0.06%"
"07/22/2022","6.425","6.396","6.425","6.388","0.78%"
"07/21/2022","6.375","6.350","6.375","6.327","1.72%"
"07/20/2022","6.267","6.247","6.267","6.227","1.26%"
"07/19/2022","6.189","5.983","6.189","5.983","2.53%"
"07/18/2022","6.036","5.796","6.036","5.796","2.53%"
"07/15/2022","5.887","5.850","5.896","5.850","1.45%"
"07/14/2022","5.803","5.795","5.820","5.779","1.19%"
"07/13/2022","5.735","5.830","5.830","5.711","-1.17%"
"07/12/2022","5.803","5.862","5.862","5.787","-0.02%"
"07/11/2022","5.804","5.819","5.826","5.759","1.68%"
"07/08/2022","5.708","5.781","5.787","5.708","-0.82%"
"07/07/2022","5.755","5.814","5.814","5.748","0.17%"
"07/06/2022","5.745","5.841","5.841","5.719","0.88%"
"07/05/2022","5.695","5.676","5.705","5.676","0.42%"
"07/04/2022","5.671","5.713","5.713","5.643","0.96%"
"07/01/2022","5.617","5.555","5.634","5.555","0.84%"
"06/30/2022","5.570","5.660","5.660","5.570","-1.07%"
"06/29/2022","5.630","5.630","5.650","5.621","0.41%"
"06/28/2022","5.607","5.668","5.668","5.595","-1.79%"
"06/27/2022","5.709","5.590","5.709","5.590","-2.04%"
"06/24/2022","5.828","5.859","5.943","5.828","-0.99%"
"06/23/2022","5.886","5.971","5.971","5.886","-1.01%"
"06/22/2022","5.946","5.977","5.979","5.946","-0.15%"
"06/21/2022","5.955","5.926","5.978","5.901","0.92%"
"06/20/2022","5.901","5.869","5.957","5.869","-0.54%"
"06/17/2022","5.933","5.971","6.040","5.927","-0.90%"
"06/16/2022","5.987","5.959","5.987","5.956","0.28%"
"06/15/2022","5.970","5.769","6.002","5.769","3.47%"
"06/14/2022","5.770","5.665","5.988","5.665","1.84%"
"06/13/2022","5.666","5.765","5.765","5.631","-0.14%"
"06/10/2022","5.674","5.709","5.709","5.638","0.19%"
"06/09/2022","5.663","5.594","5.692","5.594","2.00%"
"06/08/2022","5.552","5.492","5.569","5.478","1.09%"
"06/07/2022","5.492","5.535","5.535","5.492","-0.56%"
"06/06/2022","5.523","5.463","5.564","5.463","-0.43%"
"06/03/2022","5.547","5.686","5.700","5.541","-2.87%"
"06/02/2022","5.711","5.679","5.737","5.679","0.04%"
"05/31/2022","5.709","5.741","5.741","5.704","-1.01%"
"05/30/2022","5.767","5.771","5.771","5.729","-2.24%"
"05/27/2022","5.899","6.133","6.133","5.899","-3.48%"
"05/25/2022","6.112","6.104","6.155","6.075","0.84%"
"05/24/2022","6.061","6.161","6.161","6.038","-1.43%"
"05/23/2022","6.149","6.135","6.173","6.118","-3.13%"
"05/20/2022","6.348","6.434","6.452","6.334","-1.70%"
"05/19/2022","6.458","6.594","6.603","6.455","-1.82%"
"05/18/2022","6.578","6.662","6.662","6.578","-0.93%"
"05/17/2022","6.640","6.607","6.717","6.601","1.02%"
"05/13/2022","6.573","6.603","6.603","6.573","-0.36%"
"05/12/2022","6.597","6.590","6.670","6.588","1.59%"
"05/11/2022","6.494","6.311","6.522","6.311","4.96%"
"05/10/2022","6.187","5.876","6.187","5.876","5.56%"
"05/09/2022","5.861","5.712","5.956","5.712","2.95%"
"04/28/2022","5.693","5.693","5.693","5.679","-0.21%"
"04/27/2022","5.705","5.637","5.727","5.637","1.89%"
"04/26/2022","5.599","5.533","5.621","5.521","1.50%"
"04/25/2022","5.516","5.426","5.516","5.426","1.98%"
"04/22/2022","5.409","5.415","5.431","5.404","0.56%"
"04/21/2022","5.379","5.363","5.404","5.360","1.03%"
"04/20/2022","5.324","5.295","5.324","5.270","1.14%"
"04/19/2022","5.264","5.278","5.278","5.248","0.30%"
"04/18/2022","5.248","5.220","5.248","5.219","0.57%"
"04/14/2022","5.218","5.261","5.261","5.218","-0.38%"
"04/13/2022","5.238","5.244","5.244","5.217","0.54%"
"04/12/2022","5.210","5.214","5.244","5.193","0.50%"
"04/11/2022","5.184","5.166","5.209","5.157","0.54%"
"04/08/2022","5.156","5.179","5.179","5.142","0.06%"
"04/07/2022","5.153","5.179","5.191","5.136","0.06%"
"04/06/2022","5.150","5.164","5.176","5.127","0.43%"
"04/05/2022","5.128","5.142","5.155","5.121","0.12%"
"04/04/2022","5.122","4.989","5.122","4.989","0.47%"
"04/01/2022","5.098","5.094","5.098","5.068","0.49%"
"03/31/2022","5.073","5.087","5.091","5.031","0.30%"
"03/30/2022","5.058","5.082","5.090","5.058","0.38%"
"03/29/2022","5.039","4.994","5.040","4.990","1.18%"
"03/28/2022","4.980","4.997","4.997","4.980","-0.72%"
"03/25/2022","5.016","5.039","5.039","5.015","0.08%"
"03/24/2022","5.012","5.061","5.061","5.012","-1.03%"
"03/23/2022","5.064","5.036","5.096","5.036","1.24%"
"03/22/2022","5.002","5.026","5.026","4.996","-0.18%"
"03/21/2022","5.011","4.988","5.011","4.979","0.26%"
"03/18/2022","4.998","5.049","5.049","4.998","-0.40%"
"03/17/2022","5.018","5.060","5.063","5.011","-0.48%"
"03/16/2022","5.042","5.046","5.048","5.031","0.22%"
"03/15/2022","5.031","5.066","5.066","5.026","0.16%"
"03/14/2022","5.023","5.045","5.045","5.023","-0.32%"
"03/11/2022","5.039","4.987","5.039","4.985","-0.34%"
"03/10/2022","5.056","5.060","5.068","5.037","0.42%"
"03/09/2022","5.035","5.036","5.076","5.035","0.98%"
"03/08/2022","4.986","4.987","5.004","4.960","0.71%"
"03/07/2022","4.951","4.906","4.978","4.906","0.81%"
"03/04/2022","4.911","4.880","4.941","4.880","0.18%"
"03/02/2022","4.902","4.880","4.941","4.880","0.00%"
"03/01/2022","4.902","4.880","4.902","4.880","0.18%"
"02/25/2022","4.893","4.923","4.923","4.893","-0.18%"
"02/24/2022","4.902","4.936","4.936","4.902","-0.20%"
"02/23/2022","4.912","4.889","4.912","4.889","0.31%"
"02/22/2022","4.897","4.896","4.914","4.896","-0.02%"
"02/21/2022","4.898","4.923","4.923","4.892","-0.65%"
"02/18/2022","4.930","4.932","4.946","4.908","0.33%"
"02/17/2022","4.914","4.910","4.914","4.899","12.55%"
"02/16/2022","4.366","4.408","4.440","4.366","0.14%"
"02/15/2022","4.360","4.413","4.413","4.360","-0.57%"
"02/14/2022","4.385","4.394","4.418","4.348","-0.05%"
"02/11/2022","4.387","4.439","4.439","4.387","-0.57%"
"02/10/2022","4.412","4.425","4.425","4.412","0.16%"
"02/09/2022","4.405","4.434","4.438","4.405","-0.14%"
"02/08/2022","4.411","4.543","4.543","4.411","-0.20%"
"02/07/2022","4.420","4.335","4.430","4.335","2.15%"
"02/04/2022","4.327","4.371","4.377","4.327","-1.03%"
"02/03/2022","4.372","4.320","4.378","4.320","0.28%"
"02/02/2022","4.360","4.415","4.415","4.346","-0.84%"
"01/31/2022","4.397","4.371","4.425","4.347","-1.19%"
"01/28/2022","4.450","4.450","4.450","4.450","1.09%"
"01/27/2022","4.402","4.399","4.449","4.399","-0.29%"
"01/26/2022","4.415","4.395","4.415","4.395","-0.14%"
"01/25/2022","4.421","4.400","4.421","4.400","0.43%"
"01/24/2022","4.402","4.313","4.425","4.313","0.00%"
"01/21/2022","4.402","4.429","4.429","4.402","1.80%"
"01/20/2022","4.324","4.433","4.433","4.324","-0.51%"
"01/19/2022","4.346","4.448","4.448","4.346","-2.01%"
"01/18/2022","4.435","4.377","4.435","4.374","-0.63%"
"01/17/2022","4.463","4.349","4.472","4.349","0.45%"
"01/14/2022","4.443","4.437","4.443","4.392","0.02%"
"01/13/2022","4.442","4.447","4.454","4.442","-3.35%"
"01/12/2022","4.596","4.459","4.596","4.459","2.96%"
"01/11/2022","4.464","4.464","4.464","4.464","-0.11%"
"01/10/2022","4.469","4.384","4.477","4.384","0.09%"
"01/07/2022","4.465","4.500","4.500","4.465","-0.89%"
"01/06/2022","4.505","4.439","4.505","4.439","1.15%"
"01/05/2022","4.454","4.405","4.454","4.404","1.00%"
"01/04/2022","4.410","4.388","4.410","4.374","0.50%"
"01/03/2022","4.388","4.327","4.388","4.327","-0.68%"
"12/31/2021","4.418","4.410","4.446","4.407","-0.63%"
"12/30/2021","4.446","4.410","4.446","4.410","0.07%"
"12/29/2021","4.443","4.399","4.443","4.399","0.16%"
"12/28/2021","4.436","4.413","4.436","4.413","-0.38%"
"12/27/2021","4.453","4.477","4.507","4.362","-0.96%"
"12/24/2021","4.496","4.477","4.507","4.463","-0.24%"
"12/23/2021","4.507","4.477","4.507","4.471","-0.46%"
"12/22/2021","4.528","4.491","4.528","4.485","-0.59%"
"12/21/2021","4.555","4.501","4.555","4.501","-0.04%"
"12/20/2021","4.557","4.502","4.557","4.464","1.76%"
"12/17/2021","4.478","4.486","4.486","4.478","-0.09%"
"12/16/2021","4.482","4.491","4.492","4.460","-0.55%"
"12/15/2021","4.507","4.499","4.507","4.499","-0.09%"
"12/14/2021","4.511","4.504","4.511","4.501","0.02%"
"12/13/2021","4.510","4.431","4.510","4.431","0.36%"
"12/10/2021","4.494","4.521","4.521","4.489","-0.64%"
"12/09/2021","4.523","4.527","4.527","4.523","-0.22%"
"12/08/2021","4.533","4.512","4.533","4.511","-0.18%"
"12/07/2021","4.541","4.515","4.541","4.515","-0.09%"
"12/06/2021","4.545","4.465","4.545","4.465","0.11%"
"12/03/2021","4.540","4.523","4.540","4.522","0.15%"
"12/02/2021","4.533","4.519","4.533","4.519","0.02%"
"12/01/2021","4.532","4.508","4.534","4.508","0.38%"
"11/30/2021","4.515","4.466","4.515","4.466","0.40%"
"11/29/2021","4.497","4.463","4.497","4.463","-0.71%"
"11/26/2021","4.529","4.547","4.548","4.529","-0.20%"
"11/25/2021","4.538","4.513","4.552","4.513","0.11%"
"11/24/2021","4.533","4.530","4.533","4.502","-0.11%"
"11/23/2021","4.538","4.536","4.538","4.534","-0.04%"
"11/22/2021","4.540","4.496","4.559","4.496","-0.48%"
"11/19/2021","4.562","4.580","4.580","4.562","-0.15%"
"11/18/2021","4.569","4.584","4.584","4.569","-0.13%"
"11/17/2021","4.575","4.535","4.575","4.535","0.59%"
"11/16/2021","4.548","4.541","4.549","4.537","-0.52%"
"11/15/2021","4.572","4.546","4.572","4.546","-0.80%"
"11/12/2021","4.609","4.559","4.609","4.555","1.01%"
"11/11/2021","4.563","4.567","4.567","4.563","-0.61%"
"11/10/2021","4.591","4.581","4.591","4.577","-0.02%"
"11/09/2021","4.592","4.573","4.592","4.573","-0.41%"
"11/08/2021","4.611","4.595","4.625","4.595","0.09%"
"11/05/2021","4.607","4.603","4.607","4.603","-0.09%"
"11/04/2021","4.611","4.612","4.612","4.611","-0.45%"
"11/03/2021","4.632","4.628","4.632","4.627","-0.06%"
"11/02/2021","4.635","4.605","4.635","4.605","0.41%"
"11/01/2021","4.616","4.541","4.627","4.541","-0.09%"
"10/29/2021","4.620","4.591","4.620","4.591","0.81%"
"10/28/2021","4.583","4.599","4.600","4.583","-0.65%"
"10/27/2021","4.613","4.613","4.613","4.613","0.20%"
"10/26/2021","4.604","4.614","4.618","4.604","-0.07%"
"10/25/2021","4.607","4.573","4.624","4.573","-0.09%"
"10/22/2021","4.611","4.649","4.649","4.611","-0.35%"
"10/21/2021","4.627","4.639","4.652","4.627","0.09%"
"10/19/2021","4.623","4.600","4.657","4.600","0.33%"
"10/18/2021","4.608","4.600","4.608","4.600","-0.88%"
"10/15/2021","4.649","4.598","4.658","4.598","0.74%"
"10/14/2021","4.615","4.685","4.714","4.615","-1.77%"
"10/13/2021","4.698","4.698","4.698","4.698","0.75%"
"10/12/2021","4.663","4.623","4.702","4.623","1.86%"
"10/11/2021","4.578","4.527","4.578","4.522","0.46%"
"10/08/2021","4.557","4.525","4.558","4.521","0.35%"
"10/07/2021","4.541","4.696","4.696","4.534","-2.87%"
"10/06/2021","4.675","4.627","4.709","4.627","1.39%"
"10/05/2021","4.611","4.602","4.631","4.602","0.81%"
"10/04/2021","4.574","4.531","4.606","4.531","-0.13%"
"10/01/2021","4.580","4.578","4.580","4.578","-0.07%"
"09/30/2021","4.583","4.567","4.583","4.567","0.07%"
"09/29/2021","4.580","4.580","4.580","4.580","-0.13%"
"09/28/2021","4.586","4.610","4.610","4.586","-0.63%"
"09/27/2021","4.615","4.529","4.615","4.529","0.61%"
"09/24/2021","4.587","4.601","4.601","4.587","-0.41%"
"09/23/2021","4.606","4.606","4.606","4.606","-0.28%"
"09/22/2021","4.619","4.601","4.619","4.601","0.28%"
"09/21/2021","4.606","4.648","4.648","4.606","-0.11%"
"09/20/2021","4.611","4.560","4.653","4.560","-0.07%"
"09/17/2021","4.614","4.661","4.661","4.614","-0.37%"
"09/16/2021","4.631","4.624","4.631","4.624","-0.13%"
"09/15/2021","4.637","4.637","4.637","4.637","-0.11%"
"09/14/2021","4.642","4.663","4.663","4.642","-0.30%"
"09/13/2021","4.656","4.591","4.656","4.591","0.87%"
"09/10/2021","4.616","4.616","4.616","4.616","-0.09%"
"09/09/2021","4.620","4.612","4.620","4.612","-0.09%"
"09/08/2021","4.624","4.649","4.649","4.624","-0.58%"
"09/07/2021","4.651","4.661","4.661","4.651","-0.30%"
"09/06/2021","4.665","4.642","4.665","4.642","-0.09%"
"09/03/2021","4.669","4.695","4.695","4.669","-0.24%"
"09/02/2021","4.680","4.665","4.680","4.665","-0.28%"
"09/01/2021","4.693","4.712","4.712","4.679","0.15%"
"08/31/2021","4.686","4.715","4.715","4.686","-0.02%"
"08/30/2021","4.687","4.746","4.746","4.687","0.13%"
"08/27/2021","4.681","4.744","4.744","4.681","-0.91%"
"08/26/2021","4.724","4.748","4.748","4.695","-1.15%"
"08/25/2021","4.779","4.742","4.779","4.742","-0.06%"
"08/24/2021","4.782","4.746","4.782","4.746","-0.08%"
"08/23/2021","4.786","4.542","4.786","3.978","0.67%"
"08/20/2021","4.754","4.750","4.758","4.713","-0.79%"
"08/19/2021","4.792","4.752","4.792","4.749","-0.23%"
"08/18/2021","4.803","4.845","4.845","4.803","-0.84%"
"08/17/2021","4.844","4.839","4.847","4.839","0.59%"
"08/16/2021","4.815","4.744","4.815","4.733","9.04%"
"08/13/2021","4.416","4.440","4.462","4.414","0.20%"
"08/12/2021","4.407","4.374","4.452","4.374","0.81%"
"08/11/2021","4.372","4.372","4.372","4.372","-0.74%"
"08/10/2021","4.404","4.369","4.453","4.369","-0.45%"
"08/09/2021","4.424","4.369","4.424","4.369","1.56%"
"08/06/2021","4.356","4.342","4.452","4.342","0.18%"
"08/05/2021","4.348","4.374","4.374","4.336","0.49%"
"08/04/2021","4.327","4.309","4.327","4.309","-0.60%"
"08/03/2021","4.353","4.380","4.380","4.353","-0.48%"
"08/02/2021","4.374","4.413","4.413","4.374","-0.41%"
"07/30/2021","4.392","4.403","4.403","4.392","-0.54%"
"07/29/2021","4.416","4.473","4.473","4.416","-0.59%"
"07/28/2021","4.442","4.446","4.497","4.442","-0.02%"
"07/27/2021","4.443","4.478","4.478","4.443","-0.27%"
"07/26/2021","4.455","4.436","4.455","4.436","0.34%"
"07/23/2021","4.440","4.491","4.491","4.438","-0.27%"
"07/22/2021","4.452","4.456","4.495","4.440","-0.07%"
"07/21/2021","4.455","4.488","4.488","4.455","-0.45%"
"07/19/2021","4.475","4.455","4.539","4.455","-2.34%"
"07/16/2021","4.582","4.583","4.583","4.538","-0.15%"
"07/15/2021","4.589","4.611","4.611","4.589","-0.67%"
"07/14/2021","4.620","4.570","4.620","4.554","0.20%"
"07/13/2021","4.611","4.643","4.643","4.611","-0.75%"
"07/12/2021","4.646","4.696","4.696","4.634","0.06%"
"07/09/2021","4.643","4.667","4.667","4.643","-0.56%"
"07/08/2021","4.669","4.699","4.699","4.659","-0.83%"
"07/07/2021","4.708","4.708","4.708","4.708","0.02%"
"07/06/2021","4.707","4.753","4.753","4.707","-1.01%"
"07/05/2021","4.755","4.716","4.755","4.709","0.76%"
"07/02/2021","4.719","4.719","4.719","4.719","-0.08%"
"07/01/2021","4.723","4.775","4.783","4.723","-1.25%"
"06/30/2021","4.783","4.710","4.783","4.710","1.36%"
"06/29/2021","4.719","4.698","4.722","4.698","0.38%"
"06/28/2021","4.701","4.736","4.736","4.671","0.62%"
"06/25/2021","4.672","4.731","4.731","4.672","-0.60%"
"06/24/2021","4.700","4.695","4.700","4.695","-0.09%"
"06/23/2021","4.704","4.706","4.706","4.704","-0.11%"
"06/22/2021","4.709","4.706","4.731","4.687","0.00%"
"06/21/2021","4.709","4.668","4.709","4.668","0.73%"
"06/18/2021","4.675","4.660","4.684","4.660","0.26%"
"06/17/2021","4.663","4.639","4.707","4.630","0.34%"
"06/16/2021","4.647","4.647","4.647","4.647","-0.06%"
"06/15/2021","4.650","4.626","4.663","4.626","0.45%"
"06/14/2021","4.629","4.587","4.629","4.587","-0.96%"
"06/11/2021","4.674","4.670","4.691","4.627","-0.13%"
"06/10/2021","4.680","4.825","4.825","4.675","-3.17%"
"06/09/2021","4.833","4.848","4.848","4.820","-0.35%"
"06/08/2021","4.850","4.902","4.902","4.828","-1.12%"
"06/07/2021","4.905","4.831","4.936","4.831","0.18%"
"06/04/2021","4.896","4.910","4.927","4.887","-0.35%"
"06/03/2021","4.913","4.908","4.913","4.908","-0.08%"
"06/02/2021","4.917","4.845","4.929","4.845","0.53%"
"05/31/2021","4.891","4.952","4.952","4.891","-0.95%"
"05/28/2021","4.938","5.043","5.043","4.938","-0.62%"
"05/27/2021","4.969","4.961","4.980","4.958","-0.95%"
"05/26/2021","5.016","5.016","5.016","5.016","0.65%"
"05/25/2021","4.984","5.023","5.028","4.966","-0.32%"
"05/24/2021","5.000","5.023","5.043","4.997","-0.42%"
"05/21/2021","5.021","5.046","5.075","5.015","-0.04%"
"05/20/2021","5.023","5.063","5.063","5.023","-0.95%"
"05/19/2021","5.071","5.018","5.071","4.935","1.10%"
"05/18/2021","5.016","5.018","5.053","4.935","-0.32%"
"05/17/2021","5.032","5.037","5.039","5.003","0.18%"
"05/11/2021","5.023","5.037","5.037","5.023","0.04%"
"05/10/2021","5.021","4.987","5.049","4.987","-0.44%"
"05/07/2021","5.043","5.104","5.104","5.043","-0.53%"
"05/06/2021","5.070","5.107","5.107","5.070","-0.65%"
"05/05/2021","5.103","5.139","5.139","5.103","-0.53%"
"05/04/2021","5.130","5.195","5.195","5.130","-0.18%"
"05/03/2021","5.139","5.085","5.148","5.085","-0.41%"
"04/30/2021","5.160","5.248","5.248","5.160","0.00%"
"04/29/2021","5.160","5.168","5.205","5.160","0.19%"
"04/28/2021","5.150","5.176","5.176","5.138","0.23%"
"04/27/2021","5.138","5.146","5.211","5.138","-0.68%"
"04/26/2021","5.173","5.158","5.262","5.158","0.35%"
"04/23/2021","5.155","5.163","5.246","5.155","-0.71%"
"04/22/2021","5.192","5.247","5.247","5.192","-0.31%"
"04/21/2021","5.208","5.255","5.255","5.208","-0.69%"
"04/20/2021","5.244","5.288","5.288","5.244","-0.91%"
"04/19/2021","5.292","5.213","5.308","5.213","-0.97%"
"04/16/2021","5.344","5.392","5.392","5.308","-0.30%"
"04/15/2021","5.360","5.429","5.429","5.360","-0.22%"
"04/14/2021","5.372","5.431","5.431","5.372","-0.19%"
"04/13/2021","5.382","5.342","5.421","5.342","0.88%"
"04/12/2021","5.335","5.231","5.352","5.231","1.70%"
"04/09/2021","5.246","5.258","5.294","5.240","-0.13%"
"04/08/2021","5.253","5.303","5.303","5.253","-1.22%"
"04/07/2021","5.318","5.403","5.416","5.291","-1.85%"
"04/06/2021","5.418","5.476","5.476","5.413","-0.93%"
"04/05/2021","5.469","5.570","5.570","5.457","-0.83%"
"04/01/2021","5.515","5.548","5.554","5.515","-0.07%"
"03/31/2021","5.519","5.534","5.534","5.503","0.07%"
"03/30/2021","5.515","5.514","5.515","5.495","0.22%"
"03/29/2021","5.503","5.480","5.521","5.469","-0.92%"
"03/26/2021","5.554","5.606","5.624","5.554","-0.75%"
"03/25/2021","5.596","5.644","5.644","5.596","-0.80%"
"03/24/2021","5.641","5.721","5.721","5.637","-0.41%"
"03/23/2021","5.664","5.728","5.746","5.664","-0.58%"
"03/22/2021","5.697","5.638","5.697","5.638","-0.14%"
"03/19/2021","5.705","5.708","5.752","5.705","0.30%"
"03/18/2021","5.688","5.666","5.731","5.666","0.28%"
"03/17/2021","5.672","5.656","5.673","5.656","0.32%"
"03/16/2021","5.654","5.688","5.740","5.654","-1.36%"
"03/15/2021","5.732","5.654","5.742","5.517","3.77%"
"03/12/2021","5.524","5.592","5.621","5.524","-1.22%"
"03/10/2021","5.592","5.592","5.621","5.592","-2.37%"
"03/09/2021","5.728","5.640","5.775","5.536","3.00%"
"03/08/2021","5.561","5.547","5.561","5.479","2.22%"
"03/05/2021","5.440","5.409","5.483","5.395","0.83%"
"03/04/2021","5.395","5.459","5.459","5.389","0.04%"
"03/03/2021","5.393","5.452","5.452","5.393","-0.46%"
"03/02/2021","5.418","5.488","5.488","5.418","0.04%"
"03/01/2021","5.416","5.389","5.475","5.389","-0.26%"
"02/26/2021","5.430","5.361","5.430","5.361","2.53%"
"02/25/2021","5.296","5.320","5.339","5.216","0.68%"
"02/24/2021","5.260","5.247","5.316","5.240","-0.90%"
"02/23/2021","5.308","5.147","5.338","5.147","2.57%"
"02/22/2021","5.175","5.048","5.175","5.048","-0.63%"
"02/19/2021","5.208","5.167","5.214","5.167","1.66%"
"02/18/2021","5.123","5.115","5.123","5.030","0.41%"
"02/17/2021","5.102","5.028","5.102","5.028","1.29%"
"02/16/2021","5.037","5.001","5.037","5.001","0.24%"
"02/15/2021","5.025","4.931","5.037","4.931","-0.57%"
"02/11/2021","5.054","5.048","5.060","5.045","0.08%"
"02/10/2021","5.050","5.094","5.104","5.050","-0.61%"
"02/09/2021","5.081","5.068","5.103","5.068","0.28%"
"02/08/2021","5.067","5.033","5.075","5.033","0.46%"
"02/05/2021","5.044","5.008","5.076","5.008","0.68%"
"02/04/2021","5.010","5.060","5.060","5.010","-0.60%"
"02/03/2021","5.040","5.070","5.070","5.029","0.26%"
"02/02/2021","5.027","5.092","5.092","5.027","-1.47%"
"02/01/2021","5.102","5.117","5.162","5.102","-0.66%"
"01/29/2021","5.136","5.157","5.157","5.136","-0.95%"
"01/28/2021","5.185","5.186","5.209","5.178","-0.10%"
"01/27/2021","5.190","5.213","5.213","5.190","-0.42%"
"01/26/2021","5.212","5.226","5.226","5.212","-0.19%"
"01/25/2021","5.222","5.184","5.245","5.184","-0.93%"
"01/22/2021","5.271","5.253","5.303","5.247","0.78%"
"01/21/2021","5.230","5.255","5.259","5.230","-0.17%"
"01/20/2021","5.239","5.210","5.240","5.210","0.25%"
"01/19/2021","5.226","5.209","5.232","5.209","0.62%"
"01/18/2021","5.194","5.135","5.215","5.135","0.13%"
"01/15/2021","5.187","5.144","5.193","5.144","0.41%"
"01/14/2021","5.166","5.125","5.166","5.125","0.23%"
"01/13/2021","5.154","5.069","5.154","5.069","1.70%"
"01/12/2021","5.068","5.084","5.084","5.066","1.48%"
"01/11/2021","4.994","5.087","5.087","4.994","0.06%"
"01/08/2021","4.991","4.959","5.003","4.956","0.60%"
"01/07/2021","4.961","4.961","4.961","4.961","-0.16%"
"01/06/2021","4.969","4.964","4.969","4.964","-0.76%"
"01/05/2021","5.007","4.939","5.007","4.939","1.54%"
"01/04/2021","4.931","4.942","4.958","4.913","-0.06%"
"12/30/2020","4.934","4.957","5.074","4.907","-1.18%"
"12/29/2020","4.993","4.957","5.074","4.907","0.32%"
"12/28/2020","4.977","4.957","5.074","4.907","-1.27%"
"12/23/2020","5.041","4.957","5.074","4.907","2.69%"
"12/22/2020","4.909","4.802","4.909","4.802","1.26%"
"12/21/2020","4.848","4.802","4.848","4.802","0.02%"
"12/18/2020","4.847","4.831","4.847","4.831","0.27%"
"12/17/2020","4.834","4.871","4.871","4.834","-0.66%"
"12/16/2020","4.866","4.841","4.866","4.833","-1.20%"
"12/15/2020","4.925","4.920","4.925","4.919","-0.38%"
"12/14/2020","4.944","4.940","4.944","4.934","0.18%"
"12/11/2020","4.935","4.935","4.935","4.926","0.06%"
"12/10/2020","4.932","4.787","4.940","4.787","0.59%"
"12/08/2020","4.903","4.907","4.907","4.903","-0.35%"
"12/07/2020","4.920","4.981","4.981","4.914","2.59%"
"12/04/2020","4.796","4.826","4.826","4.796","-0.75%"
"12/03/2020","4.832","4.802","4.832","4.802","0.27%"
"12/02/2020","4.819","4.896","4.926","4.819","-1.69%"
"12/01/2020","4.902","4.902","4.902","4.902","-0.10%"
"11/30/2020","4.907","5.021","5.021","4.907","1.34%"
"11/27/2020","4.842","4.842","4.842","4.842","-0.12%"
"11/26/2020","4.848","4.868","4.868","4.848","-0.76%"
"11/25/2020","4.885","4.885","4.885","4.885","-0.12%"
"11/24/2020","4.891","4.942","4.942","4.891","-1.15%"
"11/23/2020","4.948","4.809","4.959","4.809","0.94%"
"11/20/2020","4.902","4.902","4.953","4.902","-0.12%"
"11/19/2020","4.908","4.908","4.908","4.908","-0.35%"
"11/18/2020","4.925","4.927","4.927","4.925","-0.16%"
"11/17/2020","4.933","4.932","4.933","4.932","-0.10%"
"11/16/2020","4.938","4.850","4.999","4.850","0.41%"
"11/13/2020","4.918","4.953","4.953","4.918","-0.83%"
"11/12/2020","4.959","4.961","4.961","4.959","-0.38%"
"11/11/2020","4.978","4.984","4.984","4.978","2.26%"
"11/10/2020","4.868","4.884","4.884","4.868","-0.45%"
"11/09/2020","4.890","4.890","4.890","4.890","-3.89%"
"11/06/2020","5.088","5.089","5.089","5.081","-3.42%"
"11/05/2020","5.268","5.268","5.268","5.268","-0.32%"
"11/04/2020","5.285","5.288","5.288","5.285","-0.15%"
"11/03/2020","5.293","5.289","5.293","5.289","-0.21%"
"11/02/2020","5.304","5.283","5.304","5.283","2.09%"
"10/28/2020","5.195","5.195","5.195","5.195","-0.55%"
"10/27/2020","5.224","5.224","5.224","5.224","-0.11%"
"10/26/2020","5.230","5.293","5.315","5.230","-0.61%"
"10/23/2020","5.262","5.262","5.262","5.262","-0.09%"
"10/22/2020","5.267","5.267","5.267","5.267","-0.30%"
"10/21/2020","5.283","5.283","5.283","5.283","-0.09%"
"10/20/2020","5.288","4.935","5.288","4.935","7.04%"
"10/19/2020","4.940","4.491","4.940","4.491","-1.38%"
"10/16/2020","5.009","5.009","5.009","5.009","-0.10%"
"10/15/2020","5.014","5.014","5.014","5.014","-0.32%"
"10/14/2020","5.030","5.308","5.308","5.030","-5.24%"
"10/13/2020","5.308","5.303","5.311","5.303","0.00%"
"10/12/2020","5.308","5.393","5.393","5.308","-0.28%"
"10/09/2020","5.323","5.322","5.323","5.322","-0.08%"
"10/08/2020","5.327","5.326","5.327","5.326","-0.26%"
"10/07/2020","5.341","5.341","5.341","5.341","-0.11%"
"10/06/2020","5.347","5.340","5.347","5.340","0.04%"
"10/05/2020","5.345","5.429","5.429","5.345","5.26%"
"10/02/2020","5.078","5.138","5.138","5.078","-1.28%"
"10/01/2020","5.144","5.040","5.144","5.040","1.74%"
"09/30/2020","5.056","5.063","5.063","5.056","-0.24%"
"09/29/2020","5.068","5.068","5.068","5.068","-0.10%"
"09/28/2020","5.073","5.465","5.465","5.051","-1.80%"
"09/25/2020","5.166","5.165","5.166","5.165","-0.08%"
"09/24/2020","5.170","5.170","5.170","5.170","-0.31%"
"09/23/2020","5.186","5.186","5.186","5.186","-0.10%"
"09/22/2020","5.191","5.191","5.191","5.191","1.88%"
"09/21/2020","5.095","4.653","5.095","4.653","-0.14%"
"09/18/2020","5.102","5.102","5.102","5.102","-0.12%"
"09/17/2020","5.108","5.108","5.108","5.108","-0.31%"
"09/16/2020","5.124","5.124","5.124","5.124","3.08%"
"09/15/2020","4.971","4.971","4.971","4.971","5.95%"
"09/14/2020","4.692","4.692","4.692","4.692","-5.57%"
"09/11/2020","4.969","4.969","4.969","4.969","0.20%"
"09/10/2020","4.959","4.959","4.959","4.959","-1.47%"
"09/09/2020","5.033","4.984","4.984","4.984","0.96%"
"09/08/2020","4.985","4.985","4.985","4.985","-0.22%"
"09/07/2020","4.996","4.731","4.996","4.731","0.56%"
"09/04/2020","4.968","4.968","4.968","4.968","-3.94%"
"09/03/2020","5.172","5.172","5.172","5.172","-0.31%"
"09/02/2020","5.188","5.188","5.217","5.188","-0.29%"
"09/01/2020","5.203","5.193","5.203","5.185","0.04%"
"08/31/2020","5.201","5.603","5.603","5.201","1.86%"
"08/28/2020","5.106","5.106","5.106","5.092","2.78%"
"08/27/2020","4.968","4.968","5.005","4.968","1.55%"
"08/26/2020","4.892","4.892","4.892","4.875","-0.65%"
"08/25/2020","4.924","4.924","4.924","4.914","-0.36%"
"08/24/2020","4.942","4.942","4.942","4.929","-0.81%"
"08/21/2020","4.983","5.102","5.102","4.983","-5.40%"
"08/20/2020","5.267","5.315","5.315","5.267","5.28%"
"08/19/2020","5.003","5.003","5.185","4.964","-1.28%"
"08/18/2020","5.068","5.068","5.293","4.972","-2.26%"
"08/14/2020","5.185","5.240","5.253","5.177","-1.03%"
"08/13/2020","5.239","5.253","5.253","5.239","-0.34%"
"08/12/2020","5.257","5.331","5.331","5.257","0.32%"
"08/11/2020","5.240","5.307","5.307","5.234","-1.41%"
"08/10/2020","5.315","5.206","5.315","5.206","1.01%"
"08/07/2020","5.262","5.259","5.275","5.259","-0.09%"
"08/06/2020","5.267","5.316","5.316","5.267","-0.96%"
"08/05/2020","5.318","5.344","5.344","5.318","-0.39%"
"08/04/2020","5.339","5.339","5.339","5.339","-0.17%"
"08/03/2020","5.348","5.405","5.638","5.348","-0.78%"
"07/30/2020","5.390","5.315","5.404","5.315","1.20%"
"07/29/2020","5.326","5.337","5.498","5.307","-0.54%"
"07/28/2020","5.355","5.355","5.355","5.355","-0.15%"
"07/27/2020","5.363","5.428","5.428","5.363","0.11%"
"07/24/2020","5.357","5.641","5.641","5.357","-5.07%"
"07/23/2020","5.643","5.657","5.657","5.643","-0.28%"
"07/22/2020","5.659","5.926","5.926","5.659","-4.46%"
"07/21/2020","5.923","5.971","5.971","5.919","-0.65%"
"07/20/2020","5.962","5.798","5.971","5.798","-1.09%"
"07/17/2020","6.028","6.023","6.028","6.015","2.83%"
"07/16/2020","5.862","5.894","5.927","5.862","-0.58%"
"07/15/2020","5.896","5.933","5.933","5.876","0.48%"
"07/14/2020","5.868","5.952","5.962","5.868","-1.41%"
"07/13/2020","5.952","5.854","5.952","5.854","-0.65%"
"07/10/2020","5.991","6.015","6.015","5.991","-0.40%"
"07/09/2020","6.015","6.122","6.122","6.015","-1.75%"
"07/08/2020","6.122","6.191","6.191","6.122","-0.70%"
"07/07/2020","6.165","6.197","6.197","6.165","-0.06%"
"07/06/2020","6.169","6.028","6.169","6.028","-0.39%"
"07/03/2020","6.193","6.255","6.255","6.193","-0.98%"
"07/02/2020","6.254","6.209","6.254","6.209","0.76%"
"07/01/2020","6.207","6.201","6.240","6.188","0.29%"
"06/30/2020","6.189","6.045","6.201","6.045","0.90%"
"06/29/2020","6.134","6.103","6.195","6.103","-1.98%"
"06/26/2020","6.258","6.284","6.284","6.258","0.02%"
"06/25/2020","6.257","6.316","6.316","6.257","-0.82%"
"06/24/2020","6.309","6.379","6.379","6.309","-0.76%"
"06/23/2020","6.357","6.313","6.357","6.313","0.70%"
"06/22/2020","6.313","6.197","6.323","6.183","0.80%"
"06/19/2020","6.263","6.429","6.429","6.263","-1.91%"
"06/18/2020","6.385","6.346","6.390","6.326","0.65%"
"06/17/2020","6.344","6.459","6.459","6.344","-1.49%"
"06/16/2020","6.440","6.471","6.471","6.440","-0.06%"
"06/15/2020","6.444","6.580","6.580","6.444","0.42%"
"06/12/2020","6.417","6.431","6.431","6.393","-0.03%"
"06/11/2020","6.419","6.535","6.535","6.419","-1.58%"
"06/10/2020","6.522","6.461","6.632","6.461","0.51%"
"06/09/2020","6.489","6.392","6.489","6.392","2.50%"
"06/08/2020","6.331","6.286","6.377","6.286","0.27%"
"06/05/2020","6.314","6.372","6.372","6.314","-0.16%"
"06/04/2020","6.324","6.347","6.369","6.247","-0.39%"
"06/03/2020","6.349","6.507","6.507","6.349","-2.47%"
"06/02/2020","6.510","6.822","6.822","6.510","-0.06%"
"05/29/2020","6.514","6.551","6.551","6.514","0.11%"
"05/28/2020","6.507","6.503","6.507","6.483","0.43%"
"05/27/2020","6.479","6.615","6.615","6.479","-1.88%"
"05/26/2020","6.603","6.474","6.647","6.474","-3.01%"
"05/25/2020","6.808","6.808","6.808","6.808","0.00%"
"05/23/2020","6.808","6.808","6.808","6.808","2.48%"
"05/20/2020","6.643","6.775","6.775","6.643","-1.95%"
"05/19/2020","6.775","6.865","6.865","6.775","0.07%"
"05/18/2020","6.770","6.808","6.943","6.770","-0.88%"
"05/15/2020","6.830","6.961","6.961","6.830","-0.80%"
"05/14/2020","6.885","6.979","6.979","6.885","-1.05%"
"05/13/2020","6.958","7.001","7.033","6.958","-0.03%"
"05/12/2020","6.960","7.008","7.008","6.960","-1.16%"
"05/11/2020","7.042","6.839","7.042","6.839","1.08%"
"05/08/2020","6.967","7.029","7.029","6.967","-0.74%"
"05/06/2020","7.019","7.101","7.101","6.983","-0.99%"
"05/05/2020","7.089","6.834","7.129","6.834","3.61%"
"05/04/2020","6.842","6.832","6.842","6.832","-0.61%"
"04/30/2020","6.884","6.947","6.947","6.884","-1.33%"
"04/29/2020","6.977","6.992","7.051","6.977","0.94%"
"04/28/2020","6.912","6.901","6.920","6.901","0.70%"
"04/27/2020","6.864","6.824","6.864","6.785","1.02%"
"04/24/2020","6.795","6.806","6.806","6.795","0.55%"
"04/23/2020","6.758","6.784","6.785","6.758","0.03%"
"04/22/2020","6.756","6.731","6.781","6.731","0.61%"
"04/21/2020","6.715","6.780","6.780","6.715","-0.94%"
"04/20/2020","6.779","6.817","6.840","6.779","-1.37%"
"04/17/2020","6.873","6.785","6.873","6.785","1.04%"
"04/16/2020","6.802","6.845","6.845","6.777","-1.43%"
"04/15/2020","6.901","7.055","7.056","6.901","-2.31%"
"04/14/2020","7.064","7.091","7.091","7.060","-0.03%"
"04/13/2020","7.066","6.996","7.072","6.996","0.20%"
"04/09/2020","7.052","7.020","7.066","7.020","1.10%"
"04/08/2020","6.975","6.975","6.975","6.975","-0.37%"
"04/07/2020","7.001","6.908","7.001","6.908","1.07%"
"04/06/2020","6.927","7.025","7.025","6.881","0.42%"
"04/03/2020","6.898","6.824","6.898","6.824","1.94%"
"04/02/2020","6.767","6.823","6.823","6.767","0.46%"
"04/01/2020","6.736","6.705","6.736","6.695","0.48%"
"03/31/2020","6.704","6.704","6.704","6.704","0.46%"
"03/30/2020","6.673","6.612","6.673","6.312","1.65%"
"03/27/2020","6.565","6.489","6.565","6.459","0.11%"
"03/26/2020","6.558","6.783","6.783","6.489","-2.31%"
"03/24/2020","6.713","6.516","6.713","6.516","3.02%"
"03/23/2020","6.516","5.976","6.516","5.976","2.07%"
"03/20/2020","6.384","6.154","6.397","6.154","3.82%"
"03/19/2020","6.149","6.142","6.154","6.142","0.34%"
"03/18/2020","6.128","6.004","6.128","6.004","3.08%"
"03/17/2020","5.945","5.917","5.945","5.901","1.16%"
"03/16/2020","5.877","5.974","5.974","5.859","2.82%"
"03/13/2020","5.716","5.617","5.760","5.572","-0.59%"
"03/12/2020","5.750","5.622","5.858","5.564","2.42%"
"03/11/2020","5.614","5.622","5.622","5.614","0.25%"
"03/10/2020","5.600","5.674","5.674","5.600","-0.39%"
"03/09/2020","5.622","5.449","5.622","5.399","3.67%"
"03/06/2020","5.423","5.345","5.423","5.345","1.46%"
"03/05/2020","5.345","5.483","5.483","5.345","-3.49%"
"03/04/2020","5.538","5.535","5.629","5.535","-1.81%"
"03/03/2020","5.640","5.535","5.763","5.535","2.73%"
"03/02/2020","5.490","5.622","5.622","5.490","-2.16%"
"02/28/2020","5.611","5.501","5.611","5.501","2.84%"
"02/27/2020","5.456","5.478","5.478","5.456","-0.15%"
"02/26/2020","5.464","5.478","5.478","5.464","0.37%"
"02/25/2020","5.444","5.461","5.461","5.437","0.09%"
"02/24/2020","5.439","5.467","5.467","5.434","0.78%"
"02/21/2020","5.397","5.421","5.421","5.362","-0.11%"
"02/20/2020","5.403","5.445","5.445","5.403","-0.88%"
"02/19/2020","5.451","5.530","5.530","5.451","-1.09%"
"02/18/2020","5.511","5.582","5.582","5.511","-1.27%"
"02/17/2020","5.582","5.468","5.582","5.468","0.59%"
"02/14/2020","5.549","5.570","5.570","5.545","-0.02%"
"02/13/2020","5.550","5.593","5.610","5.550","-0.80%"
"02/12/2020","5.595","5.656","5.656","5.595","-1.08%"
"02/11/2020","5.656","5.701","5.701","5.656","-0.30%"
"02/10/2020","5.673","5.622","5.681","5.622","-0.02%"
"02/07/2020","5.674","5.690","5.690","5.674","-0.12%"
"02/06/2020","5.681","5.707","5.707","5.681","-0.25%"
"02/05/2020","5.695","5.724","5.724","5.695","-0.59%"
"02/04/2020","5.729","5.763","5.763","5.729","-0.10%"
"02/03/2020","5.735","5.689","5.735","5.667","1.09%"
"01/31/2020","5.673","5.667","5.673","5.655","0.16%"
"01/30/2020","5.664","5.667","5.681","5.664","-0.23%"
"01/29/2020","5.677","5.819","5.819","5.677","-2.19%"
"01/28/2020","5.804","5.836","5.853","5.804","0.38%"
"01/27/2020","5.782","5.622","5.782","5.622","2.26%"
"01/24/2020","5.654","5.640","5.665","5.640","-1.38%"
"01/23/2020","5.733","5.892","5.892","5.733","-2.68%"
"01/22/2020","5.891","5.914","5.914","5.891","0.12%"
"01/21/2020","5.884","5.908","5.924","5.884","-0.14%"
"01/20/2020","5.892","5.824","5.900","5.824","-0.17%"
"01/17/2020","5.902","5.919","5.919","5.902","-0.47%"
"01/16/2020","5.930","5.986","5.986","5.930","-3.14%"
"01/15/2020","6.122","6.131","6.131","6.122","0.07%"
"01/14/2020","6.118","6.126","6.128","6.102","0.16%"
"01/13/2020","6.108","6.131","6.131","6.053","-0.38%"
"01/10/2020","6.131","6.075","6.131","6.041","0.59%"
"01/09/2020","6.095","6.129","6.129","6.091","-1.04%"
"01/08/2020","6.159","6.146","6.159","6.135","0.26%"
"01/07/2020","6.143","6.185","6.188","6.143","-0.87%"
"01/06/2020","6.197","6.106","6.197","5.975","-0.10%"
"01/03/2020","6.203","6.187","6.203","6.184","0.19%"
"01/02/2020","6.191","6.194","6.220","6.190","-0.95%"
"01/01/2020","6.251","6.226","6.251","6.226","0.78%"
"12/31/2019","6.202","6.124","6.241","6.075","-0.62%"
"12/30/2019","6.241","6.124","6.241","6.075","0.34%"
"12/27/2019","6.220","6.205","6.238","6.187","-0.24%"
"12/26/2019","6.235","6.301","6.306","6.178","0.31%"
"12/25/2019","6.216","6.216","6.216","6.216","0.00%"
"12/24/2019","6.216","6.217","6.217","6.216","0.15%"
"12/23/2019","6.207","6.357","6.435","6.203","-0.34%"
"12/20/2019","6.228","6.202","6.232","6.193","-0.38%"
"12/19/2019","6.252","6.234","6.252","6.228","-0.06%"
"12/18/2019","6.256","6.265","6.278","6.256","-0.19%"
"12/17/2019","6.268","6.235","6.272","6.232","0.13%"
"12/16/2019","6.260","6.264","6.273","6.178","0.53%"
"12/13/2019","6.227","6.266","6.268","6.196","-0.40%"
"12/12/2019","6.252","6.253","6.260","6.246","-0.19%"
"12/11/2019","6.264","6.256","6.277","6.254","0.08%"
"12/10/2019","6.259","6.244","6.259","6.243","0.18%"
"12/09/2019","6.248","6.140","6.267","6.069","-0.05%"
"12/06/2019","6.251","6.245","6.269","6.241","-0.18%"
"12/05/2019","6.262","6.239","6.262","6.237","-0.03%"
"12/04/2019","6.264","6.247","6.279","6.242","0.16%"
"12/03/2019","6.254","6.247","6.266","6.247","0.08%"
"12/02/2019","6.249","6.169","6.255","6.142","0.06%"
"11/29/2019","6.245","6.213","6.245","6.213","0.24%"
"11/28/2019","6.230","6.182","6.230","6.180","-0.18%"
"11/27/2019","6.241","6.228","6.247","6.228","-0.98%"
"11/26/2019","6.303","6.248","6.303","6.202","0.05%"
"11/25/2019","6.300","6.171","6.356","6.126","0.21%"
"11/22/2019","6.287","6.238","6.291","6.236","-0.05%"
"11/21/2019","6.290","6.249","6.293","6.246","-0.25%"
"11/20/2019","6.306","6.318","6.362","6.271","-0.76%"
"11/19/2019","6.354","6.304","6.367","6.294","1.03%"
"11/18/2019","6.289","6.225","6.500","6.221","0.75%"
"11/15/2019","6.242","6.244","6.261","6.238","-0.40%"
"11/14/2019","6.267","6.243","6.281","6.242","0.30%"
"11/13/2019","6.248","6.240","6.248","6.231","0.05%"
"11/12/2019","6.245","6.240","6.245","6.240","0.16%"
"11/11/2019","6.235","6.062","6.256","5.938","-0.34%"
"11/08/2019","6.256","6.256","6.256","6.256","0.00%"
"11/07/2019","6.256","6.245","6.256","6.242","0.02%"
"11/06/2019","6.255","6.280","6.327","6.255","-0.84%"
"11/05/2019","6.308","6.289","6.312","6.284","0.05%"
"11/04/2019","6.305","6.247","6.305","6.247","-0.16%"
"11/01/2019","6.315","6.298","6.315","6.298","-0.08%"
"10/31/2019","6.320","6.335","6.356","6.320","-0.80%"
"10/30/2019","6.371","6.353","6.371","6.341","-0.30%"
"10/29/2019","6.390","6.362","6.405","6.362","-0.20%"
"10/28/2019","6.403","6.288","6.403","6.242","-0.03%"
"10/25/2019","6.405","6.398","6.405","6.390","-0.17%"
"10/24/2019","6.416","6.436","6.445","6.416","-0.85%"
"10/23/2019","6.471","6.456","6.476","6.456","0.15%"
"10/22/2019","6.461","6.462","6.464","6.445","-0.02%"
"10/21/2019","6.462","6.473","6.482","6.459","-0.08%"
"10/18/2019","6.467","6.468","6.472","6.467","-0.08%"
"10/17/2019","6.472","6.525","6.525","6.453","-0.95%"
"10/16/2019","6.534","6.529","6.534","6.529","0.08%"
"10/15/2019","6.529","6.547","6.553","6.529","-0.12%"
"10/14/2019","6.537","6.518","6.574","6.503","0.41%"
"10/11/2019","6.510","6.609","6.609","6.510","-1.56%"
"10/10/2019","6.613","6.607","6.613","6.605","-0.03%"
"10/09/2019","6.615","6.611","6.615","6.610","0.00%"
"10/08/2019","6.615","6.628","6.628","6.605","-0.26%"
"10/07/2019","6.632","6.721","6.721","6.632","-0.15%"
"10/04/2019","6.642","6.635","6.642","6.633","-0.23%"
"10/03/2019","6.657","6.635","6.657","6.635","0.20%"
"10/02/2019","6.644","6.659","6.663","6.644","-0.08%"
"10/01/2019","6.649","6.599","6.673","6.599","0.70%"
"09/30/2019","6.603","6.393","6.674","6.333","-0.12%"
"09/27/2019","6.611","6.596","6.611","6.594","0.12%"
"09/26/2019","6.603","6.534","6.633","6.533","0.78%"
"09/25/2019","6.552","6.545","6.552","6.538","0.24%"
"09/24/2019","6.536","6.532","6.540","6.531","0.00%"
"09/23/2019","6.536","6.429","6.563","6.429","0.03%"
"09/20/2019","6.534","6.534","6.537","6.534","-0.06%"
"09/19/2019","6.538","6.538","6.540","6.537","-0.12%"
"09/18/2019","6.546","6.539","6.546","6.537","0.02%"
"09/17/2019","6.545","6.525","6.592","6.520","-1.92%"
"09/16/2019","6.673","6.513","6.769","6.254","1.31%"
"09/13/2019","6.587","6.587","6.587","6.587","-0.29%"
"09/12/2019","6.606","6.589","6.606","6.586","-0.36%"
"09/11/2019","6.630","6.585","6.630","6.585","0.12%"
"09/10/2019","6.622","6.594","6.622","6.594","0.39%"
"09/09/2019","6.596","6.555","6.629","6.492","-0.17%"
"09/06/2019","6.607","6.596","6.625","6.596","0.11%"
"09/05/2019","6.600","6.611","6.623","6.600","-0.57%"
"09/04/2019","6.638","6.634","6.638","6.633","-0.06%"
"09/03/2019","6.642","6.622","6.642","6.621","0.17%"
"09/02/2019","6.631","6.637","6.680","6.626","0.05%"
"08/30/2019","6.628","6.601","6.647","6.601","0.33%"
"08/29/2019","6.606","6.574","6.634","6.573","0.36%"
"08/28/2019","6.582","6.573","6.582","6.572","0.08%"
"08/27/2019","6.577","6.560","6.581","6.560","0.23%"
"08/26/2019","6.562","6.554","6.599","6.499","-0.38%"
"08/23/2019","6.587","6.604","6.604","6.581","-0.30%"
"08/22/2019","6.607","6.705","6.735","6.589","-0.65%"
"08/21/2019","6.650","6.763","6.763","6.560","-1.73%"
"08/20/2019","6.767","6.719","6.767","6.688","3.38%"
"08/19/2019","6.546","6.590","6.590","6.546","-1.15%"
"08/16/2019","6.622","6.594","6.638","6.594","0.44%"
"08/15/2019","6.593","6.595","6.595","6.593","-0.23%"
"08/14/2019","6.608","6.603","6.608","6.603","0.24%"
"08/13/2019","6.592","6.599","6.599","6.592","-0.09%"
"08/12/2019","6.598","6.752","6.752","6.571","0.14%"
"08/09/2019","6.589","6.687","6.687","6.589","-2.43%"
"08/08/2019","6.753","6.738","6.753","6.738","0.03%"
"08/07/2019","6.751","6.691","6.811","6.691","0.61%"
"08/06/2019","6.710","6.592","6.710","6.592","1.31%"
"08/05/2019","6.623","6.394","6.623","6.394","0.20%"
"08/02/2019","6.610","6.587","6.610","6.586","0.43%"
"08/01/2019","6.582","6.423","6.582","6.423","2.43%"
"07/31/2019","6.426","6.360","6.426","6.360","0.56%"
"07/30/2019","6.390","6.356","6.390","6.356","0.82%"
"07/29/2019","6.338","6.401","6.401","6.338","0.36%"
"07/26/2019","6.315","6.354","6.354","6.315","-0.66%"
"07/25/2019","6.357","6.345","6.357","6.325","0.43%"
"07/24/2019","6.330","6.285","6.330","6.282","1.33%"
"07/23/2019","6.247","6.251","6.251","6.208","0.50%"
"07/22/2019","6.216","6.404","6.404","6.216","0.10%"
"07/19/2019","6.210","6.239","6.259","6.210","0.03%"
"07/18/2019","6.208","6.240","6.240","6.208","0.37%"
"07/17/2019","6.185","6.235","6.235","6.165","0.08%"
"07/16/2019","6.180","6.405","6.405","6.169","-2.43%"
"07/15/2019","6.334","6.406","6.536","6.334","-1.40%"
"07/12/2019","6.424","6.582","6.582","6.424","-1.89%"
"07/11/2019","6.548","6.685","6.695","6.548","-1.40%"
"07/10/2019","6.641","6.687","6.707","6.641","0.23%"
"07/09/2019","6.626","6.742","6.742","6.626","-1.18%"
"07/08/2019","6.705","6.602","6.739","6.602","-0.16%"
"07/05/2019","6.716","6.804","6.804","6.716","-1.10%"
"07/04/2019","6.791","6.857","6.857","6.791","-1.18%"
"07/03/2019","6.872","6.912","6.937","6.872","0.09%"
"07/02/2019","6.866","6.913","6.913","6.866","0.07%"
"07/01/2019","6.861","7.133","7.133","6.861","0.29%"
"06/28/2019","6.841","6.972","6.972","6.841","-1.23%"
"06/27/2019","6.926","6.972","6.972","6.926","0.26%"
"06/26/2019","6.908","6.943","6.943","6.908","-0.70%"
"06/25/2019","6.957","6.995","6.995","6.957","0.10%"
"06/24/2019","6.950","7.132","7.132","6.937","-1.21%"
"06/21/2019","7.035","7.006","7.059","7.006","1.02%"
"06/20/2019","6.964","7.045","7.045","6.964","-1.46%"
"06/19/2019","7.067","7.143","7.143","7.067","-0.53%"
"06/18/2019","7.105","7.129","7.129","7.105","-0.08%"
"06/17/2019","7.111","7.150","7.176","7.111","-0.45%"
"06/14/2019","7.143","7.184","7.184","7.143","-0.45%"
"06/13/2019","7.175","7.184","7.184","7.175","0.24%"
"06/12/2019","7.158","7.185","7.185","7.158","-0.56%"
"06/11/2019","7.198","7.269","7.269","7.198","-0.57%"
"06/10/2019","7.239","7.287","7.299","7.239","-1.55%"
"05/31/2019","7.353","7.411","7.411","7.353","-0.37%"
"05/29/2019","7.380","7.307","7.380","7.307","1.19%"
"05/28/2019","7.293","7.300","7.300","7.293","-0.05%"
"05/27/2019","7.297","7.417","7.417","7.286","-0.86%"
"05/24/2019","7.360","7.379","7.379","7.360","-0.26%"
"05/23/2019","7.379","7.393","7.393","7.379","-0.08%"
"05/22/2019","7.385","7.380","7.385","7.380","0.07%"
"05/21/2019","7.380","7.390","7.390","7.380","-0.09%"
"05/20/2019","7.387","7.000","7.441","7.000","0.67%"
"05/17/2019","7.338","7.273","7.365","7.273","1.63%"
"05/16/2019","7.220","7.177","7.220","7.177","0.36%"
"05/15/2019","7.194","7.230","7.263","7.194","-0.92%"
"05/14/2019","7.261","7.179","7.261","7.179","0.96%"
"05/13/2019","7.192","7.188","7.200","7.100","-0.64%"
"05/10/2019","7.238","7.238","7.238","7.236","0.17%"
"05/09/2019","7.226","7.238","7.238","7.226","0.00%"
"05/08/2019","7.226","7.238","7.240","7.226","0.70%"
"05/07/2019","7.176","7.155","7.176","7.144","0.53%"
"05/06/2019","7.138","7.001","7.160","7.001","0.34%"
"05/03/2019","7.114","7.123","7.123","7.089","0.79%"
"05/02/2019","7.058","7.041","7.058","7.041","0.06%"
"04/30/2019","7.054","7.044","7.054","7.023","0.17%"
"04/29/2019","7.042","7.035","7.076","7.035","-0.44%"
"04/26/2019","7.073","7.058","7.073","7.054","0.18%"
"04/25/2019","7.060","7.026","7.060","7.019","0.47%"
"04/24/2019","7.027","7.012","7.027","7.012","0.23%"
"04/23/2019","7.011","6.990","7.011","6.979","0.00%"
"04/22/2019","7.011","6.999","7.015","6.989","-0.20%"
"04/18/2019","7.025","7.036","7.036","7.011","0.11%"
"04/16/2019","7.017","7.037","7.037","7.008","-0.01%"
"04/15/2019","7.018","7.015","7.055","7.014","-0.64%"
"04/12/2019","7.063","7.084","7.084","7.062","-0.08%"
"04/11/2019","7.069","7.093","7.093","7.056","-0.13%"
"04/10/2019","7.078","7.095","7.095","7.070","0.13%"
"04/09/2019","7.069","7.075","7.093","7.069","0.28%"
"04/08/2019","7.049","7.071","7.071","7.030","-0.06%"
"04/05/2019","7.053","7.048","7.053","7.046","0.16%"
"04/04/2019","7.042","7.048","7.048","7.042","-0.01%"
"04/02/2019","7.043","7.045","7.047","7.043","-0.10%"
"04/01/2019","7.050","7.068","7.068","7.036","0.09%"
"03/29/2019","7.044","7.050","7.050","7.036","-0.06%"
"03/28/2019","7.048","7.027","7.048","7.018","0.51%"
"03/27/2019","7.012","6.973","7.012","6.973","0.30%"
"03/26/2019","6.991","7.001","7.016","6.991","-0.01%"
"03/25/2019","6.992","6.961","6.992","6.938","0.24%"
"03/22/2019","6.975","7.033","7.033","6.973","-0.64%"
"03/21/2019","7.020","7.083","7.083","7.020","-0.69%"
"03/20/2019","7.069","7.102","7.102","7.066","-0.16%"
"03/19/2019","7.080","7.125","7.125","7.079","-0.49%"
"03/18/2019","7.115","7.102","7.115","7.083","0.13%"
"03/15/2019","7.106","7.152","7.152","7.106","-0.49%"
"03/14/2019","7.141","7.198","7.198","7.138","-1.05%"
"03/13/2019","7.217","7.282","7.282","7.217","-0.85%"
"03/12/2019","7.279","7.300","7.300","7.279","-0.33%"
"03/11/2019","7.303","7.264","7.303","7.264","0.10%"
"03/08/2019","7.296","7.233","7.296","7.227","0.87%"
"03/06/2019","7.233","7.220","7.233","7.204","0.21%"
"03/05/2019","7.218","7.216","7.218","7.201","0.19%"
"03/04/2019","7.204","7.172","7.216","7.172","0.07%"
"03/01/2019","7.199","7.225","7.243","7.199","-0.28%"
"02/28/2019","7.219","7.247","7.247","7.211","-0.26%"
"02/27/2019","7.238","7.274","7.274","7.233","-1.01%"
"02/26/2019","7.312","7.332","7.341","7.312","-0.41%"
"02/25/2019","7.342","7.297","7.351","7.297","-1.17%"
"02/22/2019","7.429","7.448","7.468","7.429","-0.32%"
"02/21/2019","7.453","7.461","7.461","7.437","-0.01%"
"02/20/2019","7.454","7.484","7.484","7.454","-0.43%"
"02/19/2019","7.486","7.489","7.489","7.483","-0.15%"
"02/18/2019","7.497","7.489","7.497","7.459","-0.05%"
"02/15/2019","7.501","7.471","7.501","7.462","0.37%"
"02/14/2019","7.473","7.444","7.473","7.420","1.99%"
"02/13/2019","7.327","7.360","7.360","7.327","-0.08%"
"02/12/2019","7.333","7.360","7.360","7.326","-0.12%"
"02/11/2019","7.342","7.605","7.605","7.342","-0.29%"
"02/08/2019","7.363","7.421","7.421","7.363","-0.84%"
"02/07/2019","7.425","7.439","7.444","7.425","-0.83%"
"02/06/2019","7.487","7.501","7.506","7.462","-0.23%"
"02/04/2019","7.504","7.636","7.636","7.504","-0.09%"
"02/01/2019","7.511","7.525","7.525","7.511","-0.32%"
"01/31/2019","7.535","7.551","7.551","7.535","-0.41%"
"01/30/2019","7.566","7.563","7.566","7.563","-0.08%"
"01/29/2019","7.572","7.561","7.572","7.561","-0.16%"
"01/28/2019","7.584","7.678","7.678","7.545","0.09%"
"01/25/2019","7.577","7.577","7.577","7.577","-0.43%"
"01/24/2019","7.610","7.580","7.610","7.580","-0.26%"
"01/23/2019","7.630","7.600","7.630","7.596","0.05%"
"01/22/2019","7.626","7.568","7.626","7.568","1.07%"
"01/21/2019","7.545","7.715","7.715","7.545","-1.01%"
"01/18/2019","7.622","7.607","7.632","7.607","-0.17%"
"01/17/2019","7.635","7.610","7.635","7.610","-0.09%"
"01/16/2019","7.642","7.614","7.642","7.614","0.28%"
"01/15/2019","7.621","7.603","7.621","7.603","0.09%"
"01/14/2019","7.614","7.749","7.749","7.606","-0.29%"
"01/11/2019","7.636","7.634","7.636","7.634","-0.07%"
"01/10/2019","7.641","7.641","7.641","7.641","-0.17%"
"01/09/2019","7.654","7.640","7.654","7.640","0.09%"
"01/08/2019","7.647","7.655","7.655","7.647","-0.14%"
"01/07/2019","7.658","7.786","7.786","7.658","0.08%"
"01/04/2019","7.652","7.652","7.652","7.652","-0.05%"
"01/03/2019","7.656","7.649","7.656","7.649","-0.13%"
"01/02/2019","7.666","7.663","7.701","7.663","0.00%"
"12/31/2018","7.666","7.605","7.815","7.605","0.13%"
"12/28/2018","7.656","7.605","7.656","7.605","0.56%"
"12/27/2018","7.613","7.571","7.613","7.571","0.24%"
"12/26/2018","7.595","7.845","7.845","7.560","0.37%"
"12/21/2018","7.567","7.557","7.567","7.557","0.09%"
"12/20/2018","7.560","7.559","7.560","7.559","-0.34%"
"12/19/2018","7.586","7.583","7.586","7.583","0.00%"
"12/18/2018","7.586","7.588","7.588","7.586","-0.12%"
"12/17/2018","7.595","7.890","7.890","7.595","-0.01%"
"12/14/2018","7.596","7.596","7.596","7.596","-0.11%"
"12/13/2018","7.604","7.607","7.607","7.604","-0.20%"
"12/12/2018","7.619","7.618","7.619","7.618","-0.07%"
"12/11/2018","7.624","7.631","7.631","7.624","-0.13%"
"12/10/2018","7.634","7.920","7.920","7.634","-0.01%"
"12/07/2018","7.635","7.628","7.635","7.628","0.07%"
"12/06/2018","7.630","7.623","7.630","7.623","-0.12%"
"12/05/2018","7.639","7.639","7.639","7.639","-0.04%"
"12/04/2018","7.642","7.643","7.643","7.642","-0.09%"
"12/03/2018","7.649","7.952","7.952","7.649","0.96%"
"11/30/2018","7.576","7.653","7.653","7.576","-0.34%"
"11/29/2018","7.602","7.667","7.667","7.597","-0.24%"
"11/28/2018","7.620","7.671","7.683","7.620","-0.03%"
"11/27/2018","7.622","7.691","7.691","7.622","-0.51%"
"11/26/2018","7.661","7.979","7.979","7.661","0.09%"
"11/23/2018","7.654","7.694","7.694","7.654","0.10%"
"11/22/2018","7.646","7.701","7.704","7.646","-0.91%"
"11/21/2018","7.716","7.729","7.729","7.711","0.27%"
"11/19/2018","7.695","8.003","8.003","7.695","-0.61%"
"11/16/2018","7.742","7.740","7.742","7.740","0.44%"
"11/15/2018","7.708","7.734","7.746","7.705","0.13%"
"11/14/2018","7.698","7.726","7.747","7.698","0.22%"
"11/13/2018","7.681","7.758","7.758","7.667","-1.02%"
"11/12/2018","7.760","8.036","8.036","7.669","1.90%"
"11/09/2018","7.615","7.597","7.615","7.587","-0.86%"
"11/08/2018","7.681","7.917","7.917","7.600","-0.71%"
"11/07/2018","7.736","7.917","7.917","7.736","-1.46%"
"11/06/2018","7.851","7.919","7.919","7.851","-0.37%"
"11/05/2018","7.880","8.067","8.067","7.880","0.04%"
"11/02/2018","7.877","7.927","7.927","7.873","-0.39%"
"11/01/2018","7.908","7.933","7.933","7.879","0.33%"
"10/31/2018","7.882","7.944","7.944","7.882","-0.84%"
"10/30/2018","7.949","7.950","7.950","7.884","-0.29%"
"10/29/2018","7.972","8.093","8.093","7.972","0.09%"
"10/26/2018","7.965","8.139","8.139","7.965","0.21%"
"10/25/2018","7.948","7.960","7.960","7.914","-0.26%"
"10/24/2018","7.969","7.975","7.975","7.881","-0.83%"
"10/23/2018","8.036","7.977","8.036","7.977","0.00%"
"10/22/2018","8.036","8.163","8.163","7.975","0.42%"
"10/19/2018","8.002","7.985","8.002","7.941","0.15%"
"10/18/2018","7.990","7.991","7.991","7.961","-1.38%"
"10/17/2018","8.102","8.001","8.102","8.001","0.30%"
"10/16/2018","8.078","8.007","8.078","8.007","0.11%"
"10/15/2018","8.069","8.108","8.148","8.069","0.51%"
"10/12/2018","8.028","7.806","8.028","7.806","2.66%"
"10/11/2018","7.820","7.722","7.820","7.667","0.54%"
"10/10/2018","7.778","7.737","7.778","7.737","-0.65%"
"10/09/2018","7.829","7.739","7.829","7.704","-0.22%"
"10/08/2018","7.846","7.745","7.980","7.745","0.63%"
"10/05/2018","7.797","7.748","7.797","7.718","0.21%"
"10/04/2018","7.781","7.754","7.781","7.754","0.04%"
"10/03/2018","7.778","7.765","7.778","7.765","-0.56%"
"10/02/2018","7.822","7.771","7.839","7.771","0.04%"
"10/01/2018","7.819","8.242","8.242","7.819","-0.48%"
"09/28/2018","7.857","7.779","7.857","7.779","-0.42%"
"09/27/2018","7.890","7.878","7.914","7.878","-0.75%"
"09/26/2018","7.950","7.796","7.950","7.796","0.99%"
"09/25/2018","7.872","7.798","7.872","7.787","-0.56%"
"09/24/2018","7.916","8.231","8.231","7.916","-1.47%"
"09/21/2018","8.034","8.000","8.162","8.000","0.27%"
"09/20/2018","8.012","8.017","8.017","8.012","-0.46%"
"09/19/2018","8.049","8.016","8.049","8.016","0.06%"
"09/18/2018","8.044","8.022","8.044","8.022","0.10%"
"09/17/2018","8.036","8.024","8.036","7.908","-0.14%"
"09/14/2018","8.047","8.030","8.047","8.022","0.10%"
"09/13/2018","8.039","7.801","8.039","7.801","0.50%"
"09/12/2018","7.999","8.045","8.045","7.930","-1.08%"
"09/10/2018","8.086","8.047","8.118","7.932","-0.36%"
"09/07/2018","8.115","8.053","8.115","8.053","1.50%"
"09/06/2018","7.995","8.157","8.157","7.939","2.64%"
"09/05/2018","7.789","7.786","7.789","7.505","1.55%"
"09/04/2018","7.670","7.887","7.887","7.532","1.47%"
"09/03/2018","7.559","7.851","7.851","7.446","1.93%"
"08/31/2018","7.416","7.331","7.529","7.238","1.41%"
"08/30/2018","7.313","7.334","7.334","7.304","-0.14%"
"08/29/2018","7.323","7.349","7.349","7.285","-0.29%"
"08/28/2018","7.344","7.311","7.344","7.311","0.07%"
"08/27/2018","7.339","7.174","7.339","7.174","0.29%"
"08/24/2018","7.318","7.361","7.361","7.309","0.27%"
"08/23/2018","7.298","7.367","7.367","7.269","-0.16%"
"08/21/2018","7.310","7.287","7.324","7.277","0.61%"
"08/20/2018","7.266","7.201","7.266","7.201","0.03%"
"08/16/2018","7.264","7.302","7.302","7.264","0.80%"
"08/15/2018","7.206","7.107","7.206","7.107","-1.25%"
"08/14/2018","7.297","7.140","7.297","7.140","1.11%"
"08/13/2018","7.217","7.549","7.549","7.201","-1.23%"
"08/10/2018","7.307","6.968","7.307","6.968","1.08%"
"08/09/2018","7.229","7.247","7.298","7.229","-2.13%"
"08/08/2018","7.386","7.258","7.413","7.258","0.76%"
"08/07/2018","7.330","7.265","7.330","7.265","-0.37%"
"08/06/2018","7.357","7.267","7.422","7.267","-0.57%"
"08/03/2018","7.399","7.274","7.399","7.274","0.98%"
"08/02/2018","7.327","7.276","7.346","7.276","-0.75%"
"08/01/2018","7.382","7.382","7.408","7.382","-0.62%"
"07/31/2018","7.428","7.566","7.566","7.428","-1.14%"
"07/30/2018","7.514","7.572","7.572","7.510","0.20%"
"07/27/2018","7.499","7.575","7.575","7.499","-0.25%"
"07/26/2018","7.518","7.581","7.581","7.518","-0.33%"
"07/25/2018","7.543","7.501","7.543","7.501","0.31%"
"07/24/2018","7.520","7.507","7.520","7.495","0.58%"
"07/23/2018","7.477","7.510","7.510","7.477","0.00%"
"07/20/2018","7.477","7.516","7.516","7.477","0.51%"
"07/19/2018","7.439","7.160","7.518","7.160","1.96%"
"07/18/2018","7.296","7.175","7.296","7.175","0.15%"
"07/17/2018","7.285","7.178","7.285","7.178","0.25%"
"07/16/2018","7.267","7.184","7.267","7.184","0.28%"
"07/13/2018","7.247","7.187","7.247","7.187","-0.17%"
"07/12/2018","7.259","7.193","7.259","7.193","-0.58%"
"07/11/2018","7.301","7.301","7.301","7.301","0.21%"
"07/10/2018","7.286","7.300","7.330","7.286","-1.54%"
"07/09/2018","7.400","7.400","7.400","7.400","-0.55%"
"07/06/2018","7.441","7.397","7.486","7.397","-1.43%"
"07/05/2018","7.549","7.400","7.549","7.400","-0.09%"
"07/04/2018","7.556","7.414","7.575","7.414","0.09%"
"07/03/2018","7.549","7.417","7.549","7.417","0.73%"
"07/02/2018","7.494","7.550","7.550","7.494","2.67%"
"06/29/2018","7.299","7.524","7.524","7.299","-0.49%"
"06/28/2018","7.335","7.494","7.494","6.895","-1.08%"
"06/27/2018","7.415","7.443","7.443","7.415","2.06%"
"06/26/2018","7.265","7.273","7.311","7.028","1.57%"
"06/25/2018","7.153","6.636","7.153","6.636","4.87%"
"06/22/2018","6.821","6.901","6.940","6.703","-0.10%"
"06/21/2018","6.828","6.842","6.842","6.682","3.90%"
"06/20/2018","6.572","6.359","6.572","6.359","3.27%"
"06/19/2018","6.364","6.364","6.364","6.364","-6.43%"
"06/08/2018","6.801","6.794","6.815","6.689","0.41%"
"06/07/2018","6.773","6.743","6.773","6.738","0.59%"
"06/06/2018","6.733","6.743","6.751","6.646","0.61%"
"06/05/2018","6.692","6.743","6.743","6.586","-0.18%"
"06/04/2018","6.704","6.434","6.704","6.434","-0.65%"
"05/31/2018","6.748","6.438","6.846","6.438","-1.45%"
"05/30/2018","6.847","6.443","6.847","6.443","-0.67%"
"05/28/2018","6.893","6.461","6.911","6.461","-0.58%"
"05/25/2018","6.933","6.994","6.994","6.726","-1.99%"
"05/24/2018","7.074","6.496","7.074","6.496","1.86%"
"05/23/2018","6.945","6.866","6.945","6.866","0.39%"
"05/22/2018","6.918","6.883","6.918","6.883","2.75%"
"05/21/2018","6.733","6.498","6.812","6.498","1.13%"
"05/20/2018","6.658","6.658","6.658","6.658","0.00%"
"05/18/2018","6.658","6.502","6.711","6.502","0.26%"
"05/17/2018","6.641","6.686","6.686","6.596","0.55%"
"05/16/2018","6.605","6.687","6.687","6.605","-1.45%"
"05/15/2018","6.702","6.891","6.891","6.653","-0.06%"
"05/14/2018","6.706","6.467","6.753","6.467","-0.10%"
"05/11/2018","6.713","6.266","6.763","6.266","3.10%"
"05/10/2018","6.511","6.511","6.511","6.511","0.00%"
"05/09/2018","6.511","6.583","6.583","6.410","0.12%"
"05/08/2018","6.503","6.455","6.564","6.423","1.96%"
"05/07/2018","6.378","6.291","6.399","6.291","-0.31%"
"05/04/2018","6.398","6.397","6.407","6.361","0.85%"
"05/03/2018","6.344","6.385","6.387","6.328","0.33%"
"05/02/2018","6.323","5.988","6.360","5.988","1.27%"
"04/30/2018","6.244","5.992","6.328","5.992","-0.94%"
"04/27/2018","6.303","6.547","6.547","6.289","1.35%"
"04/26/2018","6.219","6.555","6.555","6.094","-0.13%"
"04/25/2018","6.227","6.002","6.410","6.002","3.58%"
"04/24/2018","6.012","6.167","6.167","6.012","0.60%"
"04/23/2018","5.976","5.674","5.976","5.674","0.32%"
"04/20/2018","5.957","5.876","5.984","5.876","1.05%"
"04/19/2018","5.895","5.881","5.895","5.881","-0.27%"
"04/18/2018","5.911","5.894","5.918","5.894","-0.08%"
"04/17/2018","5.916","5.899","5.916","5.899","0.14%"
"04/16/2018","5.908","5.903","5.910","5.805","0.19%"
"04/13/2018","5.897","5.907","5.907","5.890","0.29%"
"04/12/2018","5.880","5.715","5.880","5.715","0.22%"
"04/11/2018","5.867","5.870","5.870","5.833","-0.15%"
"04/10/2018","5.876","5.875","5.889","5.875","0.58%"
"04/09/2018","5.842","5.739","5.842","5.739","-0.29%"
"04/06/2018","5.859","5.895","5.898","5.859","-0.53%"
"04/05/2018","5.890","5.888","5.890","5.854","-0.56%"
"04/04/2018","5.923","5.765","5.923","5.765","1.16%"
"04/03/2018","5.855","5.871","5.883","5.855","0.22%"
"04/02/2018","5.842","5.774","5.842","5.774","1.09%"
"03/30/2018","5.779","5.859","5.859","5.779","-1.82%"
"03/29/2018","5.886","5.907","5.907","5.843","0.91%"
"03/28/2018","5.833","5.793","5.833","5.793","-1.52%"
"03/27/2018","5.923","5.956","5.956","5.888","0.14%"
"03/26/2018","5.915","5.806","5.915","5.806","-1.40%"
"03/23/2018","5.999","5.906","5.999","5.906","1.11%"
"03/22/2018","5.933","5.911","5.940","5.911","-0.59%"
"03/21/2018","5.968","5.962","5.968","5.962","-0.05%"
"03/20/2018","5.971","5.928","5.971","5.928","0.20%"
"03/19/2018","5.959","5.971","5.973","5.951","-0.23%"
"03/16/2018","5.973","5.937","5.973","5.937","0.32%"
"03/15/2018","5.954","5.941","5.954","5.941","-0.37%"
"03/14/2018","5.976","5.977","6.031","5.976","-0.58%"
"03/13/2018","6.011","6.054","6.054","6.011","0.02%"
"03/12/2018","6.010","5.905","6.045","5.905","0.33%"
"03/09/2018","5.990","6.062","6.062","5.973","1.61%"
"03/08/2018","5.895","5.876","5.938","5.876","0.32%"
"03/07/2018","5.876","5.840","5.938","5.840","1.68%"
"03/06/2018","5.779","5.757","5.809","5.757","0.19%"
"03/05/2018","5.768","5.526","5.792","5.526","-0.57%"
"03/02/2018","5.801","5.706","5.833","5.706","0.71%"
"03/01/2018","5.760","5.662","5.760","5.662","0.45%"
"02/28/2018","5.734","5.688","5.739","5.688","0.30%"
"02/27/2018","5.717","5.618","5.717","5.618","0.70%"
"02/26/2018","5.677","5.623","5.677","5.623","-0.66%"
"02/23/2018","5.715","5.655","5.722","5.655","0.49%"
"02/22/2018","5.687","5.613","5.687","5.613","0.32%"
"02/21/2018","5.669","5.621","5.669","5.621","0.64%"
"02/20/2018","5.633","5.585","5.633","5.585","0.12%"
"02/19/2018","5.626","5.590","5.626","5.590","0.05%"
"02/18/2018","5.623","5.623","5.623","5.623","0.00%"
"02/15/2018","5.623","5.567","5.630","5.567","0.39%"
"02/14/2018","5.601","5.586","5.601","5.586","-0.64%"
"02/13/2018","5.637","5.589","5.637","5.589","0.36%"
"02/12/2018","5.617","5.621","5.621","5.607","0.02%"
"02/09/2018","5.616","5.600","5.616","5.600","-0.35%"
"02/08/2018","5.636","5.605","5.636","5.605","-0.27%"
"02/07/2018","5.651","5.624","5.651","5.624","0.25%"
"02/06/2018","5.637","5.578","5.637","5.578","0.36%"
"02/05/2018","5.617","5.655","5.655","5.580","0.11%"
"02/02/2018","5.611","5.505","5.611","5.505","0.14%"
"02/01/2018","5.603","5.521","5.631","5.521","-0.37%"
"01/31/2018","5.624","5.524","5.624","5.515","0.46%"
"01/30/2018","5.598","5.519","5.598","5.519","0.72%"
"01/29/2018","5.558","5.560","5.581","5.500","-2.95%"
"01/28/2018","5.727","5.727","5.727","5.727","2.74%"
"01/27/2018","5.574","5.574","5.574","5.574","0.80%"
"01/26/2018","5.530","5.482","5.530","5.482","0.44%"
"01/25/2018","5.506","5.487","5.510","5.466","-1.11%"
"01/24/2018","5.568","5.592","5.592","5.520","0.92%"
"01/23/2018","5.517","5.444","5.517","5.444","-0.18%"
"01/22/2018","5.527","5.754","5.754","5.475","0.00%"
"01/19/2018","5.527","5.572","5.572","5.500","-1.29%"
"01/18/2018","5.599","5.503","5.599","5.503","0.47%"
"01/17/2018","5.573","5.569","5.573","5.536","-0.25%"
"01/16/2018","5.587","5.491","5.587","5.491","-0.09%"
"01/15/2018","5.592","5.785","5.785","5.592","-0.32%"
"01/12/2018","5.610","5.531","5.610","5.531","-1.25%"
"01/11/2018","5.681","5.491","5.681","5.491","1.46%"
"01/10/2018","5.599","5.522","5.669","5.522","0.99%"
"01/09/2018","5.544","5.569","5.605","5.508","-0.73%"
"01/08/2018","5.585","6.138","6.138","5.567","-0.41%"
"01/05/2018","5.608","5.607","5.638","5.607","-1.37%"
"01/04/2018","5.686","5.767","5.845","5.645","-1.91%"
"01/03/2018","5.797","5.695","5.975","5.695","0.07%"
"01/02/2018","5.793","6.163","6.163","5.754","0.03%"
"12/30/2017","5.791","5.791","5.791","5.791","0.00%"
"12/29/2017","5.791","5.687","5.939","5.687","-0.46%"
"12/28/2017","5.818","5.691","5.929","5.691","-0.05%"
"12/27/2017","5.821","5.929","5.929","5.821","0.17%"
"12/22/2017","5.811","5.739","5.884","5.739","0.48%"
"12/21/2017","5.783","5.779","5.912","5.761","-1.62%"
"12/20/2017","5.878","5.800","5.943","5.800","-0.47%"
"12/19/2017","5.906","5.857","5.965","5.857","-0.56%"
"12/18/2017","5.939","5.916","5.981","5.874","-0.12%"
"12/16/2017","5.946","5.946","5.946","5.946","0.47%"
"12/15/2017","5.918","5.910","5.959","5.910","-0.50%"
"12/14/2017","5.948","5.896","5.976","5.896","0.46%"
"12/13/2017","5.921","5.909","6.030","5.909","-0.15%"
"12/12/2017","5.930","5.913","5.938","5.913","-0.19%"
"12/11/2017","5.941","6.127","6.127","5.941","-0.30%"
"12/08/2017","5.959","5.939","6.005","5.931","0.10%"
"12/07/2017","5.953","5.943","5.992","5.927","-0.20%"
"12/06/2017","5.965","5.988","6.030","5.960","-0.12%"
"12/05/2017","5.972","5.968","6.017","5.939","-0.99%"
"12/04/2017","6.032","6.172","6.172","6.024","0.08%"
"11/30/2017","6.027","6.061","6.100","6.012","-0.38%"
"11/29/2017","6.050","6.180","6.180","6.032","-1.61%"
"11/28/2017","6.149","6.092","6.149","6.046","0.82%"
"11/27/2017","6.099","6.044","6.143","6.044","-1.55%"
"11/25/2017","6.195","6.156","6.195","6.156","0.63%"
"11/24/2017","6.156","6.074","6.181","6.074","0.16%"
"11/23/2017","6.146","6.052","6.146","6.052","0.08%"
"11/22/2017","6.141","6.157","6.161","6.133","-0.08%"
"11/21/2017","6.146","6.082","6.153","6.082","0.46%"
"11/20/2017","6.118","6.245","6.245","6.064","-0.92%"
"11/17/2017","6.175","6.154","6.175","6.151","0.18%"
"11/16/2017","6.164","6.159","6.184","6.159","-0.64%"
"11/15/2017","6.204","6.174","6.204","6.171","0.39%"
"11/14/2017","6.180","6.180","6.196","6.173","-0.08%"
"11/13/2017","6.185","5.912","6.185","5.912","-0.08%"
"11/10/2017","6.190","6.179","6.190","6.176","-0.27%"
"11/09/2017","6.207","6.188","6.207","6.188","0.08%"
"11/08/2017","6.202","6.202","6.202","6.202","-0.31%"
"11/07/2017","6.221","6.217","6.221","6.214","0.31%"
"11/06/2017","6.202","5.938","6.202","5.938","0.05%"
"11/03/2017","6.199","6.112","6.199","6.112","-1.05%"
"11/02/2017","6.265","6.297","6.297","6.146","1.69%"
"11/01/2017","6.161","6.168","6.190","6.134","-2.39%"
"10/31/2017","6.312","6.384","6.384","6.312","-0.13%"
"10/30/2017","6.320","6.340","6.347","6.309","5.90%"
"10/29/2017","5.968","6.145","6.145","5.968","-2.88%"
"10/28/2017","6.145","6.214","6.214","6.145","-2.41%"
"10/27/2017","6.297","6.323","6.326","6.297","-0.51%"
"10/26/2017","6.329","6.280","6.329","6.280","0.88%"
"10/25/2017","6.274","6.267","6.274","6.256","0.61%"
"10/24/2017","6.236","6.135","6.236","6.135","1.88%"
"10/23/2017","6.121","6.092","6.121","6.080","-1.19%"
"10/22/2017","6.195","6.064","6.195","6.064","2.16%"
"10/20/2017","6.064","6.097","6.097","6.064","-0.61%"
"10/19/2017","6.101","6.113","6.113","6.101","-0.72%"
"10/18/2017","6.145","6.122","6.145","6.098","0.46%"
"10/17/2017","6.117","6.106","6.118","6.085","0.33%"
"10/16/2017","6.097","6.119","6.125","6.068","-2.01%"
"10/15/2017","6.222","6.222","6.222","6.222","1.77%"
"10/13/2017","6.114","6.139","6.140","6.114","0.16%"
"10/12/2017","6.104","6.151","6.151","6.104","-0.75%"
"10/11/2017","6.150","6.133","6.157","6.133","0.87%"
"10/10/2017","6.097","6.090","6.101","6.070","0.49%"
"10/09/2017","6.067","6.093","6.093","6.050","-1.29%"
"10/08/2017","6.146","6.146","6.146","6.146","1.09%"
"10/06/2017","6.080","6.092","6.092","6.059","0.26%"
"10/05/2017","6.064","6.106","6.106","6.059","-0.10%"
"10/04/2017","6.070","6.076","6.077","6.059","0.28%"
"10/03/2017","6.053","6.033","6.053","6.031","0.25%"
"10/02/2017","6.038","6.082","6.082","6.027","-1.57%"
"10/01/2017","6.134","6.134","6.134","6.134","1.14%"
"09/29/2017","6.065","6.143","6.143","6.065","-0.28%"
"09/28/2017","6.082","5.922","6.087","5.922","1.91%"
"09/27/2017","5.968","5.920","5.968","5.904","0.84%"
"09/26/2017","5.918","5.941","5.941","5.886","0.14%"
"09/25/2017","5.910","5.983","5.983","5.910","-1.89%"
"09/24/2017","6.024","6.024","6.024","6.024","1.33%"
"09/22/2017","5.945","5.971","5.971","5.918","-0.90%"
"09/21/2017","5.999","5.960","6.002","5.960","0.93%"
"09/20/2017","5.944","6.015","6.015","5.944","-0.62%"
"09/19/2017","5.981","6.013","6.013","5.981","-0.42%"
"09/18/2017","6.006","6.054","6.054","6.006","-1.88%"
"09/17/2017","6.121","6.121","6.121","6.121","1.59%"
"09/15/2017","6.025","6.031","6.035","6.025","-0.02%"
"09/14/2017","6.026","5.994","6.026","5.993","0.12%"
"09/13/2017","6.019","6.057","6.057","6.019","-0.45%"
"09/12/2017","6.046","6.012","6.065","6.012","0.00%"
"09/11/2017","6.046","6.187","6.187","6.030","-2.78%"
"09/10/2017","6.219","6.219","6.219","6.219","1.95%"
"09/08/2017","6.100","6.194","6.194","6.100","-1.42%"
"09/07/2017","6.188","6.225","6.225","6.188","-0.34%"
"09/06/2017","6.209","6.266","6.266","6.209","-0.46%"
"09/05/2017","6.238","6.287","6.383","6.238","-0.16%"
"09/04/2017","6.248","6.262","6.315","6.248","-1.61%"
"09/03/2017","6.350","6.350","6.350","6.350","1.41%"
"08/31/2017","6.262","6.313","6.313","6.262","-0.43%"
"08/30/2017","6.289","6.330","6.330","6.289","-0.77%"
"08/29/2017","6.338","6.347","6.398","6.320","-0.94%"
"08/28/2017","6.398","6.549","6.549","6.398","-2.19%"
"08/27/2017","6.541","6.541","6.541","6.541","1.46%"
"08/25/2017","6.447","6.440","6.450","6.440","-0.78%"
"08/24/2017","6.498","6.497","6.519","6.497","-0.29%"
"08/23/2017","6.517","6.523","6.528","6.507","-0.05%"
"08/22/2017","6.520","6.533","6.543","6.511","-0.23%"
"08/21/2017","6.535","6.565","6.601","6.531","-2.21%"
"08/20/2017","6.683","6.683","6.683","6.683","1.20%"
"08/18/2017","6.604","6.544","6.626","6.544","0.33%"
"08/17/2017","6.582","6.582","6.582","6.582","0.00%"
"08/16/2017","6.582","6.550","6.582","6.550","0.11%"
"08/15/2017","6.575","6.554","6.575","6.554","-0.47%"
"08/14/2017","6.606","6.596","6.655","6.596","-1.46%"
"08/13/2017","6.704","6.704","6.704","6.704","1.70%"
"08/11/2017","6.592","6.574","6.592","6.574","-0.59%"
"08/10/2017","6.631","6.643","6.665","6.626","-0.33%"
"08/09/2017","6.653","6.664","6.684","6.653","-0.05%"
"08/08/2017","6.656","6.665","6.673","6.656","-0.15%"
"08/07/2017","6.666","6.619","6.689","6.619","-2.09%"
"08/06/2017","6.808","6.653","6.808","6.653","2.33%"
"08/04/2017","6.653","6.592","6.653","6.592","-0.67%"
"08/03/2017","6.698","6.700","6.700","6.689","0.84%"
"08/02/2017","6.642","6.721","6.721","6.642","-1.09%"
"08/01/2017","6.715","6.722","6.722","6.706","-0.83%"
"07/31/2017","6.771","6.808","6.822","6.771","-1.08%"
"07/30/2017","6.845","6.845","6.845","6.845","1.15%"
"07/28/2017","6.767","6.733","6.767","6.733","0.39%"
"07/27/2017","6.741","6.724","6.741","6.724","-0.37%"
"07/26/2017","6.766","6.773","6.773","6.766","0.45%"
"07/25/2017","6.736","6.728","6.736","6.728","-0.37%"
"07/24/2017","6.761","6.854","6.854","6.761","-1.10%"
"07/23/2017","6.836","6.836","6.836","6.836","1.58%"
"07/21/2017","6.730","6.720","6.731","6.720","0.09%"
"07/20/2017","6.724","6.734","6.735","6.724","-0.61%"
"07/19/2017","6.765","6.769","6.771","6.763","-0.66%"
"07/18/2017","6.810","6.774","6.810","6.774","-0.04%"
"07/17/2017","6.813","6.812","6.838","6.812","-1.13%"
"07/16/2017","6.891","6.824","6.891","6.824","0.98%"
"07/15/2017","6.824","6.827","6.827","6.824","-0.04%"
"07/14/2017","6.827","6.823","6.851","6.823","-0.15%"
"07/13/2017","6.837","6.825","6.840","6.811","-0.23%"
"07/12/2017","6.853","6.801","6.853","6.748","-0.35%"
"07/11/2017","6.877","6.781","6.882","6.781","0.57%"
"07/10/2017","6.838","6.753","6.838","6.651","0.63%"
"07/07/2017","6.795","6.710","6.795","6.710","0.70%"
"07/06/2017","6.748","6.692","6.748","6.676","0.39%"
"07/05/2017","6.722","6.755","6.755","6.692","-0.43%"
"07/04/2017","6.751","6.727","6.756","6.727","0.36%"
"07/03/2017","6.727","6.689","6.727","6.689","-0.09%"
"07/02/2017","6.733","6.733","6.733","6.733","0.00%"
"07/01/2017","6.733","6.733","6.733","6.733","0.00%"
"06/30/2017","6.733","6.733","6.733","6.733","0.00%"
"06/29/2017","6.733","6.733","6.733","6.733","0.82%"
"06/25/2017","6.678","6.678","6.678","6.678","0.00%"
"06/23/2017","6.678","6.678","6.678","6.678","-0.12%"
"06/22/2017","6.686","6.661","6.686","6.661","-0.15%"
"06/21/2017","6.696","6.699","6.699","6.678","0.40%"
"06/20/2017","6.669","6.693","6.693","6.669","0.23%"
"06/19/2017","6.654","6.660","6.711","6.654","-1.26%"
"06/18/2017","6.739","6.739","6.739","6.739","1.11%"
"06/16/2017","6.665","6.653","6.672","6.653","0.53%"
"06/15/2017","6.630","6.653","6.656","6.627","-0.12%"
"06/14/2017","6.638","6.663","6.670","6.638","-0.11%"
"06/13/2017","6.645","6.683","6.688","6.645","-0.87%"
"06/12/2017","6.703","6.804","6.804","6.698","-1.06%"
"06/11/2017","6.775","6.775","6.775","6.775","1.06%"
"06/09/2017","6.704","6.698","6.704","6.686","0.13%"
"06/08/2017","6.695","6.685","6.695","6.684","-0.21%"
"06/07/2017","6.709","6.682","6.712","6.677","0.03%"
"06/06/2017","6.707","6.689","6.712","6.689","-0.39%"
"06/05/2017","6.733","6.705","6.754","6.705","-1.23%"
"06/04/2017","6.817","6.817","6.817","6.817","1.28%"
"06/02/2017","6.731","6.688","6.741","6.688","-0.06%"
"06/01/2017","6.735","6.728","6.735","6.728","0.10%"
"05/31/2017","6.728","6.709","6.763","6.709","-0.55%"
"05/30/2017","6.765","6.679","6.765","6.679","0.18%"
"05/29/2017","6.753","6.656","6.754","6.656","0.12%"
"05/28/2017","6.745","6.745","6.745","6.745","1.14%"
"05/26/2017","6.669","6.665","6.684","6.665","-0.66%"
"05/25/2017","6.713","6.666","6.713","6.666","0.71%"
"05/24/2017","6.666","6.696","6.704","6.666","-1.24%"
"05/23/2017","6.750","6.750","6.757","6.750","-0.13%"
"05/22/2017","6.759","6.728","6.790","6.728","-1.59%"
"05/21/2017","6.868","6.868","6.868","6.868","0.93%"
"05/19/2017","6.805","6.728","6.805","6.728","0.43%"
"05/18/2017","6.776","6.728","6.790","6.728","-0.26%"
"05/17/2017","6.794","6.737","6.809","6.737","0.19%"
"05/16/2017","6.781","6.759","6.797","6.759","-0.70%"
"05/15/2017","6.829","6.941","6.941","6.814","-0.94%"
"05/14/2017","6.894","6.894","6.894","6.894","1.28%"
"05/12/2017","6.807","6.717","6.831","6.717","0.56%"
"05/11/2017","6.769","6.794","6.801","6.769","-0.37%"
"05/10/2017","6.794","6.759","6.824","6.759","0.65%"
"05/09/2017","6.750","6.680","6.750","6.680","0.33%"
"05/08/2017","6.728","6.906","6.906","6.728","-1.15%"
"05/07/2017","6.806","6.743","6.806","6.743","0.93%"
"05/05/2017","6.743","6.808","6.808","6.736","1.22%"
"05/04/2017","6.662","6.709","6.709","6.662","-0.06%"
"05/03/2017","6.666","6.714","6.714","6.666","-0.48%"
"05/02/2017","6.698","6.828","6.828","6.698","-3.19%"
"05/01/2017","6.919","6.819","6.919","6.819","3.07%"
"04/28/2017","6.713","6.729","6.748","6.713","-0.15%"
"04/27/2017","6.723","6.726","6.739","6.723","-0.31%"
"04/26/2017","6.744","6.816","6.816","6.744","-1.03%"
"04/25/2017","6.814","6.956","6.956","6.769","-0.89%"
"04/24/2017","6.875","6.875","6.875","6.875","1.16%"
"04/22/2017","6.796","6.796","6.796","6.796","0.00%"
"04/21/2017","6.796","6.780","6.796","6.776","2.21%"
"04/20/2017","6.649","6.599","6.649","6.599","-0.86%"
"04/19/2017","6.707","6.651","6.707","6.619","0.84%"
"04/18/2017","6.651","6.668","6.668","6.651","-0.09%"
"04/17/2017","6.657","6.694","6.694","6.657","-0.78%"
"04/13/2017","6.709","6.677","6.733","6.677","-0.15%"
"04/12/2017","6.719","6.661","6.734","6.661","-0.55%"
"04/11/2017","6.756","6.802","6.802","6.756","-0.40%"
"04/10/2017","6.783","6.727","6.808","6.727","-0.06%"
"04/07/2017","6.787","6.799","6.834","6.787","0.80%"
"04/06/2017","6.733","6.690","6.791","6.690","0.39%"
"04/05/2017","6.707","6.780","6.780","6.707","-0.31%"
"04/04/2017","6.728","6.791","6.791","6.728","-0.90%"
"04/03/2017","6.789","6.761","6.789","6.728","0.95%"
"03/31/2017","6.725","6.711","6.725","6.689","-0.52%"
"03/30/2017","6.760","6.749","6.760","6.746","-0.28%"
"03/29/2017","6.779","6.781","6.781","6.767","-0.15%"
"03/28/2017","6.789","6.789","6.789","6.789","-0.04%"
"03/27/2017","6.792","6.789","6.792","6.789","-0.13%"
"03/26/2017","6.801","6.801","6.801","6.801","0.00%"
"03/24/2017","6.801","6.899","6.899","6.798","-1.12%"
"03/23/2017","6.878","6.869","6.878","6.797","0.15%"
"03/22/2017","6.868","6.891","6.891","6.868","-0.23%"
"03/21/2017","6.884","6.947","6.947","6.874","-0.75%"
"03/20/2017","6.936","6.931","6.950","6.931","-0.49%"
"03/18/2017","6.970","6.970","6.970","6.970","0.00%"
"03/17/2017","6.970","7.005","7.005","6.965","-0.44%"
"03/16/2017","7.001","7.034","7.036","7.000","-0.75%"
"03/15/2017","7.054","7.078","7.078","7.005","-0.40%"
"03/14/2017","7.082","7.083","7.089","7.082","-0.31%"
"03/13/2017","7.104","6.962","7.104","6.962","-0.07%"
"03/10/2017","7.109","7.126","7.152","7.109","0.32%"
"03/09/2017","7.086","7.137","7.137","7.086","-0.58%"
"03/08/2017","7.127","7.198","7.198","7.127","-0.93%"
"03/07/2017","7.194","7.256","7.256","7.194","0.42%"
"03/06/2017","7.164","7.152","7.169","7.082","0.56%"
"03/03/2017","7.124","7.015","7.124","7.015","-0.17%"
"03/02/2017","7.136","7.071","7.136","7.071","-0.24%"
"03/01/2017","7.153","7.114","7.153","7.114","-0.06%"
"02/28/2017","7.157","7.118","7.157","7.118","0.55%"
"02/27/2017","7.118","7.039","7.151","7.039","-0.59%"
"02/24/2017","7.160","7.074","7.160","7.074","-0.20%"
"02/23/2017","7.174","7.078","7.174","7.078","-0.10%"
"02/22/2017","7.181","7.090","7.181","7.090","1.01%"
"02/21/2017","7.109","7.073","7.109","7.073","0.41%"
"02/20/2017","7.080","7.047","7.087","7.047","-0.44%"
"02/17/2017","7.111","7.061","7.111","7.061","0.52%"
"02/16/2017","7.074","7.055","7.095","7.055","-0.52%"
"02/15/2017","7.111","7.106","7.119","7.106","0.07%"
"02/14/2017","7.106","7.112","7.112","7.106","0.35%"
"02/13/2017","7.081","7.074","7.104","7.074","-0.17%"
"02/10/2017","7.093","7.105","7.105","7.088","-0.31%"
"02/09/2017","7.115","7.109","7.115","7.109","-0.27%"
"02/08/2017","7.134","7.094","7.147","7.094","-0.04%"
"02/07/2017","7.137","7.097","7.137","7.097","0.01%"
"02/06/2017","7.136","7.101","7.136","7.101","-0.38%"
"02/03/2017","7.163","7.163","7.163","7.163","0.07%"
"02/02/2017","7.158","7.129","7.158","7.109","0.00%"
"02/01/2017","7.158","7.141","7.158","7.141","-0.18%"
"01/31/2017","7.171","7.075","7.171","7.075","1.31%"
"01/30/2017","7.078","7.128","7.128","7.078","-0.58%"
"01/27/2017","7.119","7.175","7.175","7.095","-0.56%"
"01/26/2017","7.159","7.139","7.172","7.139","0.27%"
"01/25/2017","7.140","7.156","7.156","7.140","-0.20%"
"01/24/2017","7.154","7.151","7.171","7.151","-0.10%"
"01/23/2017","7.161","7.155","7.161","7.135","0.04%"
"01/20/2017","7.158","7.160","7.160","7.158","-0.08%"
"01/19/2017","7.164","7.168","7.168","7.157","-0.15%"
"01/18/2017","7.175","7.220","7.220","7.175","-0.51%"
"01/17/2017","7.212","7.139","7.281","7.139","0.53%"
"01/16/2017","7.174","7.181","7.181","7.132","-0.90%"
"01/13/2017","7.239","7.369","7.369","7.235","-0.66%"
"01/12/2017","7.287","7.406","7.406","7.267","-1.75%"
"01/11/2017","7.417","7.417","7.417","7.417","0.97%"
"01/10/2017","7.346","7.292","7.427","7.292","0.36%"
"01/09/2017","7.320","7.306","7.371","7.299","-1.12%"
"01/06/2017","7.403","7.493","7.493","7.403","-0.55%"
"01/05/2017","7.444","7.512","7.512","7.444","-1.12%"
"01/04/2017","7.528","7.529","7.534","7.527","-0.54%"
"01/03/2017","7.569","7.721","7.721","7.530","0.37%"
"12/31/2016","7.541","7.541","7.541","7.541","0.00%"
"12/30/2016","7.541","7.541","7.541","7.541","-0.05%"
"12/29/2016","7.545","7.545","7.545","7.545","-0.41%"
"12/28/2016","7.576","7.557","7.576","7.555","0.12%"
"12/27/2016","7.567","7.665","7.665","7.560","0.17%"
"12/23/2016","7.554","7.510","7.554","7.504","0.32%"
"12/22/2016","7.530","7.519","7.534","7.519","0.27%"
"12/21/2016","7.510","7.532","7.561","7.510","-1.04%"
"12/20/2016","7.589","7.664","7.664","7.555","-1.02%"
"12/19/2016","7.667","7.769","7.769","7.659","-0.39%"
"12/16/2016","7.697","7.671","7.717","7.671","0.47%"
"12/15/2016","7.661","7.613","7.665","7.536","1.30%"
"12/14/2016","7.563","7.613","7.638","7.549","-0.63%"
"12/13/2016","7.611","7.788","7.788","7.588","1.02%"
"12/09/2016","7.534","7.566","7.598","7.534","1.25%"
"12/08/2016","7.441","7.575","7.595","7.441","-1.40%"
"12/07/2016","7.547","7.661","7.661","7.535","-2.92%"
"12/06/2016","7.774","7.644","7.774","7.644","1.34%"
"12/05/2016","7.671","7.813","7.900","7.671","-2.29%"
"12/02/2016","7.851","7.742","7.851","7.742","0.65%"
"12/01/2016","7.800","7.809","7.824","7.777","-1.49%"
"11/30/2016","7.918","7.825","7.958","7.825","0.73%"
"11/29/2016","7.861","7.828","7.861","7.828","-0.78%"
"11/28/2016","7.923","7.835","7.976","7.835","-0.96%"
"11/25/2016","8.000","7.935","8.000","7.903","1.13%"
"11/24/2016","7.911","7.613","7.911","7.613","1.45%"
"11/23/2016","7.798","7.578","7.798","7.578","1.01%"
"11/22/2016","7.720","7.487","7.720","7.487","3.10%"
"11/21/2016","7.488","7.290","7.515","7.290","0.46%"
"11/18/2016","7.454","7.343","7.454","7.343","1.22%"
"11/17/2016","7.364","7.254","7.364","7.254","0.30%"
"11/16/2016","7.342","7.382","7.417","7.342","-1.49%"
"11/15/2016","7.453","7.507","7.507","7.439","3.50%"
"11/14/2016","7.201","6.577","7.201","6.577","2.23%"
"11/11/2016","7.044","6.819","7.044","6.819","2.55%"
"11/10/2016","6.869","6.745","6.869","6.745","-0.15%"
"11/09/2016","6.879","6.825","6.879","6.808","-0.12%"
"11/08/2016","6.887","6.829","6.887","6.829","0.79%"
"11/07/2016","6.833","6.606","6.833","6.606","1.14%"
"11/04/2016","6.756","6.756","6.756","6.756","-1.36%"
"11/03/2016","6.849","6.777","6.849","6.777","0.60%"
"11/02/2016","6.808","6.789","6.808","6.789","-0.09%"
"11/01/2016","6.814","6.771","6.814","6.771","-0.09%"
"10/31/2016","6.820","6.634","6.842","6.634","0.41%"
"10/28/2016","6.792","6.689","6.792","6.671","0.85%"
"10/27/2016","6.735","6.689","6.741","6.689","-0.01%"
"10/26/2016","6.736","6.698","6.739","6.698","-0.01%"
"10/25/2016","6.737","6.696","6.737","6.696","0.22%"
"10/24/2016","6.722","6.662","6.740","6.662","-1.07%"
"10/21/2016","6.795","6.816","6.819","6.770","-0.37%"
"10/20/2016","6.820","6.820","6.820","6.820","-0.41%"
"10/19/2016","6.848","6.790","6.848","6.790","0.90%"
"10/18/2016","6.787","6.784","6.787","6.775","-0.01%"
"10/17/2016","6.788","6.690","6.797","6.686","0.55%"
"10/15/2016","6.751","6.751","6.751","6.751","0.21%"
"10/14/2016","6.737","6.727","6.737","6.727","-0.06%"
"10/13/2016","6.741","6.823","6.823","6.741","-0.35%"
"10/12/2016","6.765","6.792","6.817","6.765","-0.68%"
"10/11/2016","6.811","6.785","6.846","6.785","0.72%"
"10/10/2016","6.762","6.896","6.896","6.685","-0.21%"
"10/07/2016","6.776","6.719","6.776","6.719","0.64%"
"10/06/2016","6.733","6.716","6.749","6.716","-0.01%"
"10/05/2016","6.734","6.708","6.735","6.682","0.39%"
"10/04/2016","6.708","6.712","6.712","6.708","0.13%"
"10/03/2016","6.699","6.922","6.922","6.699","0.68%"
"09/30/2016","6.654","6.637","6.708","6.603","0.67%"
"09/29/2016","6.610","6.601","6.610","6.601","-0.06%"
"09/28/2016","6.614","6.600","6.629","6.600","-0.14%"
"09/27/2016","6.623","6.685","6.685","6.617","-0.05%"
"09/26/2016","6.626","6.948","6.948","6.622","0.00%"
"09/25/2016","6.626","6.626","6.626","6.626","0.00%"
"09/24/2016","6.626","6.626","6.626","6.626","0.00%"
"09/23/2016","6.626","6.573","6.633","6.573","0.44%"
"09/22/2016","6.597","6.588","6.616","6.588","-0.42%"
"09/21/2016","6.625","6.603","6.625","6.603","0.09%"
"09/20/2016","6.619","6.611","6.619","6.607","0.20%"
"09/19/2016","6.606","6.764","6.764","6.589","-1.06%"
"09/17/2016","6.677","6.677","6.677","6.677","0.00%"
"09/16/2016","6.677","6.716","6.716","6.668","0.17%"
"09/15/2016","6.666","6.643","6.666","6.643","0.23%"
"09/14/2016","6.651","6.597","6.667","6.597","1.08%"
"09/13/2016","6.580","6.563","6.597","6.563","0.02%"
"09/09/2016","6.579","6.549","6.579","6.549","0.23%"
"09/08/2016","6.564","6.552","6.564","6.552","-0.05%"
"09/07/2016","6.567","6.578","6.578","6.562","-0.23%"
"09/06/2016","6.582","6.582","6.582","6.582","-0.05%"
"09/05/2016","6.585","6.591","6.608","6.585","-0.50%"
"09/02/2016","6.618","6.657","6.657","6.618","-0.94%"
"09/01/2016","6.681","6.682","6.710","6.681","-0.62%"
"08/31/2016","6.723","6.724","6.739","6.723","0.04%"
"08/30/2016","6.720","6.698","6.720","6.698","0.19%"
"08/29/2016","6.707","6.615","6.707","6.615","0.15%"
"08/26/2016","6.697","6.700","6.700","6.679","-0.51%"
"08/25/2016","6.731","6.713","6.754","6.713","-0.24%"
"08/24/2016","6.747","6.760","6.762","6.739","-0.19%"
"08/23/2016","6.760","6.620","6.760","6.620","1.96%"
"08/22/2016","6.630","6.555","6.630","6.555","0.65%"
"08/19/2016","6.587","6.632","6.632","6.587","-0.45%"
"08/18/2016","6.617","6.633","6.633","6.596","-0.79%"
"08/16/2016","6.670","6.797","6.797","6.670","2.21%"
"08/15/2016","6.526","6.498","6.526","6.477","-0.11%"
"08/14/2016","6.533","6.533","6.533","6.533","0.00%"
"08/13/2016","6.533","6.533","6.533","6.533","0.00%"
"08/12/2016","6.533","6.529","6.533","6.512","-0.27%"
"08/11/2016","6.551","6.578","6.578","6.535","-0.32%"
"08/10/2016","6.572","6.601","6.601","6.570","-0.14%"
"08/09/2016","6.581","6.603","6.603","6.581","-0.02%"
"08/08/2016","6.582","6.669","6.669","6.567","0.08%"
"08/06/2016","6.577","6.577","6.577","6.577","0.00%"
"08/05/2016","6.577","6.648","6.648","6.577","-1.05%"
"08/04/2016","6.647","6.637","6.647","6.631","0.30%"
"08/03/2016","6.627","6.590","6.627","6.562","0.82%"
"08/02/2016","6.573","6.598","6.598","6.555","-0.62%"
"08/01/2016","6.614","6.677","6.677","6.596","-0.59%"
"07/29/2016","6.653","6.729","6.729","6.653","-1.19%"
"07/28/2016","6.733","6.785","6.793","6.733","-1.20%"
"07/27/2016","6.815","6.865","6.886","6.815","-1.06%"
"07/26/2016","6.888","6.882","6.896","6.881","0.29%"
"07/25/2016","6.868","6.805","6.868","6.798","0.60%"
"07/22/2016","6.827","6.806","6.827","6.806","0.25%"
"07/21/2016","6.810","6.831","6.831","6.810","-0.42%"
"07/20/2016","6.839","6.866","6.866","6.823","-0.86%"
"07/19/2016","6.898","6.903","6.903","6.894","0.06%"
"07/18/2016","6.894","6.891","6.906","6.891","0.04%"
"07/15/2016","6.891","6.948","6.948","6.881","-0.93%"
"07/14/2016","6.956","6.944","6.956","6.908","1.00%"
"07/13/2016","6.887","6.870","6.901","6.861","0.20%"
"07/12/2016","6.873","6.891","6.891","6.864","-1.45%"
"07/11/2016","6.974","7.187","7.187","6.974","-3.25%"
"07/04/2016","7.208","7.359","7.359","7.208","0.29%"
"07/01/2016","7.187","7.252","7.252","7.187","-0.66%"
"06/30/2016","7.235","7.280","7.280","7.235","-0.63%"
"06/29/2016","7.281","7.357","7.357","7.281","-1.01%"
"06/28/2016","7.355","7.386","7.386","7.355","-0.27%"
"06/27/2016","7.375","7.365","7.465","7.365","0.03%"
"06/24/2016","7.373","7.284","7.373","7.274","1.19%"
"06/23/2016","7.286","7.321","7.321","7.286","-0.44%"
"06/22/2016","7.318","7.323","7.324","7.318","-0.31%"
"06/21/2016","7.341","7.323","7.341","7.322","0.18%"
"06/20/2016","7.328","7.269","7.328","7.269","0.34%"
"06/17/2016","7.303","7.290","7.312","7.290","0.08%"
"06/16/2016","7.297","7.290","7.297","7.290","-0.26%"
"06/15/2016","7.316","7.312","7.321","7.295","0.07%"
"06/14/2016","7.311","7.312","7.312","7.295","-0.10%"
"06/13/2016","7.318","7.273","7.332","7.273","0.25%"
"06/10/2016","7.300","7.270","7.303","7.261","0.39%"
"06/09/2016","7.272","7.310","7.310","7.272","-0.47%"
"06/08/2016","7.306","7.311","7.323","7.293","-0.48%"
"06/07/2016","7.341","7.361","7.369","7.341","-0.49%"
"06/06/2016","7.377","7.277","7.377","7.277","-0.83%"
"06/03/2016","7.439","7.415","7.461","7.415","0.18%"
"06/02/2016","7.426","7.385","7.426","7.385","0.26%"
"06/01/2016","7.407","7.391","7.437","7.391","0.14%"
"05/31/2016","7.397","7.391","7.402","7.370","-0.08%"
"05/30/2016","7.403","7.457","7.457","7.369","-0.71%"
"05/27/2016","7.456","7.449","7.456","7.449","-0.17%"
"05/26/2016","7.469","7.441","7.475","7.441","-0.09%"
"05/25/2016","7.476","7.436","7.476","7.436","-0.24%"
"05/24/2016","7.494","7.394","7.494","7.394","0.85%"
"05/23/2016","7.431","7.286","7.431","7.286","0.12%"
"05/20/2016","7.422","7.392","7.428","7.392","0.79%"
"05/19/2016","7.364","7.301","7.364","7.287","1.04%"
"05/18/2016","7.288","7.248","7.288","7.248","0.45%"
"05/17/2016","7.255","7.261","7.263","7.244","0.03%"
"05/16/2016","7.253","7.290","7.290","7.240","-0.56%"
"05/13/2016","7.294","7.372","7.372","7.294","-1.26%"
"05/12/2016","7.387","7.399","7.399","7.367","-0.01%"
"05/11/2016","7.388","7.359","7.388","7.359","0.04%"
"05/10/2016","7.385","7.383","7.395","7.361","0.31%"
"05/09/2016","7.362","7.294","7.365","7.294","0.81%"
"05/04/2016","7.303","7.320","7.320","7.303","-0.27%"
"05/03/2016","7.323","7.312","7.323","7.293","0.33%"
"05/02/2016","7.299","7.298","7.350","7.288","-0.94%"
"04/29/2016","7.368","7.328","7.374","7.328","0.40%"
"04/28/2016","7.339","7.316","7.339","7.303","-0.22%"
"04/27/2016","7.355","7.322","7.362","7.322","0.29%"
"04/26/2016","7.334","7.323","7.334","7.323","0.34%"
"04/25/2016","7.309","7.302","7.311","7.283","0.61%"
"04/22/2016","7.265","7.246","7.265","7.246","0.48%"
"04/21/2016","7.230","7.267","7.267","7.224","-0.47%"
"04/20/2016","7.264","7.280","7.280","7.254","0.15%"
"04/19/2016","7.253","7.319","7.319","7.253","-0.73%"
"04/18/2016","7.306","7.306","7.306","7.262","0.25%"
"04/15/2016","7.288","7.330","7.330","7.288","-0.26%"
"04/14/2016","7.307","7.320","7.320","7.307","-0.31%"
"04/13/2016","7.330","7.377","7.377","7.330","-0.96%"
"04/12/2016","7.401","7.391","7.401","7.370","-0.09%"
"04/11/2016","7.408","7.422","7.431","7.391","-0.70%"
"04/08/2016","7.460","7.445","7.460","7.445","-0.13%"
"04/07/2016","7.470","7.459","7.492","7.459","-0.15%"
"04/06/2016","7.481","7.458","7.481","7.448","0.55%"
"04/05/2016","7.440","7.411","7.440","7.411","-0.15%"
"04/04/2016","7.451","7.368","7.479","7.368","-0.57%"
"04/01/2016","7.494","7.505","7.512","7.487","-0.56%"
"03/31/2016","7.536","7.499","7.555","7.499","-0.70%"
"03/30/2016","7.589","7.649","7.649","7.589","-0.37%"
"03/29/2016","7.617","7.604","7.617","7.573","0.74%"
"03/28/2016","7.561","7.536","7.625","7.536","-0.17%"
"03/24/2016","7.574","7.555","7.574","7.545","0.45%"
"03/23/2016","7.540","7.505","7.550","7.505","0.41%"
"03/22/2016","7.509","7.456","7.522","7.454","1.27%"
"03/21/2016","7.415","7.353","7.427","7.353","0.83%"
"03/18/2016","7.354","7.390","7.390","7.331","-1.80%"
"03/17/2016","7.489","7.519","7.524","7.489","-0.39%"
"03/16/2016","7.518","7.477","7.518","7.460","0.32%"
"03/15/2016","7.494","7.509","7.509","7.450","0.51%"
"03/14/2016","7.456","7.686","7.686","7.441","-1.11%"
"03/11/2016","7.540","7.601","7.601","7.540","-1.08%"
"03/10/2016","7.622","7.686","7.686","7.622","0.25%"
"03/09/2016","7.603","7.603","7.603","7.603","0.00%"
"03/08/2016","7.603","7.615","7.619","7.591","-0.07%"
"03/07/2016","7.608","7.686","7.695","7.603","-2.08%"
"03/04/2016","7.770","7.845","7.858","7.760","-1.15%"
"03/03/2016","7.860","7.875","7.877","7.860","-0.23%"
"03/02/2016","7.878","7.991","7.991","7.876","-1.41%"
"03/01/2016","7.991","8.022","8.022","7.991","0.50%"
"02/29/2016","7.951","7.870","7.976","7.870","0.80%"
"02/26/2016","7.888","7.931","7.962","7.888","-0.40%"
"02/25/2016","7.920","7.962","7.962","7.906","-0.05%"
"02/24/2016","7.924","7.892","7.924","7.858","0.69%"
"02/23/2016","7.870","7.955","7.955","7.870","-0.67%"
"02/22/2016","7.923","7.869","7.938","7.869","0.74%"
"02/19/2016","7.865","7.874","7.874","7.846","-0.28%"
"02/18/2016","7.887","7.938","7.938","7.887","-0.15%"
"02/17/2016","7.899","7.934","7.960","7.899","-0.72%"
"02/16/2016","7.956","7.978","7.997","7.944","-0.64%"
"02/15/2016","8.007","7.931","8.007","7.931","0.19%"
"02/14/2016","7.992","7.992","7.992","7.992","0.00%"
"02/12/2016","7.992","7.986","8.007","7.986","0.01%"
"02/11/2016","7.991","8.020","8.020","7.991","-0.55%"
"02/10/2016","8.035","8.010","8.035","8.008","0.26%"
"02/09/2016","8.014","7.997","8.046","7.997","-0.36%"
"02/05/2016","8.043","8.066","8.066","8.043","-0.35%"
"02/04/2016","8.071","8.083","8.085","8.055","-0.49%"
"02/03/2016","8.111","8.085","8.233","8.085","0.26%"
"02/02/2016","8.090","8.106","8.106","8.085","-0.55%"
"02/01/2016","8.135","8.110","8.135","8.039","-0.37%"
"01/29/2016","8.165","8.238","8.238","8.165","-0.56%"
"01/28/2016","8.211","8.211","8.211","8.211","-1.32%"
"01/27/2016","8.321","8.314","8.321","8.314","0.07%"
"01/26/2016","8.315","8.273","8.332","8.273","0.25%"
"01/25/2016","8.294","8.167","8.294","8.142","-0.75%"
"01/22/2016","8.357","8.293","8.406","8.293","-0.52%"
"01/21/2016","8.401","8.362","8.401","8.311","0.31%"
"01/20/2016","8.375","8.430","8.430","8.222","-2.55%"
"01/19/2016","8.594","8.503","8.594","8.477","2.20%"
"01/18/2016","8.409","8.223","8.409","8.223","0.33%"
"01/15/2016","8.381","8.324","8.381","8.324","0.61%"
"01/14/2016","8.330","8.401","8.401","8.330","-2.61%"
"01/13/2016","8.553","8.462","8.584","8.462","-0.88%"
"01/12/2016","8.629","8.540","8.629","8.478","-0.22%"
"01/11/2016","8.648","8.400","8.648","8.400","1.18%"
"01/10/2016","8.547","8.547","8.547","8.547","0.00%"
"01/08/2016","8.547","8.404","8.547","8.363","-0.05%"
"01/07/2016","8.551","8.602","8.602","8.551","-0.72%"
"01/06/2016","8.613","8.617","8.655","8.529","0.44%"
"01/05/2016","8.575","8.575","8.575","8.575","-0.06%"
"01/04/2016","8.580","8.378","8.580","8.378","2.40%"