"Date","Price","Open","High","Low","Change %"
"30-01-2026","6.346","6.376","6.376","6.346","-0.44%"
"29-01-2026","6.374","6.368","6.377","6.368","0.11%"
"28-01-2026","6.367","6.364","6.367","6.364","0.05%"
"27-01-2026","6.364","6.333","6.364","6.333","0.49%"
"26-01-2026","6.333","6.417","6.417","6.333","-1.31%"
"23-01-2026","6.417","6.417","6.417","6.417","0.83%"
"22-01-2026","6.364","6.325","6.364","6.304","0.60%"
"21-01-2026","6.326","6.328","6.328","6.326","-0.03%"
"20-01-2026","6.328","6.297","6.332","6.297","0.49%"
"19-01-2026","6.297","6.244","6.317","6.244","1.08%"
"15-01-2026","6.230","6.241","6.241","6.225","-0.16%"
"14-01-2026","6.240","6.179","6.240","6.120","1.94%"
"13-01-2026","6.121","6.124","6.133","6.121","-0.07%"
"12-01-2026","6.125","6.153","6.199","6.125","-0.36%"
"09-01-2026","6.147","6.149","6.149","6.147","-0.02%"
"08-01-2026","6.148","6.088","6.148","6.088","0.99%"
"07-01-2026","6.088","6.088","6.088","6.088","0.00%"
"06-01-2026","6.088","6.101","6.114","6.088","-0.51%"
"05-01-2026","6.119","6.119","6.119","6.119","0.00%"
"02-01-2026","6.119","6.119","6.119","6.119","0.00%"
"31-12-2025","6.119","6.119","6.119","6.119","-0.02%"
"30-12-2025","6.120","6.120","6.120","6.120","0.00%"
"29-12-2025","6.120","6.120","6.120","6.120","0.00%"
"24-12-2025","6.120","6.140","6.140","6.120","-0.33%"
"23-12-2025","6.140","6.140","6.154","6.140","-0.02%"
"22-12-2025","6.141","6.148","6.148","6.141","0.24%"
"19-12-2025","6.126","6.126","6.126","6.126","0.02%"
"18-12-2025","6.125","6.129","6.129","6.125","-0.02%"
"17-12-2025","6.126","6.148","6.148","6.126","-0.36%"
"16-12-2025","6.148","6.162","6.162","6.148","-0.23%"
"15-12-2025","6.162","6.189","6.189","6.162","-0.44%"
"12-12-2025","6.189","6.189","6.189","6.189","0.00%"
"11-12-2025","6.189","6.189","6.189","6.189","-0.02%"
"10-12-2025","6.190","6.224","6.224","6.190","-0.55%"
"09-12-2025","6.224","6.224","6.224","6.224","0.00%"
"08-12-2025","6.224","6.190","6.224","6.190","0.55%"
"05-12-2025","6.190","6.190","6.190","6.190","0.00%"
"04-12-2025","6.190","6.300","6.300","6.190","-1.75%"
"03-12-2025","6.300","6.300","6.300","6.300","0.10%"
"02-12-2025","6.294","6.315","6.315","6.294","-0.32%"
"01-12-2025","6.314","6.314","6.314","6.314","0.00%"
"28-11-2025","6.314","6.257","6.328","6.257","0.94%"
"27-11-2025","6.255","6.202","6.255","6.201","0.87%"
"26-11-2025","6.201","6.205","6.211","6.177","-0.06%"
"25-11-2025","6.205","6.225","6.225","6.177","-0.32%"
"24-11-2025","6.225","6.205","6.225","6.205","0.32%"
"21-11-2025","6.205","6.136","6.205","6.136","1.11%"
"20-11-2025","6.137","6.140","6.171","6.137","-0.05%"
"19-11-2025","6.140","6.141","6.141","6.140","-0.03%"
"18-11-2025","6.142","6.140","6.142","6.140","0.02%"
"17-11-2025","6.141","6.138","6.141","6.120","0.34%"
"14-11-2025","6.120","6.113","6.125","6.113","0.13%"
"13-11-2025","6.112","6.149","6.149","6.112","-0.63%"
"12-11-2025","6.151","6.159","6.160","6.151","-0.13%"
"11-11-2025","6.159","6.139","6.193","6.139","0.33%"
"10-11-2025","6.139","6.139","6.169","6.136","-0.02%"
"07-11-2025","6.140","6.172","6.172","6.140","-0.52%"
"06-11-2025","6.172","6.159","6.193","6.159","0.21%"
"05-11-2025","6.159","6.153","6.166","6.153","0.10%"
"04-11-2025","6.153","6.180","6.180","6.153","-0.44%"
"03-11-2025","6.180","6.099","6.180","6.099","1.33%"
"31-10-2025","6.099","6.059","6.099","6.059","0.66%"
"30-10-2025","6.059","6.003","6.059","6.003","0.92%"
"29-10-2025","6.004","6.000","6.013","6.000","0.07%"
"28-10-2025","6.000","5.993","6.004","5.993","-0.08%"
"27-10-2025","6.005","5.973","6.014","5.973","0.18%"
"24-10-2025","5.994","5.993","6.007","5.979","0.02%"
"23-10-2025","5.993","5.993","5.993","5.987","-0.02%"
"22-10-2025","5.994","5.953","5.994","5.941","0.65%"
"21-10-2025","5.955","5.949","5.956","5.948","0.13%"
"20-10-2025","5.947","5.928","5.947","5.925","0.34%"
"17-10-2025","5.927","5.925","5.927","5.925","0.05%"
"16-10-2025","5.924","6.014","6.033","5.924","-1.51%"
"15-10-2025","6.015","6.059","6.059","6.015","-0.68%"
"14-10-2025","6.056","6.115","6.115","6.051","-0.96%"
"13-10-2025","6.115","6.189","6.189","6.115","-0.39%"
"10-10-2025","6.139","6.268","6.268","6.139","-2.06%"
"09-10-2025","6.268","6.231","6.281","6.197","2.27%"
"08-10-2025","6.129","6.268","6.268","6.129","-2.22%"
"07-10-2025","6.268","6.314","6.321","6.268","-0.74%"
"06-10-2025","6.315","6.318","6.328","6.315","-0.19%"
"03-10-2025","6.327","6.334","6.337","6.327","-0.09%"
"02-10-2025","6.333","6.319","6.333","6.319","0.24%"
"01-10-2025","6.318","6.344","6.352","6.318","-0.36%"
"30-09-2025","6.341","6.352","6.361","6.341","-0.16%"
"29-09-2025","6.351","6.435","6.435","6.346","-1.24%"
"26-09-2025","6.431","6.430","6.431","6.429","0.03%"
"25-09-2025","6.429","6.395","6.431","6.395","0.52%"
"24-09-2025","6.396","6.353","6.396","6.331","0.68%"
"23-09-2025","6.353","6.333","6.353","6.333","0.32%"
"22-09-2025","6.333","6.333","6.333","6.333","0.14%"
"19-09-2025","6.324","6.304","6.324","6.302","0.30%"
"18-09-2025","6.305","6.333","6.340","6.305","-0.54%"
"17-09-2025","6.339","6.331","6.339","6.331","0.13%"
"16-09-2025","6.331","6.335","6.335","6.331","-0.06%"
"15-09-2025","6.335","6.320","6.336","6.320","0.25%"
"12-09-2025","6.319","6.415","6.415","6.319","-1.50%"
"11-09-2025","6.415","6.436","6.436","6.415","-0.30%"
"10-09-2025","6.434","6.465","6.465","6.434","-0.46%"
"09-09-2025","6.464","6.423","6.489","6.420","0.65%"
"08-09-2025","6.422","6.402","6.425","6.356","0.31%"
"04-09-2025","6.402","6.402","6.402","6.402","-0.02%"
"03-09-2025","6.403","6.382","6.403","6.382","0.76%"
"02-09-2025","6.355","6.335","6.362","6.335","0.32%"
"01-09-2025","6.335","6.335","6.335","6.335","0.21%"
"29-08-2025","6.322","6.303","6.324","6.302","0.32%"
"28-08-2025","6.302","6.343","6.343","6.302","-0.63%"
"27-08-2025","6.342","6.347","6.347","6.315","-0.09%"
"26-08-2025","6.348","6.324","6.372","6.324","0.36%"
"25-08-2025","6.325","6.370","6.376","6.310","-0.71%"
"22-08-2025","6.370","6.336","6.370","6.336","0.54%"
"21-08-2025","6.336","6.309","6.336","6.309","-1.48%"
"20-08-2025","6.431","6.390","6.431","6.390","0.64%"
"19-08-2025","6.390","6.390","6.390","6.390","-0.02%"
"15-08-2025","6.391","6.403","6.403","6.391","-0.19%"
"14-08-2025","6.403","6.425","6.425","6.403","-0.48%"
"13-08-2025","6.434","6.433","6.434","6.433","0.00%"
"12-08-2025","6.434","6.443","6.447","6.433","-0.09%"
"11-08-2025","6.440","6.405","6.442","6.405","0.25%"
"08-08-2025","6.424","6.443","6.443","6.423","-0.29%"
"07-08-2025","6.443","6.469","6.469","6.443","-0.40%"
"06-08-2025","6.469","6.473","6.514","6.469","-0.08%"
"05-08-2025","6.474","6.474","6.474","6.474","0.00%"
"04-08-2025","6.474","6.610","6.610","6.474","-1.64%"
"01-08-2025","6.582","6.546","6.582","6.546","0.55%"
"31-07-2025","6.546","6.550","6.580","6.546","-0.05%"
"30-07-2025","6.549","6.569","6.569","6.535","-0.02%"
"29-07-2025","6.550","6.537","6.551","6.536","0.18%"
"28-07-2025","6.538","6.522","6.542","6.522","0.25%"
"25-07-2025","6.522","6.510","6.527","6.510","0.18%"
"24-07-2025","6.510","6.489","6.512","6.489","0.31%"
"23-07-2025","6.490","6.484","6.491","6.482","0.11%"
"22-07-2025","6.483","6.516","6.524","6.483","-0.51%"
"21-07-2025","6.516","6.522","6.549","6.516","-0.53%"
"18-07-2025","6.551","6.590","6.592","6.522","-0.59%"
"17-07-2025","6.590","6.569","6.591","6.569","0.32%"
"16-07-2025","6.569","6.563","6.599","6.561","0.11%"
"15-07-2025","6.562","6.584","6.608","6.562","-0.33%"
"14-07-2025","6.584","6.577","6.612","6.577","0.11%"
"11-07-2025","6.577","6.586","6.586","6.569","-0.12%"
"10-07-2025","6.585","6.593","6.593","6.585","-0.11%"
"09-07-2025","6.592","6.584","6.614","6.584","0.12%"
"08-07-2025","6.584","6.592","6.604","6.584","-0.14%"
"07-07-2025","6.593","6.591","6.600","6.564","-0.03%"
"04-07-2025","6.595","6.599","6.614","6.599","0.04%"
"03-07-2025","6.593","6.613","6.615","6.584","-0.18%"
"02-07-2025","6.604","6.592","6.615","6.591","0.30%"
"01-07-2025","6.584","6.630","6.631","6.592","-0.56%"
"30-06-2025","6.622","6.632","6.651","6.623","-0.13%"
"26-06-2025","6.630","6.669","6.670","6.640","-0.70%"
"25-06-2025","6.677","6.709","6.709","6.692","-0.37%"
"24-06-2025","6.702","6.821","6.821","6.708","-1.59%"
"23-06-2025","6.810","6.749","6.825","6.749","0.98%"
"20-06-2025","6.744","6.736","6.755","6.736","0.26%"
"19-06-2025","6.727","6.713","6.745","6.712","0.31%"
"18-06-2025","6.706","6.719","6.727","6.708","-0.08%"
"17-06-2025","6.712","6.705","6.736","6.695","0.24%"
"16-06-2025","6.695","6.714","6.777","6.705","0.05%"
"13-06-2025","6.692","6.689","6.712","6.689","0.30%"
"12-06-2025","6.672","6.733","6.735","6.678","-0.74%"
"11-06-2025","6.721","6.752","6.752","6.733","-0.40%"
"10-06-2025","6.748","6.763","6.790","6.751","0.15%"
"05-06-2025","6.739","6.808","6.808","6.751","-0.94%"
"04-06-2025","6.802","6.819","6.825","6.809","-0.15%"
"03-06-2025","6.813","6.840","6.845","6.815","-0.25%"
"02-06-2025","6.830","6.832","6.867","6.832","0.13%"
"28-05-2025","6.821","6.820","6.845","6.819","0.15%"
"27-05-2025","6.811","6.821","6.822","6.812","0.06%"
"26-05-2025","6.806","6.811","6.827","6.794","-0.04%"
"23-05-2025","6.809","6.844","6.844","6.830","-0.33%"
"22-05-2025","6.832","6.819","6.858","6.819","0.33%"
"21-05-2025","6.809","6.839","6.839","6.813","-0.35%"
"20-05-2025","6.833","6.864","6.864","6.831","-0.33%"
"19-05-2025","6.856","6.866","6.887","6.859","-0.08%"
"16-05-2025","6.861","6.912","6.915","6.863","-0.65%"
"15-05-2025","6.906","6.902","6.917","6.902","0.27%"
"14-05-2025","6.887","6.852","6.922","6.852","0.86%"
"09-05-2025","6.829","6.877","6.877","6.850","-0.31%"
"08-05-2025","6.850","6.836","6.856","6.817","0.31%"
"07-05-2025","6.829","6.870","6.871","6.835","-0.49%"
"06-05-2025","6.863","6.865","6.907","6.865","0.18%"
"05-05-2025","6.851","6.865","6.886","6.856","-0.04%"
"02-05-2025","6.853","6.852","6.888","6.852","0.38%"
"30-04-2025","6.827","6.873","6.886","6.847","-0.59%"
"29-04-2025","6.867","6.898","6.905","6.873","-0.29%"
"28-04-2025","6.887","6.914","6.923","6.894","-0.28%"
"25-04-2025","6.906","6.948","6.966","6.916","-0.32%"
"24-04-2025","6.929","6.955","6.964","6.946","-0.13%"
"23-04-2025","6.938","6.997","7.003","6.950","-0.59%"
"22-04-2025","6.979","6.978","7.002","6.976","0.40%"
"21-04-2025","6.951","6.942","6.997","6.942","0.46%"
"17-04-2025","6.920","6.929","6.938","6.925","0.00%"
"16-04-2025","6.920","6.999","7.000","6.929","-0.56%"
"15-04-2025","6.959","7.027","7.027","6.984","-0.69%"
"14-04-2025","7.008","7.067","7.067","7.020","-0.44%"
"11-04-2025","7.039","7.093","7.104","7.064","0.35%"
"10-04-2025","7.015","7.140","7.140","7.016","-1.49%"
"09-04-2025","7.121","7.083","7.235","7.064","0.81%"
"08-04-2025","7.063","6.990","7.201","6.990","1.42%"
"27-03-2025","6.964","7.104","7.104","6.980","-1.78%"
"26-03-2025","7.090","7.205","7.205","7.102","-1.47%"
"25-03-2025","7.196","7.176","7.232","7.176","0.38%"
"24-03-2025","7.169","7.193","7.221","7.176","-0.19%"
"21-03-2025","7.183","7.111","7.197","7.111","1.35%"
"20-03-2025","7.088","7.091","7.114","7.078","0.30%"
"19-03-2025","7.067","7.036","7.096","7.036","0.61%"
"18-03-2025","7.024","6.999","7.036","6.998","0.60%"
"17-03-2025","6.982","6.975","6.999","6.975","0.28%"
"14-03-2025","6.963","6.954","6.981","6.953","0.38%"
"13-03-2025","6.936","6.925","6.955","6.924","0.31%"
"12-03-2025","6.915","6.919","6.925","6.911","0.20%"
"11-03-2025","6.901","6.880","6.922","6.880","0.48%"
"10-03-2025","6.868","6.878","6.885","6.871","0.15%"
"07-03-2025","6.858","6.886","6.897","6.869","-0.25%"
"06-03-2025","6.875","6.850","6.888","6.845","0.42%"
"05-03-2025","6.846","6.879","6.879","6.848","-0.36%"
"04-03-2025","6.871","6.883","6.884","6.875","-0.02%"
"03-03-2025","6.872","6.919","6.926","6.883","-0.76%"
"28-02-2025","6.925","6.929","7.007","6.919","-0.06%"
"27-02-2025","6.929","6.851","6.941","6.851","1.11%"
"26-02-2025","6.853","6.863","6.863","6.852","-0.16%"
"25-02-2025","6.864","6.783","6.864","6.781","1.21%"
"24-02-2025","6.782","6.789","6.789","6.769","-0.09%"
"21-02-2025","6.788","6.770","6.790","6.757","0.28%"
"20-02-2025","6.769","6.846","6.853","6.769","-1.15%"
"19-02-2025","6.848","6.758","6.852","6.758","1.33%"
"18-02-2025","6.758","6.834","6.836","6.757","-1.08%"
"17-02-2025","6.832","6.749","6.838","6.749","1.20%"
"14-02-2025","6.751","6.840","6.844","6.743","-1.29%"
"13-02-2025","6.839","6.832","6.851","6.828","0.10%"
"12-02-2025","6.832","6.807","6.833","6.807","0.37%"
"11-02-2025","6.807","6.832","6.847","6.804","-0.37%"
"10-02-2025","6.832","6.899","6.899","6.821","-0.81%"
"07-02-2025","6.888","6.894","6.904","6.874","-0.07%"
"06-02-2025","6.893","6.917","6.958","6.842","-0.33%"
"05-02-2025","6.916","6.984","6.984","6.916","-1.62%"
"04-02-2025","7.030","7.063","7.094","7.030","-0.47%"
"03-02-2025","7.063","6.981","7.098","6.981","1.13%"
"31-01-2025","6.984","6.966","6.996","6.966","0.27%"
"30-01-2025","6.965","6.967","6.979","6.954","0.13%"
"24-01-2025","6.956","7.066","7.066","6.948","-1.57%"
"23-01-2025","7.067","7.099","7.123","7.058","-0.44%"
"22-01-2025","7.098","7.114","7.131","7.098","-0.24%"
"21-01-2025","7.115","7.173","7.173","7.114","-0.82%"
"20-01-2025","7.174","7.148","7.174","7.148","0.32%"
"17-01-2025","7.151","7.162","7.163","7.136","-0.17%"
"16-01-2025","7.163","7.242","7.242","7.163","-1.08%"
"15-01-2025","7.241","7.297","7.320","7.241","-0.78%"
"14-01-2025","7.298","7.297","7.307","7.293","0.00%"
"13-01-2025","7.298","7.161","7.312","7.161","1.80%"
"10-01-2025","7.169","7.219","7.220","7.164","-0.78%"
"09-01-2025","7.225","7.188","7.225","7.185","0.51%"
"08-01-2025","7.188","7.123","7.191","7.123","0.91%"
"07-01-2025","7.123","7.068","7.168","7.068","0.79%"
"06-01-2025","7.067","7.015","7.077","7.015","0.37%"
"03-01-2025","7.041","6.992","7.044","6.992","0.44%"
"02-01-2025","7.010","7.038","7.038","7.010","-0.17%"
"31-12-2024","7.022","7.031","7.050","7.022","-0.11%"
"30-12-2024","7.030","7.037","7.051","7.030","0.04%"
"27-12-2024","7.027","7.024","7.028","7.023","-0.13%"
"24-12-2024","7.036","7.050","7.050","7.036","-0.14%"
"23-12-2024","7.046","7.075","7.075","7.042","-0.23%"
"20-12-2024","7.062","7.110","7.110","7.062","-0.68%"
"19-12-2024","7.110","7.066","7.110","7.065","0.64%"
"18-12-2024","7.065","7.066","7.066","7.064","0.01%"
"17-12-2024","7.064","7.069","7.073","7.064","-0.08%"
"16-12-2024","7.070","7.074","7.074","7.054","0.11%"
"13-12-2024","7.062","6.987","7.065","6.987","1.07%"
"12-12-2024","6.987","6.949","6.995","6.944","0.55%"
"11-12-2024","6.949","6.920","6.955","6.920","0.40%"
"10-12-2024","6.921","6.916","6.921","6.916","0.07%"
"09-12-2024","6.916","6.906","6.916","6.906","-0.01%"
"06-12-2024","6.917","6.906","6.917","6.906","0.16%"
"05-12-2024","6.906","6.906","6.911","6.906","0.00%"
"04-12-2024","6.906","6.891","6.906","6.891","0.22%"
"03-12-2024","6.891","6.887","6.891","6.885","0.09%"
"02-12-2024","6.885","6.913","6.913","6.874","0.19%"
"29-11-2024","6.872","6.903","6.903","6.870","-0.45%"
"28-11-2024","6.903","6.905","6.920","6.903","-0.29%"
"26-11-2024","6.923","6.898","6.960","6.895","0.39%"
"25-11-2024","6.896","6.905","6.911","6.893","-0.17%"
"22-11-2024","6.908","6.906","6.914","6.904","0.03%"
"21-11-2024","6.906","6.897","6.920","6.897","0.28%"
"20-11-2024","6.887","6.904","6.904","6.880","-0.26%"
"19-11-2024","6.905","6.902","6.909","6.888","0.07%"
"18-11-2024","6.900","6.920","6.920","6.900","-0.03%"
"15-11-2024","6.902","6.939","6.941","6.902","-0.55%"
"14-11-2024","6.940","6.911","6.940","6.910","0.43%"
"13-11-2024","6.910","6.874","6.945","6.874","0.52%"
"12-11-2024","6.874","6.754","6.879","6.754","1.84%"
"11-11-2024","6.750","6.770","6.770","6.726","0.33%"
"08-11-2024","6.728","6.777","6.777","6.728","-0.74%"
"07-11-2024","6.778","6.770","6.785","6.770","0.12%"
"06-11-2024","6.770","6.742","6.792","6.740","0.43%"
"05-11-2024","6.741","6.768","6.779","6.736","-0.38%"
"04-11-2024","6.767","6.770","6.777","6.758","-0.10%"
"01-11-2024","6.774","6.777","6.781","6.754","-0.04%"
"31-10-2024","6.777","6.829","6.849","6.777","-0.76%"
"30-10-2024","6.829","6.854","6.868","6.829","-0.39%"
"29-10-2024","6.856","6.843","6.868","6.842","0.18%"
"28-10-2024","6.844","6.807","6.845","6.807","1.32%"
"25-10-2024","6.755","6.767","6.776","6.750","-0.18%"
"24-10-2024","6.767","6.814","6.819","6.766","-0.69%"
"23-10-2024","6.814","6.738","6.834","6.738","1.13%"
"22-10-2024","6.738","6.641","6.738","6.641","1.46%"
"21-10-2024","6.641","6.652","6.666","6.625","-0.15%"
"18-10-2024","6.651","6.668","6.668","6.650","-0.27%"
"17-10-2024","6.669","6.674","6.674","6.650","-0.07%"
"16-10-2024","6.674","6.714","6.714","6.674","-0.57%"
"15-10-2024","6.712","6.691","6.714","6.683","0.31%"
"14-10-2024","6.691","6.696","6.700","6.623","0.07%"
"11-10-2024","6.686","6.679","6.688","6.676","0.10%"
"10-10-2024","6.679","6.677","6.694","6.677","0.03%"
"09-10-2024","6.677","6.716","6.725","6.677","-0.58%"
"08-10-2024","6.716","6.787","6.802","6.716","-1.03%"
"07-10-2024","6.786","6.645","6.789","6.645","2.15%"
"04-10-2024","6.643","6.521","6.660","6.520","1.87%"
"03-10-2024","6.521","6.496","6.521","6.495","0.40%"
"02-10-2024","6.495","6.459","6.497","6.459","0.56%"
"01-10-2024","6.459","6.460","6.465","6.448","-0.03%"
"30-09-2024","6.461","6.465","6.465","6.434","0.17%"
"27-09-2024","6.450","6.471","6.474","6.430","-0.31%"
"26-09-2024","6.470","6.441","6.555","6.441","0.43%"
"25-09-2024","6.442","6.442","6.532","6.425","0.02%"
"24-09-2024","6.441","6.453","6.458","6.432","-0.19%"
"23-09-2024","6.453","6.426","6.470","6.426","0.39%"
"20-09-2024","6.428","6.481","6.482","6.428","-0.83%"
"19-09-2024","6.482","6.547","6.548","6.482","-0.99%"
"18-09-2024","6.547","6.562","6.568","6.546","-0.20%"
"17-09-2024","6.560","6.573","6.573","6.560","-0.02%"
"13-09-2024","6.561","6.585","6.588","6.560","-0.36%"
"12-09-2024","6.585","6.577","6.614","6.577","0.11%"
"11-09-2024","6.578","6.622","6.630","6.574","-0.66%"
"10-09-2024","6.622","6.614","6.622","6.611","0.12%"
"09-09-2024","6.614","6.610","6.642","6.602","0.17%"
"06-09-2024","6.603","6.622","6.622","6.589","-0.29%"
"05-09-2024","6.622","6.669","6.669","6.622","-0.70%"
"04-09-2024","6.669","6.659","6.684","6.657","0.15%"
"03-09-2024","6.659","6.639","6.677","6.639","0.29%"
"02-09-2024","6.640","6.619","6.641","6.619","0.23%"
"30-08-2024","6.625","6.619","6.641","6.619","0.11%"
"29-08-2024","6.618","6.622","6.630","6.618","-0.06%"
"28-08-2024","6.622","6.633","6.648","6.622","-0.17%"
"27-08-2024","6.633","6.631","6.661","6.625","0.45%"
"26-08-2024","6.603","6.624","6.628","6.588","-0.38%"
"23-08-2024","6.628","6.666","6.698","6.626","-0.58%"
"22-08-2024","6.667","6.605","6.667","6.604","0.92%"
"21-08-2024","6.606","6.624","6.624","6.590","-0.29%"
"20-08-2024","6.625","6.683","6.696","6.625","-0.90%"
"19-08-2024","6.685","6.704","6.704","6.682","-0.30%"
"16-08-2024","6.705","6.758","6.760","6.705","-0.06%"
"15-08-2024","6.709","6.741","6.741","6.709","-0.47%"
"14-08-2024","6.741","6.778","6.778","6.741","-0.55%"
"13-08-2024","6.778","6.800","6.801","6.772","-0.32%"
"12-08-2024","6.800","6.769","6.809","6.767","0.49%"
"09-08-2024","6.767","6.775","6.813","6.767","-0.12%"
"08-08-2024","6.775","6.805","6.806","6.773","-0.46%"
"07-08-2024","6.806","6.822","6.823","6.804","-0.25%"
"06-08-2024","6.823","6.808","6.831","6.807","0.24%"
"05-08-2024","6.807","6.842","6.842","6.770","-0.50%"
"02-08-2024","6.841","6.835","6.841","6.835","0.09%"
"01-08-2024","6.835","6.890","6.891","6.834","-0.78%"
"31-07-2024","6.889","6.923","6.923","6.889","-0.48%"
"30-07-2024","6.922","6.912","6.938","6.912","0.16%"
"29-07-2024","6.911","6.973","6.973","6.911","-0.75%"
"26-07-2024","6.963","6.972","7.018","6.959","-0.11%"
"25-07-2024","6.971","6.989","7.010","6.971","-0.24%"
"24-07-2024","6.988","7.004","7.022","6.988","-0.23%"
"23-07-2024","7.004","6.988","7.008","6.988","0.21%"
"22-07-2024","6.989","6.950","7.002","6.950","0.60%"
"19-07-2024","6.947","6.900","6.947","6.900","0.68%"
"18-07-2024","6.900","6.904","6.963","6.899","-0.06%"
"17-07-2024","6.904","6.927","6.927","6.903","-0.30%"
"16-07-2024","6.925","6.957","6.966","6.924","-0.47%"
"15-07-2024","6.958","6.927","6.979","6.927","0.40%"
"12-07-2024","6.930","6.983","6.984","6.929","-0.76%"
"11-07-2024","6.983","7.016","7.029","6.983","-0.46%"
"10-07-2024","7.015","7.060","7.060","7.015","-0.51%"
"09-07-2024","7.051","7.031","7.051","7.031","0.28%"
"08-07-2024","7.031","7.059","7.059","7.002","-0.21%"
"05-07-2024","7.046","7.067","7.072","7.032","-0.31%"
"04-07-2024","7.068","7.094","7.098","7.063","-0.37%"
"03-07-2024","7.094","7.112","7.123","7.093","-0.24%"
"02-07-2024","7.111","7.069","7.113","7.068","0.61%"
"01-07-2024","7.068","7.044","7.088","7.044","0.20%"
"28-06-2024","7.054","7.087","7.087","7.051","-0.48%"
"27-06-2024","7.088","7.082","7.139","7.082","0.08%"
"26-06-2024","7.082","7.067","7.113","7.067","0.21%"
"25-06-2024","7.067","7.096","7.115","7.067","-0.42%"
"24-06-2024","7.097","7.117","7.128","7.096","-0.25%"
"21-06-2024","7.115","7.144","7.186","7.115","-0.41%"
"20-06-2024","7.144","7.094","7.147","7.094","0.70%"
"19-06-2024","7.094","7.220","7.243","7.093","-0.64%"
"14-06-2024","7.140","6.963","7.209","6.963","2.54%"
"13-06-2024","6.963","7.022","7.030","6.962","-0.84%"
"12-06-2024","7.022","7.021","7.022","7.017","0.01%"
"11-06-2024","7.021","6.982","7.028","6.982","0.59%"
"10-06-2024","6.980","6.925","6.982","6.905","1.04%"
"07-06-2024","6.908","6.920","6.925","6.897","-0.16%"
"06-06-2024","6.919","6.926","6.927","6.911","-0.09%"
"05-06-2024","6.925","6.878","6.928","6.871","0.71%"
"04-06-2024","6.876","6.913","6.913","6.839","-0.51%"
"03-06-2024","6.911","6.953","6.953","6.911","-0.27%"
"31-05-2024","6.930","6.947","6.948","6.929","-0.24%"
"30-05-2024","6.947","6.933","6.988","6.933","0.22%"
"29-05-2024","6.932","6.896","6.950","6.896","0.52%"
"28-05-2024","6.896","6.886","6.919","6.885","0.15%"
"27-05-2024","6.886","6.837","6.921","6.837","0.64%"
"22-05-2024","6.842","6.884","6.896","6.841","-0.60%"
"21-05-2024","6.883","6.883","6.917","6.880","0.00%"
"20-05-2024","6.883","6.808","6.887","6.802","1.19%"
"17-05-2024","6.802","6.761","6.802","6.761","0.59%"
"16-05-2024","6.762","6.862","6.880","6.761","-2.45%"
"15-05-2024","6.932","6.969","6.996","6.914","-0.52%"
"14-05-2024","6.968","7.035","7.053","6.968","-0.95%"
"13-05-2024","7.035","6.981","7.062","6.972","0.90%"
"08-05-2024","6.972","6.944","6.978","6.944","0.42%"
"07-05-2024","6.943","6.880","6.946","6.880","0.92%"
"06-05-2024","6.880","6.995","6.995","6.866","-1.57%"
"03-05-2024","6.990","7.155","7.155","6.988","-2.29%"
"02-05-2024","7.154","7.274","7.274","7.153","-1.57%"
"30-04-2024","7.268","7.236","7.272","7.234","0.40%"
"29-04-2024","7.239","7.192","7.329","7.192","0.44%"
"26-04-2024","7.207","7.122","7.214","7.122","1.19%"
"25-04-2024","7.122","7.083","7.139","7.076","0.62%"
"24-04-2024","7.078","7.054","7.102","6.986","0.34%"
"23-04-2024","7.054","7.077","7.077","7.043","-0.32%"
"22-04-2024","7.077","7.052","7.078","7.044","0.48%"
"19-04-2024","7.043","6.909","7.057","6.909","1.92%"
"18-04-2024","6.910","6.976","6.976","6.909","-0.96%"
"17-04-2024","6.977","6.939","7.037","6.936","0.55%"
"16-04-2024","6.939","6.658","6.946","6.658","4.46%"
"05-04-2024","6.643","6.683","6.685","6.622","-0.60%"
"04-04-2024","6.683","6.695","6.700","6.681","-0.16%"
"03-04-2024","6.694","6.696","6.698","6.680","-0.03%"
"02-04-2024","6.696","6.702","6.707","6.677","-0.06%"
"01-04-2024","6.700","6.708","6.708","6.694","0.12%"
"28-03-2024","6.692","6.732","6.737","6.692","-0.58%"
"27-03-2024","6.731","6.713","6.731","6.712","0.27%"
"26-03-2024","6.713","6.660","6.717","6.659","0.78%"
"25-03-2024","6.661","6.652","6.662","6.652","0.06%"
"22-03-2024","6.657","6.627","6.661","6.627","0.48%"
"21-03-2024","6.625","6.665","6.666","6.625","-0.63%"
"20-03-2024","6.667","6.638","6.667","6.638","0.38%"
"19-03-2024","6.642","6.655","6.655","6.642","-0.18%"
"18-03-2024","6.654","6.652","6.654","6.642","0.09%"
"15-03-2024","6.648","6.645","6.660","6.644","0.06%"
"14-03-2024","6.644","6.641","6.651","6.641","0.06%"
"13-03-2024","6.640","6.638","6.659","6.625","0.09%"
"08-03-2024","6.634","6.641","6.641","6.634","-0.09%"
"07-03-2024","6.640","6.641","6.641","6.640","0.02%"
"06-03-2024","6.639","6.650","6.651","6.625","-0.18%"
"05-03-2024","6.651","6.650","6.654","6.647","0.02%"
"04-03-2024","6.650","6.624","6.652","6.624","0.35%"
"01-03-2024","6.627","6.605","6.628","6.605","0.32%"
"29-02-2024","6.606","6.597","6.606","6.597","0.14%"
"28-02-2024","6.597","6.584","6.610","6.584","0.18%"
"27-02-2024","6.585","6.569","6.597","6.569","0.24%"
"26-02-2024","6.569","6.555","6.569","6.555","0.08%"
"23-02-2024","6.564","6.543","6.573","6.543","0.31%"
"22-02-2024","6.544","6.597","6.607","6.543","-0.80%"
"21-02-2024","6.597","6.615","6.616","6.597","-0.24%"
"20-02-2024","6.613","6.611","6.630","6.610","0.03%"
"19-02-2024","6.611","6.618","6.644","6.611","-0.15%"
"16-02-2024","6.621","6.622","6.646","6.617","-0.03%"
"15-02-2024","6.623","6.639","6.644","6.595","-0.29%"
"13-02-2024","6.642","6.630","6.652","6.630","0.18%"
"12-02-2024","6.630","6.611","6.643","6.606","0.17%"
"07-02-2024","6.619","6.609","6.620","6.609","0.14%"
"06-02-2024","6.610","6.620","6.662","6.609","-0.18%"
"05-02-2024","6.622","6.522","6.624","6.519","1.58%"
"02-02-2024","6.519","6.545","6.545","6.516","-0.40%"
"01-02-2024","6.545","6.585","6.585","6.536","-0.61%"
"31-01-2024","6.585","6.608","6.608","6.585","-0.35%"
"30-01-2024","6.608","6.626","6.627","6.604","-0.30%"
"29-01-2024","6.628","6.652","6.652","6.626","-0.23%"
"26-01-2024","6.643","6.636","6.650","6.636","0.11%"
"25-01-2024","6.636","6.617","6.636","6.617","0.29%"
"24-01-2024","6.617","6.604","6.661","6.604","0.20%"
"23-01-2024","6.604","6.597","6.606","6.597","0.15%"
"22-01-2024","6.594","6.590","6.594","6.585","-0.11%"
"19-01-2024","6.601","6.673","6.673","6.601","-1.08%"
"18-01-2024","6.673","6.704","6.735","6.673","-0.48%"
"17-01-2024","6.705","6.668","6.713","6.668","0.55%"
"16-01-2024","6.668","6.665","6.684","6.665","0.05%"
"15-01-2024","6.665","6.659","6.665","6.649","0.11%"
"12-01-2024","6.658","6.649","6.658","6.640","0.14%"
"11-01-2024","6.649","6.686","6.686","6.630","-1.23%"
"10-01-2024","6.732","6.728","6.745","6.728","0.06%"
"09-01-2024","6.728","6.715","6.733","6.715","0.19%"
"08-01-2024","6.715","6.700","6.715","6.700","0.99%"
"05-01-2024","6.649","6.623","6.651","6.623","0.41%"
"04-01-2024","6.622","6.637","6.638","6.621","-0.03%"
"03-01-2024","6.624","6.521","6.624","6.521","1.56%"
"02-01-2024","6.522","6.477","6.524","6.477","-0.46%"
"01-01-2024","6.552","6.552","6.552","6.552","1.08%"
"29-12-2023","6.482","6.494","6.494","6.482","-0.11%"
"28-12-2023","6.489","6.495","6.495","6.482","-0.15%"
"27-12-2023","6.499","6.499","6.502","6.494","-1.15%"
"25-12-2023","6.575","6.575","6.575","6.575","1.16%"
"22-12-2023","6.499","6.503","6.506","6.499","0.08%"
"21-12-2023","6.494","6.504","6.504","6.494","-0.14%"
"20-12-2023","6.503","6.519","6.519","6.502","-0.14%"
"19-12-2023","6.512","6.522","6.523","6.509","-0.50%"
"18-12-2023","6.545","6.761","6.761","6.545","-1.42%"
"15-12-2023","6.639","6.690","6.690","6.639","-1.09%"
"14-12-2023","6.712","6.744","6.748","6.712","-0.47%"
"13-12-2023","6.744","6.693","6.773","6.693","0.76%"
"12-12-2023","6.693","6.622","6.693","6.622","1.29%"
"11-12-2023","6.608","6.587","6.617","6.587","0.29%"
"08-12-2023","6.589","6.590","6.594","6.588","0.14%"
"07-12-2023","6.580","6.591","6.591","6.580","-0.14%"
"06-12-2023","6.589","6.580","6.611","6.580","-0.15%"
"05-12-2023","6.599","6.612","6.612","6.599","-0.18%"
"04-12-2023","6.611","6.602","6.612","6.602","0.14%"
"01-12-2023","6.602","6.627","6.627","6.602","-0.21%"
"30-11-2023","6.616","6.614","6.616","6.604","-0.27%"
"29-11-2023","6.634","6.750","6.750","6.634","-1.29%"
"28-11-2023","6.721","6.735","6.735","6.717","-0.09%"
"27-11-2023","6.727","6.674","6.735","6.674","0.79%"
"24-11-2023","6.674","6.650","6.677","6.649","0.50%"
"23-11-2023","6.641","6.658","6.658","6.641","-0.14%"
"22-11-2023","6.650","6.672","6.672","6.650","-0.18%"
"21-11-2023","6.662","6.654","6.664","6.631","0.29%"
"20-11-2023","6.643","6.639","6.646","6.610","0.09%"
"17-11-2023","6.637","6.745","6.745","6.637","-1.56%"
"16-11-2023","6.742","6.750","6.777","6.742","-0.85%"
"15-11-2023","6.800","6.946","6.946","6.800","-2.10%"
"14-11-2023","6.946","6.944","6.948","6.941","0.64%"
"13-11-2023","6.902","6.704","6.926","6.704","1.98%"
"10-11-2023","6.768","6.741","6.781","6.741","0.40%"
"09-11-2023","6.741","6.752","6.753","6.741","-0.16%"
"08-11-2023","6.752","6.744","6.752","6.718","0.52%"
"07-11-2023","6.717","6.690","6.754","6.688","0.39%"
"06-11-2023","6.691","6.850","6.887","6.688","-2.72%"
"03-11-2023","6.878","6.936","6.936","6.847","-1.26%"
"02-11-2023","6.966","7.055","7.056","6.934","-1.15%"
"01-11-2023","7.047","7.072","7.081","7.042","-0.35%"
"31-10-2023","7.072","7.122","7.136","7.072","-0.70%"
"30-10-2023","7.122","7.117","7.135","7.117","-0.53%"
"27-10-2023","7.160","7.212","7.212","7.142","-0.56%"
"26-10-2023","7.200","7.187","7.262","7.187","0.17%"
"25-10-2023","7.188","7.245","7.245","7.188","-0.79%"
"24-10-2023","7.245","7.290","7.298","7.245","-0.26%"
"23-10-2023","7.264","7.192","7.264","7.192","1.40%"
"20-10-2023","7.164","7.110","7.164","7.099","2.05%"
"19-10-2023","7.020","6.838","7.020","6.838","2.75%"
"18-10-2023","6.832","6.840","6.928","6.832","0.29%"
"17-10-2023","6.812","6.767","6.812","6.765","0.78%"
"16-10-2023","6.759","6.742","6.795","6.740","-0.34%"
"13-10-2023","6.782","6.815","6.831","6.782","0.16%"
"12-10-2023","6.771","6.800","6.800","6.762","-0.83%"
"11-10-2023","6.828","6.920","6.920","6.828","-1.63%"
"10-10-2023","6.941","7.005","7.005","6.941","-0.90%"
"09-10-2023","7.004","7.013","7.057","7.004","-0.06%"
"06-10-2023","7.008","7.035","7.035","7.005","-0.38%"
"05-10-2023","7.035","7.109","7.109","7.023","-0.68%"
"04-10-2023","7.083","7.025","7.083","7.025","0.83%"
"03-10-2023","7.025","6.988","7.050","6.988","0.77%"
"02-10-2023","6.971","6.925","6.971","6.901","0.88%"
"29-09-2023","6.910","6.888","6.910","6.878","-1.18%"
"28-09-2023","6.992","6.992","6.992","6.992","1.55%"
"27-09-2023","6.886","6.846","6.888","6.846","0.57%"
"26-09-2023","6.847","6.747","6.862","6.747","1.57%"
"25-09-2023","6.741","6.737","6.764","6.729","0.06%"
"22-09-2023","6.737","6.823","6.823","6.737","-0.91%"
"21-09-2023","6.799","6.765","6.799","6.754","0.50%"
"20-09-2023","6.765","6.759","6.827","6.759","0.24%"
"19-09-2023","6.749","6.734","6.754","6.730","0.49%"
"18-09-2023","6.716","6.687","6.735","6.687","0.34%"
"15-09-2023","6.693","6.640","6.693","6.640","0.78%"
"14-09-2023","6.641","6.682","6.682","6.623","-0.61%"
"13-09-2023","6.682","6.652","6.703","6.652","0.48%"
"12-09-2023","6.650","6.616","6.650","6.616","0.83%"
"11-09-2023","6.595","6.532","6.595","6.532","0.50%"
"08-09-2023","6.562","6.570","6.581","6.562","0.00%"
"07-09-2023","6.562","6.534","6.573","6.511","0.64%"
"06-09-2023","6.520","6.446","6.521","6.446","1.15%"
"05-09-2023","6.446","6.397","6.446","6.397","0.99%"
"04-09-2023","6.383","6.372","6.397","6.372","0.03%"
"01-09-2023","6.381","6.381","6.386","6.381","0.00%"
"31-08-2023","6.381","6.367","6.389","6.367","0.20%"
"30-08-2023","6.368","6.389","6.389","6.354","-0.41%"
"29-08-2023","6.394","6.466","6.466","6.394","-1.11%"
"28-08-2023","6.466","6.505","6.540","6.465","-0.95%"
"25-08-2023","6.528","6.575","6.575","6.528","-0.70%"
"24-08-2023","6.574","6.614","6.614","6.552","-0.60%"
"23-08-2023","6.614","6.687","6.692","6.614","-0.94%"
"22-08-2023","6.677","6.623","6.742","6.623","1.46%"
"21-08-2023","6.581","6.513","6.638","6.513","1.37%"
"18-08-2023","6.492","6.430","6.496","6.430","-0.38%"
"17-08-2023","6.517","6.517","6.517","6.517","1.20%"
"16-08-2023","6.440","6.423","6.447","6.423","0.47%"
"15-08-2023","6.410","6.383","6.410","6.383","0.56%"
"14-08-2023","6.374","6.327","6.382","6.327","0.70%"
"11-08-2023","6.330","6.333","6.346","6.327","0.03%"
"10-08-2023","6.328","6.330","6.345","6.328","-0.11%"
"09-08-2023","6.335","6.360","6.365","6.335","-0.35%"
"08-08-2023","6.357","6.361","6.366","6.351","0.16%"
"07-08-2023","6.347","6.348","6.362","6.328","0.14%"
"04-08-2023","6.338","6.306","6.342","6.305","0.84%"
"03-08-2023","6.285","6.281","6.285","6.271","0.27%"
"02-08-2023","6.268","6.267","6.281","6.263","0.02%"
"01-08-2023","6.267","6.272","6.276","6.267","-0.02%"
"31-07-2023","6.268","6.294","6.306","6.268","-0.10%"
"28-07-2023","6.274","6.261","6.281","6.261","0.26%"
"27-07-2023","6.258","6.272","6.272","6.242","0.05%"
"26-07-2023","6.255","6.240","6.255","6.233","0.35%"
"25-07-2023","6.233","6.261","6.261","6.230","-0.21%"
"24-07-2023","6.246","6.295","6.295","6.243","0.03%"
"21-07-2023","6.244","6.241","6.246","6.227","0.29%"
"20-07-2023","6.226","6.207","6.241","6.207","0.23%"
"18-07-2023","6.212","6.209","6.214","6.202","0.18%"
"17-07-2023","6.201","6.194","6.201","6.189","0.16%"
"14-07-2023","6.191","6.196","6.196","6.180","-0.08%"
"13-07-2023","6.196","6.206","6.206","6.192","-0.13%"
"12-07-2023","6.204","6.250","6.250","6.201","-0.74%"
"11-07-2023","6.250","6.258","6.263","6.245","-0.13%"
"10-07-2023","6.258","6.229","6.258","6.229","0.19%"
"07-07-2023","6.246","6.210","6.263","6.210","0.58%"
"06-07-2023","6.210","6.200","6.232","6.200","0.37%"
"05-07-2023","6.187","6.227","6.227","6.187","-0.63%"
"04-07-2023","6.226","6.231","6.236","6.226","-0.08%"
"03-07-2023","6.231","6.223","6.233","6.223","-1.49%"
"28-06-2023","6.325","6.325","6.325","6.325","1.09%"
"27-06-2023","6.257","6.289","6.291","6.257","-0.46%"
"26-06-2023","6.286","6.298","6.312","6.286","-0.30%"
"23-06-2023","6.305","6.296","6.305","6.286","0.13%"
"22-06-2023","6.297","6.324","6.324","6.297","-0.43%"
"21-06-2023","6.324","6.345","6.345","6.324","-0.33%"
"20-06-2023","6.345","6.324","6.369","6.324","0.55%"
"19-06-2023","6.310","6.299","6.314","6.295","0.06%"
"16-06-2023","6.306","6.286","6.306","6.286","0.43%"
"15-06-2023","6.279","6.271","6.284","6.261","0.27%"
"14-06-2023","6.262","6.294","6.294","6.248","-0.65%"
"13-06-2023","6.303","6.309","6.316","6.300","-0.10%"
"12-06-2023","6.309","6.327","6.331","6.309","-0.50%"
"09-06-2023","6.341","6.368","6.368","6.341","-0.42%"
"08-06-2023","6.368","6.344","6.385","6.344","0.36%"
"07-06-2023","6.345","6.341","6.345","6.316","-0.16%"
"06-06-2023","6.355","6.400","6.400","6.355","-0.70%"
"05-06-2023","6.400","6.369","6.406","6.369","-0.87%"
"01-06-2023","6.456","6.456","6.456","6.456","1.00%"
"31-05-2023","6.392","6.400","6.400","6.392","0.00%"
"30-05-2023","6.392","6.417","6.417","6.392","-0.28%"
"29-05-2023","6.410","6.417","6.429","6.410","-0.39%"
"26-05-2023","6.435","6.411","6.445","6.411","0.42%"
"25-05-2023","6.408","6.423","6.436","6.406","-0.19%"
"24-05-2023","6.420","6.444","6.449","6.420","-0.19%"
"23-05-2023","6.432","6.461","6.461","6.420","-0.34%"
"22-05-2023","6.454","6.418","6.459","6.418","0.44%"
"19-05-2023","6.426","6.350","6.430","6.350","-0.28%"
"18-05-2023","6.444","6.444","6.444","6.444","1.23%"
"17-05-2023","6.366","6.408","6.415","6.366","-0.53%"
"16-05-2023","6.400","6.428","6.434","6.389","-0.28%"
"15-05-2023","6.418","6.405","6.473","6.405","0.20%"
"12-05-2023","6.405","6.436","6.436","6.383","-0.36%"
"11-05-2023","6.428","6.480","6.480","6.424","-0.71%"
"10-05-2023","6.474","6.500","6.500","6.469","-0.05%"
"09-05-2023","6.477","6.493","6.504","6.456","0.08%"
"08-05-2023","6.472","6.467","6.502","6.460","0.56%"
"05-05-2023","6.436","6.437","6.444","6.402","-0.08%"
"04-05-2023","6.441","6.511","6.511","6.441","-1.36%"
"03-05-2023","6.530","6.520","6.533","6.509","0.20%"
"02-05-2023","6.517","6.523","6.523","6.509","-0.29%"
"28-04-2023","6.536","6.543","6.557","6.536","0.06%"
"27-04-2023","6.532","6.579","6.588","6.502","-0.73%"
"26-04-2023","6.580","6.654","6.654","6.564","-2.49%"
"19-04-2023","6.748","6.748","6.748","6.748","1.20%"
"18-04-2023","6.668","6.648","6.684","6.648","0.36%"
"17-04-2023","6.644","6.634","6.644","6.634","0.08%"
"14-04-2023","6.639","6.649","6.649","6.622","-0.06%"
"13-04-2023","6.643","6.646","6.649","6.629","0.06%"
"12-04-2023","6.639","6.676","6.677","6.634","-0.51%"
"11-04-2023","6.673","6.698","6.698","6.673","-0.39%"
"10-04-2023","6.699","6.648","6.704","6.643","-0.80%"
"07-04-2023","6.753","6.753","6.753","6.753","1.12%"
"06-04-2023","6.678","6.711","6.715","6.674","-0.49%"
"05-04-2023","6.711","6.758","6.758","6.711","-0.52%"
"04-04-2023","6.746","6.795","6.797","6.736","-0.60%"
"03-04-2023","6.787","6.801","6.801","6.755","-0.41%"
"31-03-2023","6.815","6.843","6.843","6.797","-0.31%"
"30-03-2023","6.836","6.829","6.864","6.829","0.09%"
"29-03-2023","6.830","6.808","6.831","6.808","0.38%"
"28-03-2023","6.804","6.802","6.811","6.772","0.03%"
"27-03-2023","6.802","6.753","6.802","6.753","-0.60%"
"24-03-2023","6.843","6.886","6.892","6.767","-2.15%"
"22-03-2023","6.994","6.994","6.994","6.994","1.33%"
"21-03-2023","6.902","6.905","6.915","6.893","0.16%"
"20-03-2023","6.891","6.851","6.900","6.851","-0.89%"
"17-03-2023","6.953","6.856","6.984","6.856","1.94%"
"16-03-2023","6.821","6.763","6.821","6.721","0.96%"
"15-03-2023","6.756","6.804","6.806","6.756","-0.52%"
"14-03-2023","6.791","6.893","6.893","6.766","-1.48%"
"13-03-2023","6.893","6.928","6.931","6.844","-0.99%"
"10-03-2023","6.962","7.041","7.041","6.962","-1.09%"
"09-03-2023","7.039","7.043","7.059","7.023","0.64%"
"08-03-2023","6.994","6.979","7.022","6.979","0.30%"
"07-03-2023","6.973","6.962","6.974","6.954","0.23%"
"06-03-2023","6.957","6.964","6.981","6.944","-0.36%"
"03-03-2023","6.982","6.937","6.990","6.937","0.65%"
"02-03-2023","6.937","6.898","6.945","6.898","0.73%"
"01-03-2023","6.887","6.887","6.899","6.882","0.03%"
"28-02-2023","6.885","6.867","6.885","6.861","0.64%"
"27-02-2023","6.841","6.790","6.845","6.790","0.75%"
"24-02-2023","6.790","6.807","6.812","6.790","-0.13%"
"23-02-2023","6.799","6.779","6.819","6.778","0.44%"
"22-02-2023","6.769","6.740","6.830","6.740","0.56%"
"21-02-2023","6.731","6.730","6.737","6.726","0.21%"
"20-02-2023","6.717","6.721","6.735","6.716","-0.16%"
"17-02-2023","6.728","6.719","6.740","6.692","-0.25%"
"16-02-2023","6.745","6.770","6.774","6.745","-0.27%"
"15-02-2023","6.763","6.713","6.763","6.713","0.67%"
"14-02-2023","6.718","6.743","6.746","6.711","-0.16%"
"13-02-2023","6.729","6.667","6.753","6.667","0.88%"
"10-02-2023","6.670","6.646","6.675","6.646","0.56%"
"09-02-2023","6.633","6.699","6.699","6.624","-1.09%"
"08-02-2023","6.706","6.732","6.735","6.706","-0.16%"
"07-02-2023","6.717","6.671","6.721","6.671","0.81%"
"06-02-2023","6.663","6.545","6.688","6.545","1.45%"
"03-02-2023","6.568","6.568","6.568","6.568","-0.92%"
"02-02-2023","6.629","6.653","6.654","6.622","-0.35%"
"01-02-2023","6.652","6.707","6.708","6.645","-0.81%"
"31-01-2023","6.706","6.776","6.785","6.700","-0.86%"
"30-01-2023","6.764","6.743","6.791","6.743","0.55%"
"27-01-2023","6.727","6.690","6.727","6.686","0.64%"
"26-01-2023","6.684","6.666","6.693","6.666","0.32%"
"25-01-2023","6.663","6.620","6.663","6.616","0.68%"
"24-01-2023","6.618","6.617","6.623","6.604","-1.51%"
"23-01-2023","6.720","6.720","6.720","6.720","1.29%"
"20-01-2023","6.634","6.675","6.682","6.634","-0.61%"
"19-01-2023","6.675","6.716","6.716","6.672","-0.61%"
"18-01-2023","6.716","6.784","6.791","6.713","-1.00%"
"17-01-2023","6.784","6.738","6.812","6.738","0.68%"
"16-01-2023","6.738","6.722","6.738","6.708","0.61%"
"13-01-2023","6.697","6.729","6.729","6.623","-0.48%"
"12-01-2023","6.729","6.808","6.815","6.729","-1.16%"
"11-01-2023","6.808","6.863","6.863","6.808","-0.80%"
"10-01-2023","6.863","6.935","6.935","6.863","-1.04%"
"09-01-2023","6.935","6.964","6.978","6.882","-0.45%"
"06-01-2023","6.966","6.996","7.008","6.966","-0.43%"
"05-01-2023","6.996","7.024","7.034","6.989","-0.41%"
"04-01-2023","7.025","7.050","7.056","7.024","-0.35%"
"03-01-2023","7.050","6.966","7.057","6.966","1.82%"
"02-01-2023","6.924","6.935","6.935","6.924","-0.01%"
"30-12-2022","6.925","6.892","6.935","6.888","0.44%"
"29-12-2022","6.895","6.927","6.927","6.895","-0.39%"
"28-12-2022","6.922","6.938","6.938","6.922","0.19%"
"27-12-2022","6.909","6.923","6.927","6.904","-0.03%"
"26-12-2022","6.911","6.912","6.923","6.911","-0.19%"
"23-12-2022","6.924","6.948","6.948","6.918","0.09%"
"22-12-2022","6.918","6.957","6.957","6.905","-0.16%"
"21-12-2022","6.929","6.918","6.951","6.918","0.33%"
"20-12-2022","6.906","6.896","6.906","6.881","0.36%"
"19-12-2022","6.881","6.873","6.891","6.866","-0.28%"
"16-12-2022","6.900","6.865","6.903","6.863","0.60%"
"15-12-2022","6.859","6.920","6.920","6.859","-0.94%"
"14-12-2022","6.924","6.957","6.957","6.912","-0.35%"
"13-12-2022","6.948","6.957","6.971","6.946","0.00%"
"12-12-2022","6.948","6.918","6.950","6.917","-0.14%"
"09-12-2022","6.958","6.946","6.958","6.917","0.07%"
"08-12-2022","6.953","7.023","7.023","6.953","-0.88%"
"07-12-2022","7.015","6.929","7.015","6.929","1.45%"
"06-12-2022","6.915","6.891","6.925","6.891","0.44%"
"05-12-2022","6.885","6.827","6.885","6.827","0.61%"
"02-12-2022","6.843","6.842","6.856","6.842","-0.19%"
"01-12-2022","6.856","6.964","6.964","6.854","-1.34%"
"30-11-2022","6.949","6.978","7.000","6.944","-0.43%"
"29-11-2022","6.979","6.977","6.984","6.977","0.17%"
"28-11-2022","6.967","6.947","6.982","6.944","0.35%"
"25-11-2022","6.943","6.978","6.978","6.938","-0.73%"
"24-11-2022","6.994","7.022","7.029","6.978","-0.50%"
"23-11-2022","7.029","7.063","7.063","7.027","-0.41%"
"22-11-2022","7.058","7.081","7.097","7.058","-0.17%"
"21-11-2022","7.070","7.052","7.076","7.044","0.35%"
"18-11-2022","7.045","7.021","7.062","7.021","0.41%"
"17-11-2022","7.016","7.000","7.016","7.000","0.19%"
"16-11-2022","7.003","7.040","7.056","7.001","-0.57%"
"15-11-2022","7.043","7.090","7.096","7.043","-0.82%"
"14-11-2022","7.101","7.066","7.161","7.066","-1.40%"
"11-11-2022","7.202","7.333","7.333","7.202","-1.64%"
"10-11-2022","7.322","7.322","7.327","7.309","-0.01%"
"09-11-2022","7.323","7.462","7.462","7.320","-1.88%"
"08-11-2022","7.463","7.476","7.476","7.452","-0.07%"
"07-11-2022","7.468","7.466","7.486","7.463","-0.19%"
"04-11-2022","7.482","7.443","7.482","7.443","0.63%"
"03-11-2022","7.435","7.420","7.435","7.407","-0.27%"
"02-11-2022","7.455","7.535","7.535","7.442","-1.13%"
"01-11-2022","7.540","7.552","7.552","7.517","-0.01%"
"31-10-2022","7.541","7.512","7.558","7.512","-0.57%"
"28-10-2022","7.584","7.584","7.595","7.561","0.13%"
"27-10-2022","7.574","7.639","7.642","7.543","-0.82%"
"26-10-2022","7.637","7.676","7.676","7.629","-0.16%"
"25-10-2022","7.649","7.657","7.657","7.649","-0.07%"
"24-10-2022","7.654","7.653","7.661","7.647","1.31%"
"21-10-2022","7.555","7.521","7.555","7.515","0.63%"
"20-10-2022","7.508","7.456","7.560","7.456","0.87%"
"19-10-2022","7.443","7.457","7.457","7.418","-0.01%"
"18-10-2022","7.444","7.423","7.457","7.423","0.43%"
"17-10-2022","7.412","7.384","7.421","7.377","1.04%"
"14-10-2022","7.336","7.380","7.400","7.321","-0.30%"
"13-10-2022","7.358","7.368","7.368","7.331","0.07%"
"12-10-2022","7.353","7.362","7.400","7.353","0.35%"
"11-10-2022","7.327","7.294","7.339","7.294","0.67%"
"10-10-2022","7.278","7.260","7.302","7.250","0.50%"
"07-10-2022","7.242","7.211","7.242","7.209","0.32%"
"06-10-2022","7.219","7.179","7.219","7.179","0.25%"
"05-10-2022","7.201","7.291","7.291","7.185","-1.23%"
"04-10-2022","7.291","7.381","7.381","7.291","-0.91%"
"03-10-2022","7.358","7.381","7.381","7.355","-0.30%"
"30-09-2022","7.380","7.389","7.413","7.380","-0.18%"
"29-09-2022","7.393","7.423","7.423","7.321","-0.18%"
"28-09-2022","7.406","7.398","7.421","7.370","0.08%"
"27-09-2022","7.400","7.359","7.420","7.359","0.78%"
"26-09-2022","7.343","7.318","7.374","7.318","0.95%"
"23-09-2022","7.274","7.243","7.278","7.239","0.64%"
"22-09-2022","7.228","7.198","7.230","7.196","0.46%"
"21-09-2022","7.195","7.210","7.218","7.190","-0.04%"
"20-09-2022","7.198","7.219","7.219","7.194","-0.15%"
"19-09-2022","7.209","7.217","7.240","7.179","-0.07%"
"16-09-2022","7.214","7.178","7.219","7.170","0.61%"
"15-09-2022","7.170","7.117","7.170","7.117","0.65%"
"14-09-2022","7.124","7.136","7.136","7.107","0.10%"
"13-09-2022","7.117","7.160","7.166","7.117","-0.74%"
"12-09-2022","7.170","7.162","7.172","7.146","-0.10%"
"09-09-2022","7.177","7.200","7.225","7.174","-0.46%"
"08-09-2022","7.210","7.201","7.269","7.195","0.12%"
"07-09-2022","7.201","7.180","7.204","7.180","0.26%"
"06-09-2022","7.182","7.160","7.184","7.158","0.27%"
"05-09-2022","7.163","7.138","7.235","7.138","0.27%"
"02-09-2022","7.144","7.137","7.153","7.131","0.10%"
"01-09-2022","7.137","7.128","7.157","7.128","0.28%"
"31-08-2022","7.117","7.130","7.132","7.115","-0.50%"
"30-08-2022","7.153","7.159","7.234","7.153","0.17%"
"29-08-2022","7.141","7.062","7.220","7.062","0.96%"
"26-08-2022","7.073","7.064","7.073","7.053","0.17%"
"25-08-2022","7.061","7.072","7.072","7.049","-0.07%"
"24-08-2022","7.066","7.132","7.134","7.066","-1.26%"
"23-08-2022","7.156","7.150","7.186","7.150","0.01%"
"22-08-2022","7.155","7.143","7.263","7.124","0.86%"
"19-08-2022","7.094","7.056","7.096","7.056","0.67%"
"18-08-2022","7.047","7.016","7.054","7.016","-0.30%"
"16-08-2022","7.068","7.071","7.095","7.068","0.27%"
"15-08-2022","7.049","7.001","7.060","6.996","1.12%"
"12-08-2022","6.971","6.993","6.993","6.951","-0.56%"
"11-08-2022","7.010","7.104","7.104","7.003","-1.31%"
"10-08-2022","7.103","7.114","7.120","7.090","-0.15%"
"09-08-2022","7.114","7.110","7.114","7.091","0.25%"
"08-08-2022","7.096","7.103","7.146","7.096","-0.66%"
"05-08-2022","7.143","7.194","7.195","7.136","-1.00%"
"04-08-2022","7.215","7.236","7.238","7.208","-0.14%"
"03-08-2022","7.225","7.188","7.255","7.188","0.92%"
"02-08-2022","7.159","7.131","7.160","7.127","0.46%"
"01-08-2022","7.126","7.110","7.170","7.095","-0.99%"
"29-07-2022","7.197","7.311","7.313","7.182","-1.55%"
"28-07-2022","7.310","7.409","7.415","7.305","-1.40%"
"27-07-2022","7.414","7.433","7.456","7.414","-0.01%"
"26-07-2022","7.415","7.424","7.424","7.388","-0.36%"
"25-07-2022","7.442","7.472","7.472","7.423","-0.65%"
"22-07-2022","7.491","7.496","7.500","7.487","0.09%"
"21-07-2022","7.484","7.467","7.503","7.467","0.25%"
"20-07-2022","7.465","7.433","7.492","7.433","0.66%"
"19-07-2022","7.416","7.394","7.432","7.394","0.46%"
"18-07-2022","7.382","7.354","7.383","7.354","0.23%"
"15-07-2022","7.365","7.318","7.365","7.318","1.15%"
"14-07-2022","7.281","7.246","7.282","7.236","0.51%"
"13-07-2022","7.244","7.272","7.272","7.229","-0.45%"
"12-07-2022","7.277","7.297","7.339","7.277","-0.22%"
"11-07-2022","7.293","7.256","7.300","7.256","0.50%"
"08-07-2022","7.257","7.279","7.288","7.257","-0.27%"
"07-07-2022","7.277","7.261","7.277","7.239","0.00%"
"06-07-2022","7.277","7.333","7.333","7.277","-0.29%"
"05-07-2022","7.298","7.275","7.325","7.275","0.36%"
"04-07-2022","7.272","7.270","7.278","7.254","0.41%"
"01-07-2022","7.242","7.240","7.244","7.228","-0.10%"
"30-06-2022","7.249","7.280","7.280","7.222","-0.54%"
"29-06-2022","7.288","7.305","7.324","7.288","-0.05%"
"28-06-2022","7.292","7.305","7.332","7.281","-0.33%"
"27-06-2022","7.316","7.299","7.351","7.278","-0.85%"
"24-06-2022","7.379","7.394","7.397","7.351","-0.70%"
"23-06-2022","7.431","7.499","7.499","7.431","-0.84%"
"22-06-2022","7.494","7.513","7.516","7.487","-0.27%"
"21-06-2022","7.514","7.517","7.544","7.514","0.20%"
"20-06-2022","7.499","7.541","7.541","7.494","0.44%"
"17-06-2022","7.466","7.424","7.482","7.424","0.74%"
"16-06-2022","7.411","7.466","7.466","7.391","-0.32%"
"15-06-2022","7.435","7.413","7.471","7.403","0.30%"
"14-06-2022","7.413","7.329","7.479","7.329","1.69%"
"13-06-2022","7.290","7.199","7.301","7.199","0.97%"
"10-06-2022","7.220","7.199","7.230","7.199","0.46%"
"09-06-2022","7.187","7.156","7.274","7.156","1.10%"
"08-06-2022","7.109","7.065","7.109","7.039","1.18%"
"07-06-2022","7.026","6.976","7.049","6.976","0.86%"
"06-06-2022","6.966","6.919","6.979","6.919","-0.43%"
"03-06-2022","6.996","7.050","7.050","6.944","-0.71%"
"02-06-2022","7.046","7.028","7.080","7.028","-0.01%"
"31-05-2022","7.047","7.076","7.091","7.047","-0.25%"
"30-05-2022","7.065","7.064","7.067","7.028","-1.06%"
"27-05-2022","7.141","7.145","7.165","7.118","-0.86%"
"25-05-2022","7.203","7.241","7.245","7.203","-0.26%"
"24-05-2022","7.222","7.198","7.227","7.188","0.31%"
"23-05-2022","7.200","7.204","7.225","7.197","-1.10%"
"20-05-2022","7.280","7.335","7.335","7.254","-0.76%"
"19-05-2022","7.336","7.344","7.359","7.332","-0.05%"
"18-05-2022","7.340","7.380","7.380","7.340","-0.69%"
"17-05-2022","7.391","7.382","7.496","7.381","0.19%"
"13-05-2022","7.377","7.390","7.395","7.377","-0.30%"
"12-05-2022","7.399","7.414","7.414","7.399","-0.27%"
"11-05-2022","7.419","7.386","7.419","7.386","1.21%"
"10-05-2022","7.330","7.202","7.330","7.202","2.23%"
"09-05-2022","7.170","6.996","7.170","6.996","2.46%"
"28-04-2022","6.998","6.999","7.006","6.963","0.04%"
"27-04-2022","6.995","7.037","7.055","6.991","-0.41%"
"26-04-2022","7.024","7.049","7.049","7.015","-0.27%"
"25-04-2022","7.043","7.031","7.082","7.017","0.96%"
"22-04-2022","6.976","6.992","6.992","6.974","-0.03%"
"21-04-2022","6.978","6.992","6.992","6.978","0.00%"
"20-04-2022","6.978","6.992","7.003","6.978","0.01%"
"19-04-2022","6.977","6.969","6.979","6.957","0.29%"
"18-04-2022","6.957","6.925","6.964","6.922","0.51%"
"14-04-2022","6.922","6.937","6.965","6.916","0.07%"
"13-04-2022","6.917","6.879","6.917","6.879","0.60%"
"12-04-2022","6.876","6.832","6.905","6.832","0.61%"
"11-04-2022","6.834","6.807","6.851","6.805","0.66%"
"08-04-2022","6.789","6.802","6.802","6.788","-0.04%"
"07-04-2022","6.792","6.782","6.795","6.782","0.18%"
"06-04-2022","6.780","6.760","6.800","6.760","0.46%"
"05-04-2022","6.749","6.752","6.759","6.745","-0.03%"
"04-04-2022","6.751","6.743","6.792","6.743","-0.06%"
"01-04-2022","6.755","6.759","6.759","6.751","0.09%"
"31-03-2022","6.749","6.750","6.753","6.732","-0.03%"
"30-03-2022","6.751","6.770","6.780","6.751","-0.13%"
"29-03-2022","6.760","6.716","6.764","6.716","0.67%"
"28-03-2022","6.715","6.686","6.715","6.686","0.15%"
"25-03-2022","6.705","6.719","6.719","6.698","-0.18%"
"24-03-2022","6.717","6.742","6.742","6.714","-0.36%"
"23-03-2022","6.741","6.728","6.777","6.728","0.16%"
"22-03-2022","6.730","6.724","6.758","6.711","0.15%"
"21-03-2022","6.720","6.720","6.738","6.720","-0.04%"
"18-03-2022","6.723","6.741","6.741","6.715","-0.28%"
"17-03-2022","6.742","6.749","6.760","6.739","-0.10%"
"16-03-2022","6.749","6.738","6.766","6.738","0.22%"
"15-03-2022","6.734","6.726","6.739","6.714","0.16%"
"14-03-2022","6.723","6.705","6.729","6.705","-0.12%"
"11-03-2022","6.731","6.764","6.778","6.719","-0.49%"
"10-03-2022","6.764","6.797","6.808","6.761","-0.49%"
"09-03-2022","6.797","6.808","6.860","6.797","-0.01%"
"08-03-2022","6.798","6.713","6.798","6.713","1.27%"
"07-03-2022","6.713","6.705","6.729","6.675","1.15%"
"04-03-2022","6.637","6.510","6.637","6.507","1.33%"
"02-03-2022","6.550","6.510","6.560","6.507","0.61%"
"01-03-2022","6.510","6.510","6.515","6.509","0.00%"
"25-02-2022","6.510","6.515","6.528","6.509","-0.08%"
"24-02-2022","6.515","6.503","6.519","6.502","0.22%"
"23-02-2022","6.501","6.503","6.504","6.496","-0.03%"
"22-02-2022","6.503","6.494","6.506","6.494","0.14%"
"21-02-2022","6.494","6.489","6.496","6.489","-0.12%"
"18-02-2022","6.502","6.517","6.517","6.502","-0.09%"
"17-02-2022","6.508","6.513","6.513","6.508","-0.06%"
"16-02-2022","6.512","6.510","6.512","6.504","0.03%"
"15-02-2022","6.510","6.517","6.522","6.510","0.03%"
"14-02-2022","6.508","6.578","6.578","6.508","0.08%"
"11-02-2022","6.503","6.498","6.510","6.498","0.08%"
"10-02-2022","6.498","6.496","6.501","6.496","0.00%"
"09-02-2022","6.498","6.503","6.514","6.498","0.03%"
"08-02-2022","6.496","6.500","6.516","6.496","0.06%"
"07-02-2022","6.492","6.475","6.538","6.470","0.60%"
"04-02-2022","6.453","6.447","6.465","6.447","0.16%"
"03-02-2022","6.443","6.441","6.445","6.438","0.03%"
"02-02-2022","6.441","6.427","6.448","6.425","-0.12%"
"31-01-2022","6.449","6.461","6.461","6.449","-0.22%"
"28-01-2022","6.463","6.464","6.480","6.453","0.44%"
"27-01-2022","6.435","6.416","6.447","6.412","0.37%"
"26-01-2022","6.411","6.410","6.413","6.404","0.05%"
"25-01-2022","6.408","6.418","6.418","6.406","-0.16%"
"24-01-2022","6.418","6.421","6.436","6.418","-0.11%"
"21-01-2022","6.425","6.420","6.432","6.420","0.05%"
"20-01-2022","6.422","6.413","6.427","6.413","0.12%"
"19-01-2022","6.414","6.400","6.422","6.400","0.28%"
"18-01-2022","6.396","6.398","6.405","6.396","0.11%"
"17-01-2022","6.389","6.387","6.391","6.385","-0.20%"
"14-01-2022","6.402","6.411","6.411","6.402","-0.16%"
"13-01-2022","6.412","6.418","6.419","6.412","-0.22%"
"12-01-2022","6.426","6.451","6.451","6.418","-0.33%"
"11-01-2022","6.447","6.471","6.471","6.442","-0.25%"
"10-01-2022","6.463","6.454","6.463","6.450","0.62%"
"07-01-2022","6.423","6.356","6.445","6.356","1.05%"
"06-01-2022","6.356","6.307","6.356","6.307","0.78%"
"05-01-2022","6.307","6.291","6.309","6.291","-1.59%"
"04-01-2022","6.409","6.370","6.409","6.368","0.64%"
"03-01-2022","6.368","6.382","6.382","6.368","0.00%"
"31-12-2021","6.368","6.368","6.382","6.365","-0.13%"
"30-12-2021","6.376","6.368","6.382","6.365","0.22%"
"29-12-2021","6.362","6.352","6.389","6.352","0.13%"
"28-12-2021","6.354","6.355","6.357","6.347","0.11%"
"27-12-2021","6.347","6.410","6.410","6.342","-0.39%"
"24-12-2021","6.372","6.410","6.410","6.361","-0.27%"
"23-12-2021","6.389","6.410","6.410","6.389","-0.17%"
"22-12-2021","6.400","6.423","6.423","6.400","-0.36%"
"21-12-2021","6.423","6.440","6.440","6.423","-0.26%"
"20-12-2021","6.440","6.412","6.446","6.412","0.44%"
"17-12-2021","6.412","6.452","6.486","6.410","-0.16%"
"16-12-2021","6.422","6.418","6.422","6.401","0.34%"
"15-12-2021","6.400","6.362","6.411","6.353","1.11%"
"14-12-2021","6.330","6.331","6.354","6.330","0.25%"
"13-12-2021","6.314","6.310","6.319","6.308","0.10%"
"10-12-2021","6.308","6.337","6.337","6.308","-0.33%"
"09-12-2021","6.329","6.390","6.390","6.325","-0.83%"
"08-12-2021","6.382","6.417","6.417","6.355","-0.56%"
"07-12-2021","6.418","6.446","6.458","6.418","0.03%"
"06-12-2021","6.416","6.418","6.418","6.414","0.36%"
"03-12-2021","6.393","6.382","6.413","6.379","0.17%"
"02-12-2021","6.382","6.315","6.384","6.315","1.41%"
"01-12-2021","6.293","6.264","6.304","6.264","0.41%"
"30-11-2021","6.267","6.215","6.274","6.215","0.72%"
"29-11-2021","6.222","6.281","6.281","6.215","-0.08%"
"26-11-2021","6.227","6.204","6.227","6.204","0.50%"
"25-11-2021","6.196","6.197","6.201","6.194","0.13%"
"24-11-2021","6.188","6.174","6.188","6.166","0.18%"
"23-11-2021","6.177","6.201","6.201","6.177","-0.19%"
"22-11-2021","6.189","6.161","6.210","6.161","0.21%"
"19-11-2021","6.176","6.196","6.196","6.176","-0.23%"
"18-11-2021","6.190","6.194","6.198","6.190","0.15%"
"17-11-2021","6.181","6.196","6.196","6.176","-0.26%"
"16-11-2021","6.197","6.182","6.203","6.182","0.15%"
"15-11-2021","6.188","6.211","6.211","6.187","-0.21%"
"12-11-2021","6.201","6.197","6.201","6.186","0.50%"
"11-11-2021","6.170","6.155","6.187","6.155","0.21%"
"10-11-2021","6.157","6.155","6.159","6.155","-0.13%"
"09-11-2021","6.165","6.173","6.173","6.155","-0.21%"
"08-11-2021","6.178","6.197","6.197","6.174","-0.48%"
"05-11-2021","6.208","6.227","6.227","6.197","-0.27%"
"04-11-2021","6.225","6.232","6.247","6.225","-0.05%"
"03-11-2021","6.228","6.237","6.238","6.225","-0.21%"
"02-11-2021","6.241","6.251","6.255","6.239","0.19%"
"01-11-2021","6.229","6.190","6.229","6.190","0.97%"
"29-10-2021","6.169","6.174","6.174","6.164","0.18%"
"28-10-2021","6.158","6.155","6.168","6.155","0.08%"
"27-10-2021","6.153","6.155","6.160","6.144","-0.02%"
"26-10-2021","6.154","6.184","6.184","6.154","-0.24%"
"25-10-2021","6.169","6.168","6.176","6.159","-0.23%"
"22-10-2021","6.183","6.253","6.253","6.183","-0.35%"
"21-10-2021","6.205","6.177","6.236","6.177","-0.06%"
"19-10-2021","6.209","6.354","6.354","6.206","-0.02%"
"18-10-2021","6.210","6.354","6.354","6.206","-0.94%"
"15-10-2021","6.269","6.279","6.279","6.207","-0.40%"
"14-10-2021","6.294","6.337","6.337","6.291","-0.76%"
"13-10-2021","6.342","6.373","6.380","6.342","-0.47%"
"12-10-2021","6.372","6.376","6.394","6.355","0.14%"
"11-10-2021","6.363","6.339","6.364","6.339","0.20%"
"08-10-2021","6.350","6.341","6.369","6.341","0.35%"
"07-10-2021","6.328","6.304","6.332","6.304","0.29%"
"06-10-2021","6.310","6.335","6.335","6.310","-0.19%"
"05-10-2021","6.322","6.344","6.344","6.319","-0.17%"
"04-10-2021","6.333","6.341","6.360","6.333","-0.41%"
"01-10-2021","6.359","6.348","6.359","6.340","0.09%"
"30-09-2021","6.353","6.335","6.355","6.335","0.32%"
"29-09-2021","6.333","6.313","6.347","6.313","0.32%"
"28-09-2021","6.313","6.278","6.313","6.278","1.11%"
"27-09-2021","6.244","6.285","6.285","6.227","0.10%"
"24-09-2021","6.238","6.207","6.261","6.207","0.08%"
"23-09-2021","6.233","6.205","6.252","6.205","0.44%"
"22-09-2021","6.206","6.199","6.210","6.196","0.11%"
"21-09-2021","6.199","6.176","6.201","6.176","0.36%"
"20-09-2021","6.177","6.145","6.210","6.145","0.23%"
"17-09-2021","6.163","6.142","6.163","6.132","0.05%"
"16-09-2021","6.160","6.188","6.190","6.153","-0.21%"
"15-09-2021","6.173","6.168","6.183","6.131","0.03%"
"14-09-2021","6.171","6.171","6.180","6.171","0.15%"
"13-09-2021","6.162","6.145","6.180","6.145","0.11%"
"10-09-2021","6.155","6.191","6.193","6.154","-0.58%"
"09-09-2021","6.191","6.168","6.196","6.168","0.65%"
"08-09-2021","6.151","6.123","6.151","6.123","0.57%"
"07-09-2021","6.116","6.095","6.120","6.093","0.38%"
"06-09-2021","6.093","6.091","6.110","6.091","-0.64%"
"03-09-2021","6.132","6.117","6.132","6.117","0.31%"
"02-09-2021","6.113","6.053","6.113","6.053","0.94%"
"01-09-2021","6.056","6.050","6.056","6.036","-0.35%"
"31-08-2021","6.077","6.126","6.126","6.077","-1.04%"
"30-08-2021","6.141","6.168","6.170","6.133","-0.41%"
"27-08-2021","6.166","6.205","6.205","6.162","-0.15%"
"26-08-2021","6.175","6.227","6.231","6.163","-1.11%"
"25-08-2021","6.244","6.353","6.369","6.237","-1.82%"
"24-08-2021","6.360","6.391","6.391","6.320","-0.31%"
"23-08-2021","6.380","6.379","6.396","6.379","0.52%"
"20-08-2021","6.347","6.350","6.350","6.339","0.35%"
"19-08-2021","6.325","6.326","6.329","6.323","0.05%"
"18-08-2021","6.322","6.308","6.322","6.308","-0.44%"
"16-08-2021","6.350","6.400","6.400","6.346","-0.45%"
"13-08-2021","6.379","6.358","6.395","6.358","0.60%"
"12-08-2021","6.341","6.330","6.355","6.328","-0.84%"
"11-08-2021","6.395","6.395","6.395","6.395","0.93%"
"10-08-2021","6.336","6.344","6.365","6.336","-0.13%"
"09-08-2021","6.344","6.344","6.344","6.344","0.89%"
"06-08-2021","6.288","6.274","6.316","6.274","0.30%"
"05-08-2021","6.269","6.277","6.280","6.262","0.21%"
"04-08-2021","6.256","6.262","6.274","6.256","-0.32%"
"03-08-2021","6.276","6.310","6.310","6.276","-0.44%"
"02-08-2021","6.304","6.295","6.316","6.295","-0.05%"
"30-07-2021","6.307","6.286","6.307","6.286","0.02%"
"29-07-2021","6.306","6.351","6.354","6.306","-0.05%"
"28-07-2021","6.309","6.316","6.342","6.302","-0.13%"
"27-07-2021","6.317","6.351","6.351","6.317","0.05%"
"26-07-2021","6.314","6.302","6.327","6.302","0.25%"
"23-07-2021","6.298","6.342","6.342","6.293","-0.14%"
"22-07-2021","6.307","6.323","6.400","6.307","-0.32%"
"21-07-2021","6.327","6.351","6.351","6.327","-0.25%"
"19-07-2021","6.343","6.330","6.369","6.314","-1.46%"
"16-07-2021","6.437","6.457","6.457","6.437","-0.20%"
"15-07-2021","6.450","6.487","6.487","6.442","-0.86%"
"14-07-2021","6.506","6.497","6.506","6.473","-0.15%"
"13-07-2021","6.516","6.539","6.539","6.516","-0.35%"
"12-07-2021","6.539","6.534","6.556","6.534","-0.23%"
"09-07-2021","6.554","6.582","6.587","6.554","0.35%"
"08-07-2021","6.531","6.549","6.557","6.528","-0.34%"
"07-07-2021","6.553","6.588","6.588","6.535","-0.55%"
"06-07-2021","6.589","6.618","6.618","6.584","-0.83%"
"05-07-2021","6.644","6.570","6.644","6.570","0.12%"
"02-07-2021","6.636","6.634","6.636","6.603","0.33%"
"01-07-2021","6.614","6.634","6.634","6.614","-0.24%"
"30-06-2021","6.630","6.620","6.648","6.619","0.30%"
"29-06-2021","6.610","6.627","6.627","6.598","0.29%"
"28-06-2021","6.591","6.527","6.594","6.527","0.98%"
"25-06-2021","6.527","6.541","6.541","6.513","-1.26%"
"24-06-2021","6.610","6.629","6.650","6.607","-0.29%"
"23-06-2021","6.629","6.639","6.665","6.629","-0.15%"
"22-06-2021","6.639","6.567","6.641","6.567","1.16%"
"21-06-2021","6.563","6.534","6.597","6.534","-0.02%"
"18-06-2021","6.564","6.476","6.564","6.476","1.36%"
"17-06-2021","6.476","6.458","6.476","6.442","0.25%"
"16-06-2021","6.460","6.418","6.460","6.414","0.65%"
"15-06-2021","6.418","6.407","6.423","6.371","0.94%"
"14-06-2021","6.358","6.358","6.361","6.350","-1.18%"
"11-06-2021","6.434","6.324","6.439","6.324","1.40%"
"10-06-2021","6.345","6.345","6.345","6.345","-1.43%"
"09-06-2021","6.437","6.446","6.446","6.435","-0.14%"
"08-06-2021","6.446","6.435","6.449","6.421","0.11%"
"07-06-2021","6.439","6.414","6.447","6.414","-0.02%"
"04-06-2021","6.440","6.463","6.470","6.440","-0.22%"
"03-06-2021","6.454","6.449","6.456","6.401","0.08%"
"02-06-2021","6.449","6.428","6.453","6.416","0.06%"
"31-05-2021","6.445","6.428","6.456","6.421","0.30%"
"28-05-2021","6.426","6.472","6.475","6.423","-0.29%"
"27-05-2021","6.445","6.438","6.445","6.435","-1.39%"
"26-05-2021","6.536","6.536","6.536","6.536","1.47%"
"25-05-2021","6.441","6.487","6.487","6.439","-0.17%"
"24-05-2021","6.452","6.449","6.501","6.449","-1.03%"
"21-05-2021","6.519","6.521","6.526","6.509","0.45%"
"20-05-2021","6.490","6.496","6.529","6.490","-0.09%"
"19-05-2021","6.496","6.403","6.498","6.398","0.36%"
"18-05-2021","6.473","6.403","6.498","6.398","0.50%"
"17-05-2021","6.441","6.403","6.498","6.398","0.56%"
"11-05-2021","6.405","6.403","6.429","6.398","0.02%"
"10-05-2021","6.404","6.428","6.428","6.394","-0.61%"
"07-05-2021","6.443","6.463","6.482","6.435","-0.19%"
"06-05-2021","6.455","6.484","6.484","6.455","-0.34%"
"05-05-2021","6.477","6.494","6.494","6.447","0.39%"
"04-05-2021","6.452","6.494","6.494","6.452","-0.45%"
"03-05-2021","6.481","6.463","6.489","6.450","0.08%"
"30-04-2021","6.476","6.526","6.526","6.476","-0.46%"
"29-04-2021","6.506","6.524","6.526","6.499","0.11%"
"28-04-2021","6.499","6.470","6.559","6.470","0.71%"
"27-04-2021","6.453","6.450","6.471","6.450","0.28%"
"26-04-2021","6.435","6.450","6.452","6.431","-0.76%"
"23-04-2021","6.484","6.496","6.501","6.484","0.59%"
"22-04-2021","6.446","6.444","6.480","6.417","0.09%"
"21-04-2021","6.440","6.445","6.457","6.440","0.17%"
"20-04-2021","6.429","6.524","6.524","6.429","-0.71%"
"19-04-2021","6.475","6.484","6.511","6.443","-0.48%"
"16-04-2021","6.506","6.538","6.538","6.503","-0.96%"
"15-04-2021","6.569","6.577","6.638","6.566","-0.06%"
"14-04-2021","6.573","6.499","6.584","6.499","0.77%"
"13-04-2021","6.523","6.543","6.557","6.518","0.17%"
"12-04-2021","6.512","6.450","6.533","6.450","0.91%"
"09-04-2021","6.453","6.457","6.457","6.426","-0.17%"
"08-04-2021","6.464","6.552","6.552","6.464","-1.16%"
"07-04-2021","6.540","6.671","6.671","6.536","-1.93%"
"06-04-2021","6.669","6.568","6.669","6.512","0.79%"
"05-04-2021","6.617","6.674","6.709","6.617","-2.13%"
"01-04-2021","6.761","6.840","6.847","6.761","-0.78%"
"31-03-2021","6.814","6.850","6.859","6.814","0.29%"
"30-03-2021","6.794","6.784","6.840","6.784","0.56%"
"29-03-2021","6.756","6.709","6.763","6.709","0.10%"
"26-03-2021","6.749","6.787","6.795","6.749","0.30%"
"25-03-2021","6.729","6.784","6.784","6.729","-0.10%"
"24-03-2021","6.736","6.806","6.806","6.732","-0.55%"
"23-03-2021","6.773","6.846","6.846","6.709","-0.54%"
"22-03-2021","6.810","6.808","6.891","6.808","-0.16%"
"19-03-2021","6.821","6.822","6.825","6.793","1.02%"
"18-03-2021","6.752","6.782","6.782","6.737","-0.07%"
"17-03-2021","6.757","6.756","6.769","6.756","0.15%"
"16-03-2021","6.747","6.794","6.796","6.747","-0.16%"
"15-03-2021","6.758","6.730","6.829","6.730","0.42%"
"12-03-2021","6.730","6.779","6.779","6.666","0.10%"
"10-03-2021","6.723","6.779","6.779","6.723","-1.38%"
"09-03-2021","6.817","6.809","6.887","6.809","0.89%"
"08-03-2021","6.757","6.708","6.817","6.708","1.99%"
"05-03-2021","6.625","6.617","6.688","6.595","0.29%"
"04-03-2021","6.606","6.573","6.643","6.573","0.56%"
"03-03-2021","6.569","6.618","6.677","6.569","-0.26%"
"02-03-2021","6.586","6.636","6.636","6.582","-0.06%"
"01-03-2021","6.590","6.582","6.706","6.582","-0.12%"
"26-02-2021","6.598","6.574","6.617","6.544","0.84%"
"25-02-2021","6.543","6.566","6.575","6.541","-0.18%"
"24-02-2021","6.555","6.664","6.664","6.544","-1.40%"
"23-02-2021","6.648","6.673","6.754","6.648","-0.20%"
"22-02-2021","6.661","6.548","6.708","6.548","0.94%"
"19-02-2021","6.599","6.558","6.624","6.558","1.03%"
"18-02-2021","6.532","6.389","6.532","6.366","2.51%"
"17-02-2021","6.372","6.296","6.372","6.296","1.40%"
"16-02-2021","6.284","6.261","6.323","6.261","0.61%"
"15-02-2021","6.246","6.215","6.273","6.215","0.08%"
"11-02-2021","6.241","6.241","6.246","6.235","0.08%"
"10-02-2021","6.236","6.224","6.236","6.207","0.24%"
"09-02-2021","6.221","6.203","6.221","6.203","0.40%"
"08-02-2021","6.196","6.142","6.231","6.142","0.50%"
"05-02-2021","6.165","6.208","6.213","6.165","-0.56%"
"04-02-2021","6.200","6.216","6.226","6.128","0.36%"
"03-02-2021","6.178","6.188","6.188","6.168","-0.02%"
"02-02-2021","6.179","6.219","6.219","6.179","-0.64%"
"01-02-2021","6.219","6.202","6.259","6.129","-0.61%"
"29-01-2021","6.257","6.271","6.280","6.257","0.02%"
"28-01-2021","6.256","6.301","6.308","6.253","-0.78%"
"27-01-2021","6.305","6.327","6.327","6.296","0.27%"
"26-01-2021","6.288","6.295","6.296","6.250","-0.05%"
"25-01-2021","6.291","6.262","6.323","6.262","0.05%"
"22-01-2021","6.288","6.295","6.304","6.273","-0.05%"
"21-01-2021","6.291","6.297","6.313","6.291","0.25%"
"20-01-2021","6.275","6.284","6.318","6.275","-0.27%"
"19-01-2021","6.292","6.233","6.296","6.233","1.27%"
"18-01-2021","6.213","6.176","6.262","6.176","0.06%"
"15-01-2021","6.209","6.209","6.209","6.207","-0.02%"
"14-01-2021","6.210","6.224","6.231","6.207","-0.13%"
"13-01-2021","6.218","6.249","6.249","6.210","-0.70%"
"12-01-2021","6.262","6.262","6.289","6.246","0.71%"
"11-01-2021","6.218","6.129","6.238","6.129","1.47%"
"08-01-2021","6.128","6.031","6.262","6.031","1.61%"
"07-01-2021","6.031","6.010","6.031","6.010","-0.53%"
"06-01-2021","6.063","6.001","6.063","5.998","1.08%"
"05-01-2021","5.998","5.935","5.998","5.935","0.82%"
"04-01-2021","5.949","5.928","5.950","5.925","0.12%"
"30-12-2020","5.942","6.129","6.144","5.903","0.56%"
"29-12-2020","5.909","6.129","6.144","5.905","-2.12%"
"28-12-2020","6.037","6.129","6.144","6.005","-0.98%"
"23-12-2020","6.097","6.129","6.144","6.097","-0.23%"
"22-12-2020","6.111","6.034","6.156","6.034","1.21%"
"21-12-2020","6.038","5.971","6.041","5.971","1.04%"
"18-12-2020","5.976","6.030","6.030","5.971","-0.52%"
"17-12-2020","6.007","6.145","6.145","6.007","-1.54%"
"16-12-2020","6.101","6.176","6.176","6.093","-0.39%"
"15-12-2020","6.125","6.179","6.179","6.125","-0.57%"
"14-12-2020","6.160","6.110","6.160","6.110","-0.36%"
"11-12-2020","6.182","6.241","6.241","6.182","-0.21%"
"10-12-2020","6.195","6.210","6.245","6.195","-0.32%"
"08-12-2020","6.215","6.244","6.253","6.215","-0.37%"
"07-12-2020","6.238","6.224","6.238","6.207","0.65%"
"04-12-2020","6.198","6.238","6.238","6.198","-0.18%"
"03-12-2020","6.209","6.227","6.228","6.191","0.50%"
"02-12-2020","6.178","6.225","6.225","6.170","-0.11%"
"01-12-2020","6.185","6.232","6.232","6.185","-0.05%"
"30-11-2020","6.188","6.192","6.210","6.178","-0.48%"
"27-11-2020","6.218","6.228","6.239","6.214","0.03%"
"26-11-2020","6.216","6.237","6.237","6.206","-0.16%"
"25-11-2020","6.226","6.255","6.255","6.221","-0.13%"
"24-11-2020","6.234","6.264","6.264","6.234","-0.08%"
"23-11-2020","6.239","6.227","6.239","6.188","0.63%"
"20-11-2020","6.200","6.204","6.211","6.196","0.36%"
"19-11-2020","6.178","6.196","6.205","6.178","-0.05%"
"18-11-2020","6.181","6.254","6.254","6.165","-0.42%"
"17-11-2020","6.207","6.286","6.286","6.206","-1.19%"
"16-11-2020","6.282","6.308","6.313","6.277","-0.66%"
"13-11-2020","6.324","6.348","6.348","6.319","-0.03%"
"12-11-2020","6.326","6.323","6.365","6.323","0.17%"
"11-11-2020","6.315","6.277","6.315","6.277","0.86%"
"10-11-2020","6.261","6.264","6.268","6.227","-0.03%"
"09-11-2020","6.263","6.349","6.349","6.263","-1.91%"
"06-11-2020","6.385","6.552","6.552","6.354","-3.39%"
"05-11-2020","6.609","6.609","6.621","6.566","-0.30%"
"04-11-2020","6.629","6.607","6.630","6.600","0.42%"
"03-11-2020","6.601","6.617","6.617","6.601","-0.17%"
"02-11-2020","6.612","6.601","6.612","6.592","-2.58%"
"28-10-2020","6.787","6.787","6.787","6.787","2.69%"
"27-10-2020","6.609","6.624","6.624","6.609","-0.03%"
"26-10-2020","6.611","6.594","6.613","6.594","-0.27%"
"23-10-2020","6.629","6.649","6.649","6.629","0.32%"
"22-10-2020","6.608","6.638","6.647","6.608","-0.18%"
"21-10-2020","6.620","6.689","6.689","6.597","-0.59%"
"20-10-2020","6.659","6.707","6.707","6.659","-0.46%"
"19-10-2020","6.690","6.677","6.718","6.671","-1.02%"
"16-10-2020","6.759","6.800","6.821","6.759","-0.85%"
"15-10-2020","6.817","6.886","6.886","6.817","-0.63%"
"14-10-2020","6.860","6.905","6.905","6.860","-0.33%"
"13-10-2020","6.883","6.921","6.921","6.883","-0.23%"
"12-10-2020","6.899","6.879","6.908","6.879","-0.01%"
"09-10-2020","6.900","6.919","6.926","6.900","0.01%"
"08-10-2020","6.899","6.914","6.919","6.899","0.04%"
"07-10-2020","6.896","6.900","6.917","6.896","0.01%"
"06-10-2020","6.895","6.924","6.924","6.885","-0.35%"
"05-10-2020","6.919","6.929","6.937","6.907","-0.04%"
"02-10-2020","6.922","6.952","6.952","6.903","-0.20%"
"01-10-2020","6.936","6.943","6.971","6.936","0.09%"
"30-09-2020","6.930","6.971","6.971","6.930","-0.65%"
"29-09-2020","6.975","6.948","6.975","6.948","0.87%"
"28-09-2020","6.915","6.901","6.922","6.901","0.00%"
"25-09-2020","6.915","6.936","6.936","6.915","0.04%"
"24-09-2020","6.912","6.922","6.931","6.912","0.10%"
"23-09-2020","6.905","6.918","6.925","6.905","0.22%"
"22-09-2020","6.890","6.913","6.941","6.890","0.19%"
"21-09-2020","6.877","6.853","6.877","6.853","-0.55%"
"18-09-2020","6.915","6.964","6.989","6.915","-0.10%"
"17-09-2020","6.922","6.927","6.958","6.922","0.10%"
"16-09-2020","6.915","6.969","6.969","6.896","0.03%"
"15-09-2020","6.913","6.965","6.965","6.905","-0.49%"
"14-09-2020","6.947","6.930","6.972","6.930","-0.39%"
"11-09-2020","6.974","6.953","7.014","6.935","1.06%"
"10-09-2020","6.901","6.909","6.909","6.882","0.06%"
"09-09-2020","6.897","6.909","6.912","6.897","0.20%"
"08-09-2020","6.883","6.925","6.925","6.881","-0.39%"
"07-09-2020","6.910","6.916","6.939","6.909","-0.55%"
"04-09-2020","6.948","6.979","6.979","6.948","-0.01%"
"03-09-2020","6.949","6.944","6.982","6.944","0.59%"
"02-09-2020","6.908","6.883","6.944","6.883","0.64%"
"01-09-2020","6.864","6.877","6.881","6.858","0.00%"
"31-08-2020","6.864","6.888","6.903","6.842","0.10%"
"28-08-2020","6.857","6.837","6.909","6.837","0.69%"
"27-08-2020","6.810","6.805","6.810","6.789","0.81%"
"26-08-2020","6.755","6.747","6.755","6.710","0.57%"
"25-08-2020","6.717","6.747","6.747","6.717","-0.28%"
"24-08-2020","6.736","6.695","6.750","6.695","0.15%"
"19-08-2020","6.726","6.782","6.782","6.726","-0.47%"
"18-08-2020","6.758","6.750","6.775","6.750","-0.12%"
"14-08-2020","6.766","6.795","6.796","6.766","0.01%"
"13-08-2020","6.765","6.784","6.784","6.760","0.06%"
"12-08-2020","6.761","6.807","6.807","6.760","-0.44%"
"11-08-2020","6.791","6.816","6.827","6.791","-0.09%"
"10-08-2020","6.797","6.784","6.799","6.782","0.15%"
"07-08-2020","6.787","6.819","6.819","6.771","-0.18%"
"06-08-2020","6.799","6.835","6.835","6.799","-0.48%"
"05-08-2020","6.832","6.862","6.862","6.829","-0.10%"
"04-08-2020","6.839","6.841","6.869","6.839","0.01%"
"03-08-2020","6.838","6.805","6.838","6.800","0.19%"
"30-07-2020","6.825","6.860","6.864","6.821","-0.01%"
"29-07-2020","6.826","6.876","6.876","6.826","-0.31%"
"28-07-2020","6.847","6.901","6.901","6.847","-0.33%"
"27-07-2020","6.870","6.860","6.894","6.860","0.06%"
"24-07-2020","6.866","6.940","6.940","6.832","-0.62%"
"23-07-2020","6.909","7.010","7.010","6.909","-1.19%"
"22-07-2020","6.992","7.073","7.073","6.974","-0.84%"
"21-07-2020","7.051","7.086","7.086","7.051","-0.33%"
"20-07-2020","7.074","7.054","7.094","7.036","0.18%"
"17-07-2020","7.061","7.057","7.066","7.057","0.26%"
"16-07-2020","7.043","7.096","7.096","7.043","-0.33%"
"15-07-2020","7.066","7.072","7.109","7.066","-0.23%"
"14-07-2020","7.082","7.098","7.098","7.071","-0.10%"
"13-07-2020","7.089","7.047","7.089","7.047","-0.32%"
"10-07-2020","7.112","7.126","7.126","7.087","-0.04%"
"09-07-2020","7.115","7.150","7.150","7.101","-0.18%"
"08-07-2020","7.128","7.197","7.197","7.128","-0.93%"
"07-07-2020","7.195","7.256","7.256","7.195","-0.72%"
"06-07-2020","7.247","7.194","7.247","7.194","0.11%"
"03-07-2020","7.239","7.248","7.248","7.204","0.08%"
"02-07-2020","7.233","7.232","7.251","7.229","0.06%"
"01-07-2020","7.229","7.239","7.239","7.220","0.19%"
"30-06-2020","7.215","7.222","7.234","7.210","-0.25%"
"29-06-2020","7.233","7.166","7.251","7.166","0.54%"
"26-06-2020","7.194","7.196","7.208","7.191","-0.07%"
"25-06-2020","7.199","7.178","7.204","7.178","0.29%"
"24-06-2020","7.178","7.195","7.195","7.137","-0.24%"
"23-06-2020","7.195","7.218","7.218","7.195","-0.32%"
"22-06-2020","7.218","7.158","7.218","7.158","0.46%"
"19-06-2020","7.185","7.194","7.197","7.170","-0.04%"
"18-06-2020","7.188","7.154","7.191","7.154","0.35%"
"17-06-2020","7.163","7.185","7.190","7.137","-0.31%"
"16-06-2020","7.185","7.243","7.243","7.185","-0.75%"
"15-06-2020","7.239","7.207","7.254","7.207","-0.07%"
"12-06-2020","7.244","7.184","7.269","7.184","0.61%"
"11-06-2020","7.200","7.295","7.295","7.184","-1.29%"
"10-06-2020","7.294","7.278","7.294","7.278","0.22%"
"09-06-2020","7.278","7.225","7.290","7.225","0.99%"
"08-06-2020","7.207","7.137","7.207","7.105","1.38%"
"05-06-2020","7.109","7.090","7.109","7.086","0.49%"
"04-06-2020","7.074","7.006","7.074","6.982","0.99%"
"03-06-2020","7.005","7.238","7.238","7.000","-3.06%"
"02-06-2020","7.226","7.313","7.318","7.226","-1.55%"
"29-05-2020","7.340","7.393","7.393","7.337","-0.27%"
"28-05-2020","7.360","7.322","7.395","7.322","0.19%"
"27-05-2020","7.346","7.330","7.346","7.226","0.22%"
"26-05-2020","7.330","7.492","7.538","7.330","-6.27%"
"23-05-2020","7.820","7.820","7.820","7.820","1.88%"
"20-05-2020","7.676","7.723","7.723","7.676","-0.61%"
"19-05-2020","7.723","7.752","7.760","7.723","-0.28%"
"18-05-2020","7.745","7.746","7.777","7.709","-0.82%"
"15-05-2020","7.809","7.898","7.898","7.809","-0.66%"
"14-05-2020","7.861","7.867","7.913","7.853","-0.47%"
"13-05-2020","7.898","8.001","8.001","7.898","-1.28%"
"12-05-2020","8.000","8.074","8.101","8.000","-0.95%"
"11-05-2020","8.077","8.112","8.112","8.071","-0.19%"
"08-05-2020","8.092","8.120","8.120","8.036","0.09%"
"06-05-2020","8.085","8.074","8.085","8.070","0.15%"
"05-05-2020","8.073","8.024","8.073","8.015","0.70%"
"04-05-2020","8.017","7.855","8.017","7.839","1.58%"
"30-04-2020","7.892","8.094","8.094","7.892","-2.29%"
"29-04-2020","8.077","8.108","8.111","8.077","-0.22%"
"28-04-2020","8.095","8.002","8.110","8.002","1.29%"
"27-04-2020","7.992","7.854","7.992","7.854","0.86%"
"24-04-2020","7.924","7.867","7.944","7.867","1.05%"
"23-04-2020","7.842","7.839","7.871","7.839","0.04%"
"22-04-2020","7.839","7.799","7.839","7.786","0.80%"
"21-04-2020","7.777","7.856","7.856","7.767","-0.96%"
"20-04-2020","7.852","7.891","7.908","7.852","-0.95%"
"17-04-2020","7.927","7.960","7.985","7.927","-0.53%"
"16-04-2020","7.969","7.937","7.985","7.930","0.50%"
"15-04-2020","7.929","7.927","7.940","7.899","0.03%"
"14-04-2020","7.927","7.992","7.992","7.927","-1.28%"
"13-04-2020","8.030","8.002","8.052","8.002","-1.05%"
"09-04-2020","8.115","8.115","8.189","8.115","0.17%"
"08-04-2020","8.101","8.101","8.104","8.101","-0.47%"
"07-04-2020","8.139","8.203","8.216","8.139","-0.46%"
"06-04-2020","8.177","8.152","8.180","8.152","1.00%"
"03-04-2020","8.096","8.085","8.108","8.071","0.72%"
"02-04-2020","8.038","7.954","8.038","7.954","1.26%"
"01-04-2020","7.938","7.907","7.938","7.907","0.39%"
"31-03-2020","7.907","7.879","7.907","7.879","0.56%"
"30-03-2020","7.863","7.814","7.882","7.814","-0.56%"
"27-03-2020","7.907","8.129","8.129","7.907","-4.45%"
"26-03-2020","8.275","8.304","8.327","8.257","-0.56%"
"24-03-2020","8.322","8.245","8.332","8.245","0.93%"
"23-03-2020","8.245","7.999","8.245","7.999","1.80%"
"20-03-2020","8.099","7.986","8.161","7.986","2.34%"
"19-03-2020","7.914","7.593","7.915","7.593","4.37%"
"18-03-2020","7.583","7.548","7.595","7.533","0.48%"
"17-03-2020","7.547","7.358","7.547","7.358","3.10%"
"16-03-2020","7.320","7.068","7.346","7.068","0.33%"
"13-03-2020","7.296","7.248","7.296","7.248","0.66%"
"12-03-2020","7.248","6.966","7.289","6.966","3.85%"
"11-03-2020","6.979","6.989","6.989","6.940","0.07%"
"10-03-2020","6.974","6.980","7.146","6.955","1.03%"
"09-03-2020","6.903","6.831","6.903","6.774","3.74%"
"06-03-2020","6.654","6.563","6.654","6.563","1.56%"
"05-03-2020","6.552","6.593","6.595","6.532","-1.19%"
"04-03-2020","6.631","6.758","6.758","6.619","-3.21%"
"03-03-2020","6.851","6.891","6.896","6.851","-1.61%"
"02-03-2020","6.963","6.966","7.049","6.934","1.10%"
"28-02-2020","6.887","6.742","6.932","6.742","2.55%"
"27-02-2020","6.716","6.598","6.718","6.598","2.04%"
"26-02-2020","6.582","6.559","6.582","6.553","0.55%"
"25-02-2020","6.546","6.544","6.546","6.540","0.32%"
"24-02-2020","6.525","6.509","6.526","6.509","-0.26%"
"21-02-2020","6.542","6.526","6.542","6.496","0.40%"
"20-02-2020","6.516","6.525","6.533","6.516","-0.17%"
"19-02-2020","6.527","6.537","6.537","6.514","-0.32%"
"18-02-2020","6.548","6.597","6.597","6.548","-0.40%"
"17-02-2020","6.574","6.568","6.584","6.566","-0.02%"
"14-02-2020","6.575","6.573","6.575","6.564","0.21%"
"13-02-2020","6.561","6.566","6.566","6.561","0.06%"
"12-02-2020","6.557","6.585","6.585","6.555","-0.35%"
"11-02-2020","6.580","6.607","6.607","6.580","-0.18%"
"10-02-2020","6.592","6.588","6.607","6.587","0.26%"
"07-02-2020","6.575","6.581","6.581","6.567","0.00%"
"06-02-2020","6.575","6.631","6.631","6.575","-0.50%"
"05-02-2020","6.608","6.662","6.664","6.608","-0.88%"
"04-02-2020","6.667","6.697","6.697","6.667","-0.37%"
"03-02-2020","6.692","6.666","6.713","6.666","0.71%"
"31-01-2020","6.645","6.651","6.655","6.632","0.00%"
"30-01-2020","6.645","6.651","6.661","6.643","-0.05%"
"29-01-2020","6.648","6.777","6.777","6.648","-1.86%"
"28-01-2020","6.774","6.675","6.796","6.675","1.51%"
"27-01-2020","6.673","6.634","6.673","6.627","0.86%"
"24-01-2020","6.616","6.668","6.668","6.612","-0.85%"
"23-01-2020","6.673","6.743","6.743","6.673","-0.63%"
"22-01-2020","6.715","6.794","6.794","6.715","-1.02%"
"21-01-2020","6.784","6.829","6.829","6.784","-0.62%"
"20-01-2020","6.826","6.825","6.852","6.821","0.01%"
"17-01-2020","6.825","6.848","6.848","6.825","-0.31%"
"16-01-2020","6.846","6.896","6.896","6.846","-0.52%"
"15-01-2020","6.882","6.865","6.891","6.865","0.35%"
"14-01-2020","6.858","6.869","6.881","6.858","-0.16%"
"13-01-2020","6.869","6.898","6.916","6.854","-0.89%"
"10-01-2020","6.931","7.024","7.024","6.930","-1.24%"
"09-01-2020","7.018","7.093","7.093","7.018","-0.74%"
"08-01-2020","7.070","7.094","7.111","7.066","-0.63%"
"07-01-2020","7.115","7.118","7.131","7.115","-0.04%"
"06-01-2020","7.118","7.079","7.120","7.079","0.71%"
"03-01-2020","7.068","7.081","7.081","7.063","-0.08%"
"02-01-2020","7.074","7.090","7.090","7.056","-0.39%"
"01-01-2020","7.102","7.102","7.102","7.102","0.77%"
"31-12-2019","7.047","7.066","7.106","7.047","-0.72%"
"30-12-2019","7.098","7.066","7.098","7.066","0.03%"
"27-12-2019","7.096","7.099","7.099","7.089","-0.43%"
"26-12-2019","7.127","7.088","7.151","7.088","-1.08%"
"24-12-2019","7.205","7.205","7.205","7.205","0.81%"
"23-12-2019","7.147","7.124","7.170","7.124","-0.53%"
"20-12-2019","7.185","7.239","7.239","7.185","-0.76%"
"19-12-2019","7.240","7.326","7.326","7.240","-1.46%"
"18-12-2019","7.347","7.305","7.353","7.305","0.34%"
"17-12-2019","7.322","7.262","7.322","7.262","0.95%"
"16-12-2019","7.253","7.232","7.253","7.232","0.42%"
"13-12-2019","7.223","7.191","7.223","7.190","0.24%"
"12-12-2019","7.206","7.148","7.206","7.148","1.11%"
"11-12-2019","7.127","7.120","7.127","7.118","0.18%"
"10-12-2019","7.114","7.112","7.115","7.109","0.04%"
"09-12-2019","7.111","7.100","7.119","7.100","0.03%"
"06-12-2019","7.109","7.114","7.114","7.109","-0.11%"
"05-12-2019","7.117","7.175","7.175","7.112","-0.71%"
"04-12-2019","7.168","7.175","7.175","7.157","-0.11%"
"03-12-2019","7.176","7.133","7.190","7.133","0.49%"
"02-12-2019","7.141","7.130","7.141","7.119","0.95%"
"29-11-2019","7.074","7.062","7.074","7.062","0.16%"
"28-11-2019","7.063","7.086","7.086","7.063","-0.31%"
"27-11-2019","7.085","7.080","7.094","7.075","0.20%"
"26-11-2019","7.071","7.073","7.073","7.065","0.01%"
"25-11-2019","7.070","7.076","7.095","7.070","-0.06%"
"22-11-2019","7.074","7.090","7.090","7.066","-0.16%"
"21-11-2019","7.085","7.064","7.093","7.064","0.51%"
"20-11-2019","7.049","7.054","7.058","7.038","0.20%"
"19-11-2019","7.035","7.023","7.042","7.019","0.37%"
"18-11-2019","7.009","7.009","7.037","7.009","-0.53%"
"15-11-2019","7.046","7.083","7.083","7.043","-0.48%"
"14-11-2019","7.080","7.078","7.092","7.078","0.17%"
"13-11-2019","7.068","7.051","7.068","7.051","0.26%"
"12-11-2019","7.050","7.035","7.050","7.035","0.51%"
"11-11-2019","7.014","6.955","7.014","6.955","0.60%"
"08-11-2019","6.972","7.010","7.010","6.972","-0.44%"
"07-11-2019","7.003","6.972","7.003","6.972","0.55%"
"06-11-2019","6.965","6.985","6.985","6.942","-0.17%"
"05-11-2019","6.977","7.007","7.007","6.969","-0.33%"
"04-11-2019","7.000","7.005","7.016","7.000","-0.36%"
"01-11-2019","7.025","7.018","7.044","7.018","0.29%"
"31-10-2019","7.005","7.036","7.036","6.997","-0.40%"
"30-10-2019","7.033","7.040","7.042","7.033","0.00%"
"29-10-2019","7.033","7.030","7.033","7.030","-0.13%"
"28-10-2019","7.042","7.088","7.088","7.042","-0.71%"
"25-10-2019","7.092","7.082","7.094","7.077","0.33%"
"24-10-2019","7.069","7.084","7.084","7.041","-0.21%"
"23-10-2019","7.084","7.101","7.101","7.084","-0.20%"
"22-10-2019","7.098","7.129","7.129","7.098","-0.42%"
"21-10-2019","7.128","7.125","7.133","7.125","-2.01%"
"19-10-2019","7.274","7.274","7.274","7.274","1.94%"
"18-10-2019","7.136","7.134","7.136","7.133","-0.06%"
"17-10-2019","7.140","7.192","7.192","7.140","-0.57%"
"16-10-2019","7.181","7.221","7.221","7.181","-0.54%"
"15-10-2019","7.220","7.219","7.222","7.213","0.11%"
"14-10-2019","7.212","7.224","7.237","7.212","-0.58%"
"11-10-2019","7.254","7.283","7.283","7.254","-0.38%"
"10-10-2019","7.282","7.276","7.285","7.276","0.15%"
"09-10-2019","7.271","7.261","7.271","7.260","0.19%"
"08-10-2019","7.257","7.245","7.257","7.245","0.23%"
"07-10-2019","7.240","7.224","7.247","7.224","0.14%"
"04-10-2019","7.230","7.262","7.264","7.230","-0.41%"
"03-10-2019","7.260","7.283","7.283","7.260","-0.21%"
"02-10-2019","7.275","7.308","7.308","7.275","-0.36%"
"01-10-2019","7.301","7.303","7.303","7.296","0.07%"
"30-09-2019","7.296","7.296","7.318","7.296","-0.50%"
"27-09-2019","7.333","7.322","7.359","7.322","0.20%"
"26-09-2019","7.318","7.328","7.328","7.311","-0.15%"
"25-09-2019","7.329","7.315","7.329","7.315","0.23%"
"24-09-2019","7.312","7.247","7.312","7.247","0.91%"
"23-09-2019","7.246","7.227","7.246","7.227","0.04%"
"20-09-2019","7.243","7.213","7.243","7.213","0.44%"
"19-09-2019","7.211","7.215","7.218","7.211","-0.21%"
"18-09-2019","7.226","7.267","7.267","7.226","-0.59%"
"17-09-2019","7.269","7.252","7.279","7.252","0.43%"
"16-09-2019","7.238","7.236","7.238","7.206","0.49%"
"13-09-2019","7.203","7.225","7.225","7.182","-0.73%"
"12-09-2019","7.256","7.256","7.261","7.256","-0.01%"
"11-09-2019","7.257","7.257","7.257","7.252","0.03%"
"10-09-2019","7.255","7.285","7.285","7.247","-0.53%"
"09-09-2019","7.294","7.320","7.320","7.294","-0.29%"
"06-09-2019","7.315","7.318","7.321","7.315","-0.05%"
"05-09-2019","7.319","7.354","7.354","7.319","-0.44%"
"04-09-2019","7.351","7.356","7.371","7.351","-0.11%"
"03-09-2019","7.359","7.336","7.359","7.336","0.35%"
"02-09-2019","7.333","7.371","7.371","7.317","-0.29%"
"30-08-2019","7.354","7.354","7.361","7.349","0.07%"
"29-08-2019","7.349","7.332","7.349","7.332","0.30%"
"28-08-2019","7.327","7.284","7.327","7.284","0.67%"
"27-08-2019","7.278","7.290","7.290","7.264","-0.11%"
"26-08-2019","7.286","7.232","7.299","7.232","0.61%"
"23-08-2019","7.242","7.253","7.262","7.242","-0.03%"
"22-08-2019","7.244","7.330","7.330","7.227","-0.96%"
"21-08-2019","7.314","7.355","7.359","7.314","-0.48%"
"20-08-2019","7.349","7.327","7.356","7.312","0.31%"
"19-08-2019","7.326","7.372","7.403","7.326","-1.17%"
"16-08-2019","7.413","7.483","7.484","7.413","-0.63%"
"15-08-2019","7.460","7.430","7.477","7.430","0.31%"
"14-08-2019","7.437","7.450","7.461","7.437","-0.32%"
"13-08-2019","7.461","7.386","7.461","7.379","1.61%"
"12-08-2019","7.343","7.304","7.343","7.304","0.48%"
"09-08-2019","7.308","7.388","7.405","7.308","-1.36%"
"08-08-2019","7.409","7.500","7.505","7.409","-1.34%"
"07-08-2019","7.510","7.665","7.667","7.510","-2.03%"
"06-08-2019","7.666","7.689","7.729","7.666","0.54%"
"05-08-2019","7.625","7.587","7.625","7.578","1.09%"
"02-08-2019","7.543","7.489","7.544","7.489","0.84%"
"01-08-2019","7.480","7.377","7.480","7.377","1.38%"
"31-07-2019","7.378","7.320","7.378","7.320","0.89%"
"30-07-2019","7.313","7.268","7.315","7.268","0.77%"
"29-07-2019","7.257","7.202","7.257","7.202","0.58%"
"26-07-2019","7.215","7.196","7.215","7.186","0.29%"
"25-07-2019","7.194","7.269","7.269","7.194","-0.99%"
"24-07-2019","7.266","7.265","7.285","7.265","0.06%"
"23-07-2019","7.262","7.183","7.262","7.183","1.16%"
"22-07-2019","7.179","7.170","7.183","7.162","0.55%"
"19-07-2019","7.140","7.147","7.147","7.127","-0.04%"
"18-07-2019","7.143","7.121","7.145","7.121","0.38%"
"17-07-2019","7.116","7.109","7.135","7.109","0.18%"
"16-07-2019","7.103","7.122","7.131","7.093","-0.27%"
"15-07-2019","7.122","7.178","7.185","7.122","-1.12%"
"12-07-2019","7.203","7.221","7.232","7.203","-0.36%"
"11-07-2019","7.229","7.332","7.332","7.229","-1.42%"
"10-07-2019","7.333","7.279","7.346","7.279","0.89%"
"09-07-2019","7.268","7.263","7.271","7.252","0.28%"
"08-07-2019","7.248","7.186","7.324","7.186","0.43%"
"05-07-2019","7.217","7.246","7.263","7.217","-0.41%"
"04-07-2019","7.247","7.313","7.313","7.238","-0.75%"
"03-07-2019","7.302","7.348","7.360","7.302","-0.57%"
"02-07-2019","7.344","7.371","7.383","7.344","-0.31%"
"01-07-2019","7.367","7.381","7.381","7.358","-0.03%"
"28-06-2019","7.369","7.403","7.409","7.337","-0.67%"
"27-06-2019","7.419","7.445","7.445","7.419","-0.31%"
"26-06-2019","7.442","7.435","7.451","7.430","-0.08%"
"25-06-2019","7.448","7.494","7.494","7.427","-0.49%"
"24-06-2019","7.485","7.487","7.509","7.480","0.97%"
"21-06-2019","7.413","7.433","7.433","7.329","-0.64%"
"20-06-2019","7.461","7.560","7.564","7.461","-1.53%"
"19-06-2019","7.577","7.652","7.652","7.577","-1.14%"
"18-06-2019","7.664","7.664","7.664","7.664","-0.01%"
"17-06-2019","7.665","7.687","7.687","7.652","-0.39%"
"14-06-2019","7.695","7.708","7.708","7.695","-0.01%"
"13-06-2019","7.696","7.713","7.717","7.689","-0.06%"
"12-06-2019","7.701","7.712","7.723","7.701","-0.22%"
"11-06-2019","7.718","7.737","7.737","7.718","-0.31%"
"10-06-2019","7.742","7.917","7.917","7.736","-3.50%"
"31-05-2019","8.023","8.062","8.071","8.023","-0.14%"
"29-05-2019","8.034","7.963","8.034","7.963","0.94%"
"28-05-2019","7.959","7.907","7.959","7.907","0.64%"
"27-05-2019","7.908","7.905","7.919","7.876","-0.29%"
"24-05-2019","7.931","8.024","8.024","7.931","-1.48%"
"23-05-2019","8.050","8.099","8.099","8.050","-0.46%"
"22-05-2019","8.087","8.081","8.087","8.058","-0.02%"
"21-05-2019","8.089","8.090","8.101","8.084","-0.02%"
"20-05-2019","8.091","8.042","8.091","8.042","0.71%"
"17-05-2019","8.034","8.007","8.034","8.002","0.27%"
"16-05-2019","8.012","8.016","8.023","8.009","-0.10%"
"15-05-2019","8.020","8.070","8.071","8.012","-0.57%"
"14-05-2019","8.066","8.042","8.066","8.041","0.40%"
"13-05-2019","8.034","7.956","8.034","7.956","0.10%"
"10-05-2019","8.026","8.064","8.064","8.026","-0.40%"
"09-05-2019","8.058","8.036","8.058","8.036","0.40%"
"08-05-2019","8.026","7.983","8.026","7.978","0.63%"
"07-05-2019","7.976","7.938","7.979","7.938","0.57%"
"06-05-2019","7.931","7.862","7.931","7.862","0.75%"
"03-05-2019","7.872","7.854","7.889","7.854","0.24%"
"02-05-2019","7.853","7.784","7.853","7.784","0.67%"
"30-04-2019","7.801","7.789","7.801","7.784","0.27%"
"29-04-2019","7.780","7.777","7.785","7.777","0.03%"
"26-04-2019","7.778","7.760","7.796","7.760","0.53%"
"25-04-2019","7.737","7.685","7.737","7.680","0.74%"
"24-04-2019","7.680","7.661","7.682","7.661","0.37%"
"23-04-2019","7.652","7.627","7.652","7.622","0.46%"
"22-04-2019","7.617","7.572","7.617","7.572","0.46%"
"18-04-2019","7.582","7.615","7.615","7.573","-0.62%"
"16-04-2019","7.629","7.660","7.660","7.629","-0.47%"
"15-04-2019","7.665","7.671","7.676","7.663","-0.25%"
"12-04-2019","7.684","7.670","7.703","7.670","0.18%"
"11-04-2019","7.670","7.680","7.686","7.659","0.03%"
"10-04-2019","7.668","7.663","7.676","7.663","0.14%"
"09-04-2019","7.657","7.626","7.665","7.626","0.37%"
"08-04-2019","7.629","7.567","7.629","7.560","0.87%"
"05-04-2019","7.563","7.578","7.578","7.551","-0.33%"
"04-04-2019","7.588","7.602","7.622","7.586","-0.21%"
"02-04-2019","7.604","7.596","7.604","7.593","0.14%"
"01-04-2019","7.593","7.623","7.623","7.590","-0.94%"
"29-03-2019","7.665","7.661","7.683","7.661","0.08%"
"28-03-2019","7.659","7.627","7.659","7.627","0.49%"
"27-03-2019","7.622","7.636","7.636","7.608","-0.04%"
"26-03-2019","7.625","7.652","7.652","7.625","-0.30%"
"25-03-2019","7.648","7.561","7.649","7.561","0.67%"
"22-03-2019","7.597","7.599","7.599","7.575","-0.25%"
"21-03-2019","7.616","7.721","7.721","7.616","-1.28%"
"20-03-2019","7.715","7.737","7.739","7.715","-0.23%"
"19-03-2019","7.733","7.733","7.751","7.733","-0.08%"
"18-03-2019","7.739","7.757","7.757","7.728","-0.81%"
"15-03-2019","7.802","7.845","7.849","7.802","-0.46%"
"14-03-2019","7.838","7.875","7.875","7.838","-0.29%"
"13-03-2019","7.861","7.883","7.883","7.854","-0.34%"
"12-03-2019","7.888","7.957","7.957","7.888","-0.89%"
"11-03-2019","7.959","7.957","7.983","7.957","0.01%"
"08-03-2019","7.958","7.885","7.958","7.880","0.93%"
"06-03-2019","7.885","7.870","7.885","7.870","0.32%"
"05-03-2019","7.860","7.865","7.869","7.859","0.00%"
"04-03-2019","7.860","7.886","7.886","7.860","0.26%"
"01-03-2019","7.840","7.799","7.840","7.799","0.50%"
"28-02-2019","7.801","7.801","7.825","7.801","0.08%"
"27-02-2019","7.795","7.800","7.800","7.756","-0.43%"
"26-02-2019","7.829","7.908","7.908","7.829","-0.87%"
"25-02-2019","7.898","7.922","7.957","7.898","-0.74%"
"22-02-2019","7.957","7.939","7.970","7.939","0.28%"
"21-02-2019","7.935","7.905","7.935","7.885","0.29%"
"20-02-2019","7.912","7.987","7.987","7.912","-1.01%"
"19-02-2019","7.993","7.992","7.997","7.989","-0.22%"
"18-02-2019","8.011","8.001","8.029","8.001","-0.07%"
"15-02-2019","8.017","7.974","8.017","7.974","0.64%"
"14-02-2019","7.966","7.897","7.966","7.897","0.96%"
"13-02-2019","7.890","7.922","7.931","7.886","-0.60%"
"12-02-2019","7.938","7.925","7.964","7.925","0.28%"
"11-02-2019","7.916","7.859","7.918","7.859","0.76%"
"08-02-2019","7.856","7.816","7.883","7.816","0.85%"
"07-02-2019","7.790","7.793","7.793","7.736","0.18%"
"06-02-2019","7.776","7.816","7.836","7.776","-0.89%"
"04-02-2019","7.846","7.874","7.888","7.846","-0.80%"
"01-02-2019","7.909","8.025","8.025","7.909","-1.76%"
"31-01-2019","8.051","8.166","8.166","8.051","-1.36%"
"30-01-2019","8.162","8.143","8.163","8.143","0.25%"
"29-01-2019","8.142","8.104","8.142","8.104","0.48%"
"28-01-2019","8.103","8.081","8.108","8.081","0.01%"
"25-01-2019","8.102","8.097","8.109","8.097","0.05%"
"24-01-2019","8.098","8.073","8.098","8.073","0.24%"
"23-01-2019","8.079","8.102","8.109","8.068","-0.22%"
"22-01-2019","8.097","8.085","8.107","8.085","0.14%"
"21-01-2019","8.086","8.067","8.086","8.052","-0.02%"
"18-01-2019","8.088","8.088","8.097","8.088","0.06%"
"17-01-2019","8.083","8.066","8.083","8.059","0.14%"
"16-01-2019","8.072","8.011","8.074","8.011","0.81%"
"15-01-2019","8.007","7.986","8.007","7.986","0.35%"
"14-01-2019","7.979","7.996","7.996","7.960","0.24%"
"11-01-2019","7.960","7.917","7.960","7.917","0.48%"
"10-01-2019","7.922","7.944","7.944","7.917","-0.36%"
"09-01-2019","7.951","7.907","7.960","7.907","0.72%"
"08-01-2019","7.894","7.877","7.894","7.834","0.05%"
"07-01-2019","7.890","7.961","7.975","7.885","-2.39%"
"04-01-2019","8.083","8.090","8.100","8.083","0.07%"
"03-01-2019","8.077","8.012","8.084","8.012","0.82%"
"02-01-2019","8.011","7.997","8.038","7.997","0.18%"
"31-12-2018","7.997","8.022","8.022","7.982","0.19%"
"28-12-2018","7.982","8.022","8.022","7.982","-0.50%"
"27-12-2018","8.022","8.014","8.036","8.014","0.14%"
"26-12-2018","8.011","8.088","8.088","8.002","0.36%"
"21-12-2018","7.982","7.992","7.992","7.980","-0.13%"
"20-12-2018","7.992","8.022","8.032","7.992","-0.34%"
"19-12-2018","8.019","8.132","8.132","8.019","-1.39%"
"18-12-2018","8.132","8.130","8.145","8.130","0.04%"
"17-12-2018","8.129","8.110","8.129","8.110","0.73%"
"14-12-2018","8.070","8.125","8.125","8.057","-0.68%"
"13-12-2018","8.125","8.222","8.222","8.125","-1.16%"
"12-12-2018","8.220","8.278","8.278","8.220","-0.70%"
"11-12-2018","8.278","8.109","8.278","8.109","2.11%"
"10-12-2018","8.107","8.049","8.107","8.049","0.75%"
"07-12-2018","8.047","7.968","8.047","7.968","0.99%"
"06-12-2018","7.968","7.869","7.968","7.869","1.27%"
"05-12-2018","7.868","7.827","7.868","7.827","0.55%"
"04-12-2018","7.825","7.833","7.833","7.825","-0.10%"
"03-12-2018","7.833","7.832","7.833","7.832","-0.42%"
"30-11-2018","7.866","7.934","7.934","7.866","-0.72%"
"29-11-2018","7.923","7.891","7.939","7.891","0.28%"
"28-11-2018","7.901","7.892","7.901","7.882","0.22%"
"27-11-2018","7.884","7.913","7.913","7.884","-0.28%"
"26-11-2018","7.906","7.870","7.911","7.870","-0.13%"
"23-11-2018","7.916","7.969","7.969","7.916","-0.88%"
"22-11-2018","7.986","8.020","8.020","7.986","-0.40%"
"21-11-2018","8.018","8.041","8.041","8.014","-0.35%"
"19-11-2018","8.046","8.033","8.046","8.033","-0.32%"
"16-11-2018","8.072","8.104","8.104","8.072","-0.48%"
"15-11-2018","8.111","8.155","8.155","8.111","-0.38%"
"14-11-2018","8.142","8.223","8.223","8.142","-1.01%"
"13-11-2018","8.225","8.189","8.255","8.189","0.45%"
"12-11-2018","8.188","8.088","8.188","8.088","1.37%"
"09-11-2018","8.077","8.061","8.077","8.047","0.00%"
"08-11-2018","8.077","8.316","8.316","8.072","-0.99%"
"07-11-2018","8.158","8.316","8.316","8.158","-1.73%"
"06-11-2018","8.302","8.316","8.363","8.302","-0.40%"
"05-11-2018","8.335","8.321","8.335","8.287","-0.63%"
"02-11-2018","8.388","8.518","8.518","8.388","-1.57%"
"01-11-2018","8.522","8.603","8.603","8.522","-0.92%"
"31-10-2018","8.601","8.653","8.653","8.601","-0.37%"
"30-10-2018","8.633","8.653","8.653","8.633","-0.29%"
"29-10-2018","8.658","8.689","8.689","8.658","-0.10%"
"26-10-2018","8.667","8.579","8.667","8.579","0.81%"
"25-10-2018","8.597","8.597","8.597","8.556","-0.08%"
"24-10-2018","8.604","8.650","8.650","8.604","-0.55%"
"23-10-2018","8.652","8.685","8.685","8.652","0.00%"
"22-10-2018","8.652","8.657","8.683","8.652","0.16%"
"19-10-2018","8.638","8.573","8.638","8.573","0.95%"
"18-10-2018","8.557","8.686","8.686","8.542","-1.90%"
"17-10-2018","8.723","8.813","8.813","8.723","-1.48%"
"16-10-2018","8.854","8.821","8.875","8.821","0.05%"
"15-10-2018","8.850","8.785","8.861","8.785","1.30%"
"12-10-2018","8.736","8.673","8.748","8.673","1.72%"
"11-10-2018","8.588","8.551","8.588","8.541","0.28%"
"10-10-2018","8.564","8.578","8.596","8.564","0.13%"
"09-10-2018","8.553","8.438","8.553","8.438","1.42%"
"08-10-2018","8.433","8.392","8.433","8.392","0.38%"
"05-10-2018","8.401","8.405","8.422","8.401","-0.02%"
"04-10-2018","8.403","8.284","8.403","8.284","1.77%"
"03-10-2018","8.257","8.092","8.267","8.092","2.04%"
"02-10-2018","8.092","8.030","8.092","8.017","0.82%"
"01-10-2018","8.026","8.012","8.240","8.012","-2.22%"
"28-09-2018","8.208","8.222","8.222","8.205","0.07%"
"27-09-2018","8.202","8.253","8.253","8.202","-0.47%"
"26-09-2018","8.241","8.229","8.251","8.228","0.17%"
"25-09-2018","8.227","8.155","8.227","8.155","0.64%"
"24-09-2018","8.175","8.092","8.279","8.092","-0.06%"
"21-09-2018","8.180","8.222","8.233","8.180","-0.47%"
"20-09-2018","8.219","8.248","8.248","8.219","-0.38%"
"19-09-2018","8.250","8.407","8.407","8.216","-2.30%"
"18-09-2018","8.444","8.424","8.450","8.424","0.20%"
"17-09-2018","8.427","8.382","8.430","8.374","-0.81%"
"14-09-2018","8.496","8.500","8.525","8.496","-0.33%"
"13-09-2018","8.524","8.620","8.620","8.486","-1.21%"
"12-09-2018","8.628","8.484","8.648","8.484","1.55%"
"10-09-2018","8.496","8.464","8.496","8.443","-0.23%"
"07-09-2018","8.516","8.565","8.565","8.516","-0.76%"
"06-09-2018","8.581","8.467","8.583","8.435","1.16%"
"05-09-2018","8.483","8.340","8.483","8.340","1.71%"
"04-09-2018","8.340","8.218","8.340","8.218","1.34%"
"03-09-2018","8.230","8.191","8.266","8.188","1.27%"
"31-08-2018","8.127","7.982","8.127","7.982","2.01%"
"30-08-2018","7.967","7.954","7.967","7.954","0.34%"
"29-08-2018","7.940","7.925","7.940","7.907","-0.20%"
"28-08-2018","7.956","7.942","7.974","7.942","0.25%"
"27-08-2018","7.936","7.918","7.936","7.918","0.24%"
"24-08-2018","7.917","7.814","7.917","7.814","1.01%"
"23-08-2018","7.838","7.827","7.838","7.814","-0.03%"
"21-08-2018","7.840","7.907","7.907","7.832","-0.92%"
"20-08-2018","7.913","7.997","7.997","7.913","-0.96%"
"16-08-2018","7.990","8.001","8.014","7.990","-0.11%"
"15-08-2018","7.999","8.014","8.014","7.999","-0.07%"
"14-08-2018","8.005","7.917","8.015","7.917","1.27%"
"13-08-2018","7.905","7.712","7.905","7.712","2.98%"
"10-08-2018","7.676","7.612","7.676","7.612","0.67%"
"09-08-2018","7.625","7.750","7.750","7.616","-1.57%"
"08-08-2018","7.747","7.784","7.784","7.747","-0.50%"
"07-08-2018","7.786","7.805","7.805","7.786","-0.19%"
"06-08-2018","7.801","7.830","7.830","7.801","-0.26%"
"03-08-2018","7.821","7.756","7.836","7.756","1.18%"
"02-08-2018","7.730","7.767","7.767","7.719","-0.30%"
"01-08-2018","7.753","7.756","7.787","7.732","-0.03%"
"31-07-2018","7.755","7.729","7.768","7.722","0.44%"
"30-07-2018","7.721","7.707","7.731","7.707","-0.23%"
"27-07-2018","7.739","7.718","7.752","7.718","0.08%"
"26-07-2018","7.733","7.760","7.760","7.721","-0.57%"
"25-07-2018","7.777","7.792","7.792","7.776","-0.26%"
"24-07-2018","7.797","7.848","7.848","7.797","-0.56%"
"23-07-2018","7.841","7.824","7.891","7.824","-0.22%"
"20-07-2018","7.858","7.757","7.858","7.757","1.22%"
"19-07-2018","7.763","7.636","7.763","7.636","1.97%"
"18-07-2018","7.613","7.567","7.620","7.567","0.70%"
"17-07-2018","7.560","7.482","7.564","7.475","0.67%"
"16-07-2018","7.510","7.468","7.510","7.460","0.40%"
"13-07-2018","7.480","7.558","7.558","7.480","-0.60%"
"12-07-2018","7.525","7.456","7.579","7.456","0.94%"
"11-07-2018","7.455","7.366","7.455","7.356","0.99%"
"10-07-2018","7.382","7.459","7.459","7.382","-1.56%"
"09-07-2018","7.499","7.622","7.622","7.480","-1.78%"
"06-07-2018","7.635","7.727","7.727","7.635","-1.19%"
"05-07-2018","7.727","7.765","7.765","7.727","-0.91%"
"04-07-2018","7.798","7.778","7.817","7.778","0.06%"
"03-07-2018","7.793","7.754","7.793","7.754","0.37%"
"02-07-2018","7.764","7.739","7.764","7.733","-0.50%"
"29-06-2018","7.803","7.816","7.816","7.803","-0.26%"
"28-06-2018","7.823","7.706","7.823","7.706","1.64%"
"27-06-2018","7.697","7.697","7.697","7.697","1.14%"
"26-06-2018","7.610","7.627","7.634","7.610","0.61%"
"25-06-2018","7.564","7.579","7.579","7.532","0.73%"
"22-06-2018","7.509","7.471","7.509","7.471","0.37%"
"21-06-2018","7.481","7.502","7.502","7.425","2.34%"
"20-06-2018","7.310","7.310","7.310","7.310","0.40%"
"08-06-2018","7.281","7.251","7.281","7.251","0.61%"
"07-06-2018","7.237","7.197","7.237","7.197","1.08%"
"06-06-2018","7.160","7.095","7.160","7.095","1.55%"
"05-06-2018","7.051","6.996","7.051","6.996","1.00%"
"04-06-2018","6.981","6.934","6.981","6.934","-1.12%"
"31-05-2018","7.060","7.181","7.181","7.060","-1.44%"
"30-05-2018","7.163","7.121","7.186","7.121","-0.15%"
"28-05-2018","7.174","7.342","7.342","7.174","-4.92%"
"25-05-2018","7.545","7.585","7.585","7.545","-0.79%"
"24-05-2018","7.605","7.606","7.616","7.605","0.12%"
"23-05-2018","7.596","7.494","7.596","7.494","1.37%"
"22-05-2018","7.493","7.484","7.494","7.484","0.67%"
"21-05-2018","7.443","7.494","7.494","7.440","1.82%"
"20-05-2018","7.310","7.310","7.310","7.310","0.00%"
"18-05-2018","7.310","7.248","7.310","7.227","1.05%"
"17-05-2018","7.234","7.158","7.236","7.158","1.27%"
"16-05-2018","7.143","7.081","7.191","7.081","0.88%"
"15-05-2018","7.081","7.083","7.083","7.062","-0.21%"
"14-05-2018","7.096","7.078","7.115","7.077","-2.10%"
"11-05-2018","7.248","7.340","7.340","7.248","-0.78%"
"10-05-2018","7.305","7.305","7.305","7.305","0.00%"
"09-05-2018","7.305","7.134","7.316","7.134","1.42%"
"08-05-2018","7.203","7.098","7.203","7.098","2.11%"
"07-05-2018","7.054","6.967","7.054","6.967","0.83%"
"04-05-2018","6.996","6.989","7.005","6.984","0.11%"
"03-05-2018","6.988","6.966","7.000","6.960","0.34%"
"02-05-2018","6.964","6.905","6.973","6.905","0.84%"
"30-04-2018","6.906","6.915","6.922","6.896","-1.76%"
"27-04-2018","7.030","7.088","7.088","7.010","-1.53%"
"26-04-2018","7.139","7.026","7.191","7.026","2.06%"
"25-04-2018","6.995","6.899","7.004","6.899","1.57%"
"24-04-2018","6.887","6.880","6.892","6.880","0.51%"
"23-04-2018","6.852","6.806","6.852","6.806","1.56%"
"20-04-2018","6.747","6.683","6.759","6.683","0.94%"
"19-04-2018","6.684","6.629","6.684","6.629","0.74%"
"18-04-2018","6.635","6.624","6.635","6.624","0.26%"
"17-04-2018","6.618","6.602","6.621","6.602","0.33%"
"16-04-2018","6.596","6.549","6.596","6.549","0.40%"
"13-04-2018","6.570","6.584","6.589","6.567","-0.20%"
"12-04-2018","6.583","6.595","6.604","6.566","-0.11%"
"11-04-2018","6.590","6.607","6.607","6.588","-0.53%"
"10-04-2018","6.625","6.626","6.631","6.625","-0.06%"
"09-04-2018","6.629","6.597","6.629","6.597","0.41%"
"06-04-2018","6.602","6.599","6.602","6.595","0.14%"
"05-04-2018","6.593","6.602","6.602","6.583","-0.35%"
"04-04-2018","6.616","6.614","6.616","6.602","0.11%"
"03-04-2018","6.609","6.615","6.616","6.603","-0.29%"
"02-04-2018","6.628","6.639","6.656","6.628","-0.61%"
"29-03-2018","6.669","6.733","6.733","6.669","-1.52%"
"28-03-2018","6.772","6.809","6.816","6.768","-0.73%"
"27-03-2018","6.822","6.865","6.865","6.822","-1.14%"
"26-03-2018","6.901","6.930","6.930","6.896","0.42%"
"23-03-2018","6.872","6.751","6.875","6.751","1.64%"
"22-03-2018","6.761","6.753","6.761","6.734","0.22%"
"21-03-2018","6.746","6.719","6.746","6.719","0.37%"
"20-03-2018","6.721","6.774","6.774","6.707","-0.12%"
"19-03-2018","6.729","6.701","6.770","6.701","-0.07%"
"16-03-2018","6.734","6.661","6.763","6.661","0.90%"
"15-03-2018","6.674","6.660","6.674","6.627","-0.27%"
"14-03-2018","6.692","6.744","6.744","6.692","-1.27%"
"13-03-2018","6.778","6.830","6.830","6.778","-0.76%"
"12-03-2018","6.830","6.849","6.852","6.830","0.47%"
"09-03-2018","6.798","6.729","6.801","6.729","1.27%"
"08-03-2018","6.713","6.695","6.713","6.678","0.07%"
"07-03-2018","6.708","6.696","6.708","6.690","0.68%"
"06-03-2018","6.663","6.617","6.663","6.617","1.29%"
"05-03-2018","6.578","6.544","6.578","6.544","-0.50%"
"02-03-2018","6.611","6.610","6.619","6.607","0.02%"
"01-03-2018","6.610","6.576","6.632","6.576","0.23%"
"28-02-2018","6.595","6.496","6.595","6.496","1.48%"
"27-02-2018","6.499","6.494","6.499","6.460","0.02%"
"26-02-2018","6.498","6.509","6.520","6.496","-1.50%"
"23-02-2018","6.597","6.563","6.615","6.558","0.76%"
"22-02-2018","6.547","6.416","6.547","6.416","1.85%"
"21-02-2018","6.428","6.455","6.465","6.428","-0.60%"
"20-02-2018","6.467","6.460","6.471","6.460","0.22%"
"19-02-2018","6.453","6.461","6.468","6.451","0.69%"
"18-02-2018","6.409","6.409","6.409","6.409","0.00%"
"15-02-2018","6.409","6.430","6.430","6.393","-0.20%"
"14-02-2018","6.422","6.405","6.430","6.405","0.63%"
"13-02-2018","6.382","6.365","6.382","6.360","0.35%"
"12-02-2018","6.360","6.365","6.365","6.355","-0.05%"
"09-02-2018","6.363","6.372","6.372","6.348","-0.08%"
"08-02-2018","6.368","6.374","6.374","6.362","0.02%"
"07-02-2018","6.367","6.378","6.385","6.367","0.05%"
"06-02-2018","6.364","6.372","6.377","6.364","0.06%"
"05-02-2018","6.360","6.257","6.362","6.257","1.60%"
"02-02-2018","6.260","6.226","6.287","6.225","0.61%"
"01-02-2018","6.222","6.259","6.259","6.213","-1.52%"
"31-01-2018","6.318","6.380","6.380","6.295","-0.83%"
"30-01-2018","6.371","6.270","6.388","6.270","2.63%"
"29-01-2018","6.208","6.217","6.239","6.208","0.58%"
"26-01-2018","6.172","6.168","6.172","6.160","0.03%"
"25-01-2018","6.170","6.167","6.174","6.153","-0.02%"
"24-01-2018","6.171","6.155","6.179","6.155","0.11%"
"23-01-2018","6.164","6.135","6.164","6.128","0.62%"
"22-01-2018","6.126","6.084","6.126","6.084","0.61%"
"19-01-2018","6.089","6.079","6.092","6.079","0.12%"
"18-01-2018","6.082","6.084","6.087","6.081","0.05%"
"17-01-2018","6.079","6.066","6.084","6.066","-0.03%"
"16-01-2018","6.081","6.080","6.085","6.079","0.08%"
"15-01-2018","6.076","6.051","6.091","6.051","0.20%"
"12-01-2018","6.064","6.117","6.117","6.064","-1.11%"
"11-01-2018","6.132","6.168","6.168","6.132","-0.41%"
"10-01-2018","6.157","6.088","6.157","6.088","1.27%"
"09-01-2018","6.080","6.061","6.080","6.048","0.18%"
"08-01-2018","6.069","6.091","6.091","6.066","-0.25%"
"05-01-2018","6.084","6.113","6.115","6.084","-0.57%"
"04-01-2018","6.119","6.263","6.263","6.119","-2.27%"
"03-01-2018","6.261","6.279","6.280","6.261","-0.29%"
"02-01-2018","6.279","6.256","6.279","6.256","-0.44%"
"30-12-2017","6.307","6.307","6.307","6.307","0.00%"
"29-12-2017","6.307","6.337","6.337","6.307","-0.44%"
"28-12-2017","6.335","6.349","6.349","6.335","-0.16%"
"27-12-2017","6.345","6.326","6.345","6.326","-0.35%"
"22-12-2017","6.367","6.394","6.399","6.367","-0.59%"
"21-12-2017","6.405","6.452","6.458","6.405","-0.82%"
"20-12-2017","6.458","6.477","6.477","6.451","-0.39%"
"19-12-2017","6.483","6.477","6.493","6.476","-0.08%"
"18-12-2017","6.488","6.460","6.500","6.460","0.06%"
"16-12-2017","6.484","6.484","6.484","6.484","0.00%"
"15-12-2017","6.484","6.503","6.503","6.480","-0.34%"
"14-12-2017","6.506","6.515","6.515","6.500","-0.31%"
"13-12-2017","6.526","6.515","6.528","6.513","0.12%"
"12-12-2017","6.518","6.555","6.555","6.515","-0.43%"
"11-12-2017","6.546","6.539","6.558","6.539","-0.09%"
"08-12-2017","6.552","6.548","6.564","6.545","0.21%"
"07-12-2017","6.538","6.501","6.542","6.501","0.49%"
"06-12-2017","6.506","6.513","6.513","6.502","-0.31%"
"05-12-2017","6.526","6.516","6.535","6.516","0.25%"
"04-12-2017","6.510","6.490","6.534","6.490","-0.02%"
"30-11-2017","6.511","6.505","6.522","6.505","-0.23%"
"29-11-2017","6.526","6.589","6.589","6.526","-1.08%"
"28-11-2017","6.597","6.574","6.601","6.574","0.47%"
"27-11-2017","6.566","6.541","6.566","6.541","0.21%"
"24-11-2017","6.552","6.560","6.560","6.546","-0.29%"
"23-11-2017","6.571","6.574","6.574","6.567","-0.35%"
"22-11-2017","6.594","6.604","6.604","6.590","-0.29%"
"21-11-2017","6.613","6.640","6.640","6.612","-0.06%"
"20-11-2017","6.617","6.711","6.711","6.617","-0.88%"
"17-11-2017","6.676","6.685","6.685","6.676","0.07%"
"16-11-2017","6.671","6.683","6.683","6.671","0.29%"
"15-11-2017","6.652","6.674","6.674","6.642","-0.55%"
"14-11-2017","6.689","6.685","6.692","6.685","0.22%"
"13-11-2017","6.674","6.698","6.698","6.674","0.45%"
"10-11-2017","6.644","6.669","6.669","6.642","-0.24%"
"09-11-2017","6.660","6.660","6.660","6.660","0.05%"
"08-11-2017","6.657","6.669","6.669","6.657","-0.21%"
"07-11-2017","6.671","6.675","6.675","6.671","0.11%"
"06-11-2017","6.664","6.627","6.664","6.627","-0.07%"
"03-11-2017","6.669","6.731","6.731","6.669","-1.32%"
"02-11-2017","6.758","6.774","6.774","6.758","-0.13%"
"01-11-2017","6.767","6.790","6.790","6.762","-0.56%"
"31-10-2017","6.805","6.831","6.831","6.805","-0.21%"
"30-10-2017","6.819","6.819","6.819","6.814","0.03%"
"29-10-2017","6.817","6.817","6.817","6.817","0.00%"
"27-10-2017","6.817","6.860","6.860","6.817","-0.60%"
"26-10-2017","6.858","6.843","6.858","6.842","0.94%"
"25-10-2017","6.794","6.723","6.794","6.723","0.94%"
"24-10-2017","6.731","6.734","6.748","6.731","0.36%"
"23-10-2017","6.707","6.684","6.707","6.677","1.19%"
"22-10-2017","6.628","6.628","6.628","6.628","0.00%"
"20-10-2017","6.628","6.660","6.660","6.623","-0.26%"
"19-10-2017","6.645","6.682","6.682","6.633","-0.05%"
"18-10-2017","6.648","6.610","6.648","6.610","0.90%"
"17-10-2017","6.589","6.553","6.590","6.553","0.69%"
"16-10-2017","6.544","6.551","6.551","6.544","-0.20%"
"13-10-2017","6.557","6.581","6.581","6.557","-0.43%"
"12-10-2017","6.585","6.577","6.589","6.577","0.14%"
"11-10-2017","6.576","6.577","6.581","6.574","0.06%"
"10-10-2017","6.572","6.553","6.572","6.553","0.27%"
"09-10-2017","6.554","6.558","6.558","6.554","0.82%"
"06-10-2017","6.501","6.494","6.507","6.494","0.17%"
"05-10-2017","6.490","6.484","6.494","6.484","-0.25%"
"04-10-2017","6.506","6.541","6.541","6.506","-0.40%"
"03-10-2017","6.532","6.486","6.536","6.486","0.94%"
"02-10-2017","6.471","6.434","6.471","6.434","-0.38%"
"29-09-2017","6.496","6.638","6.638","6.496","-1.28%"
"28-09-2017","6.580","6.446","6.591","6.426","3.04%"
"27-09-2017","6.386","6.337","6.386","6.337","1.00%"
"26-09-2017","6.323","6.278","6.328","6.278","0.86%"
"25-09-2017","6.269","6.264","6.301","6.264","-2.79%"
"22-09-2017","6.449","6.454","6.466","6.449","-0.05%"
"20-09-2017","6.452","6.474","6.474","6.446","-0.26%"
"19-09-2017","6.469","6.477","6.477","6.469","-0.26%"
"18-09-2017","6.486","6.470","6.488","6.468","-0.84%"
"15-09-2017","6.541","6.543","6.548","6.541","0.46%"
"14-09-2017","6.511","6.452","6.511","6.444","0.95%"
"13-09-2017","6.450","6.439","6.458","6.439","0.36%"
"12-09-2017","6.427","6.393","6.432","6.393","0.72%"
"11-09-2017","6.381","6.402","6.413","6.364","-1.38%"
"08-09-2017","6.470","6.543","6.543","6.455","-1.49%"
"07-09-2017","6.568","6.576","6.576","6.568","0.02%"
"06-09-2017","6.567","6.618","6.618","6.554","-1.46%"
"05-09-2017","6.664","6.670","6.670","6.661","0.02%"
"04-09-2017","6.663","6.665","6.669","6.660","-0.30%"
"31-08-2017","6.683","6.698","6.698","6.679","-0.59%"
"30-08-2017","6.723","6.733","6.733","6.716","-0.71%"
"29-08-2017","6.771","6.759","6.780","6.759","0.13%"
"28-08-2017","6.762","6.785","6.785","6.761","-0.94%"
"25-08-2017","6.826","6.853","6.853","6.826","-0.55%"
"24-08-2017","6.864","6.846","6.875","6.846","0.12%"
"23-08-2017","6.856","6.870","6.870","6.818","-0.20%"
"22-08-2017","6.870","6.888","6.888","6.870","-0.20%"
"21-08-2017","6.884","6.891","6.891","6.884","-0.16%"
"18-08-2017","6.895","6.896","6.926","6.895","-0.17%"
"16-08-2017","6.907","6.898","6.907","6.898","0.17%"
"15-08-2017","6.895","6.898","6.898","6.892","-0.10%"
"14-08-2017","6.902","6.898","6.910","6.898","0.12%"
"11-08-2017","6.894","6.877","6.894","6.877","0.42%"
"10-08-2017","6.865","6.872","6.874","6.856","0.32%"
"09-08-2017","6.843","6.870","6.870","6.839","-0.62%"
"08-08-2017","6.886","6.889","6.891","6.886","0.06%"
"07-08-2017","6.882","6.877","6.895","6.877","-0.17%"
"06-08-2017","6.894","6.894","6.894","6.894","0.00%"
"04-08-2017","6.894","6.908","6.908","6.894","-0.26%"
"03-08-2017","6.912","6.922","6.922","6.909","-0.16%"
"02-08-2017","6.923","6.934","6.934","6.920","-0.09%"
"01-08-2017","6.929","6.948","6.948","6.929","-0.27%"
"31-07-2017","6.948","6.962","6.962","6.948","-0.07%"
"28-07-2017","6.953","6.953","6.955","6.950","-0.10%"
"27-07-2017","6.960","6.962","6.965","6.960","0.26%"
"26-07-2017","6.942","6.953","6.953","6.942","0.20%"
"25-07-2017","6.928","6.924","6.929","6.923","0.10%"
"24-07-2017","6.921","6.927","6.941","6.910","-0.07%"
"21-07-2017","6.926","6.917","6.935","6.917","0.03%"
"20-07-2017","6.924","6.913","6.924","6.913","-0.03%"
"19-07-2017","6.926","6.937","6.937","6.918","-0.29%"
"18-07-2017","6.946","6.951","6.951","6.934","-0.04%"
"17-07-2017","6.949","6.927","6.950","6.927","-0.24%"
"16-07-2017","6.966","6.966","6.966","6.966","0.00%"
"14-07-2017","6.966","6.961","6.977","6.957","-0.03%"
"13-07-2017","6.968","7.050","7.050","6.958","-1.54%"
"12-07-2017","7.077","7.151","7.151","7.074","-1.10%"
"11-07-2017","7.156","7.214","7.214","7.156","-0.80%"
"10-07-2017","7.214","7.214","7.218","7.204","2.78%"
"07-07-2017","7.019","6.932","7.074","6.932","2.18%"
"06-07-2017","6.869","6.803","6.869","6.778","0.99%"
"05-07-2017","6.802","6.812","6.812","6.799","-0.40%"
"04-07-2017","6.829","6.866","6.878","6.829","-0.41%"
"03-07-2017","6.857","6.829","6.857","6.829","0.68%"
"02-07-2017","6.811","6.811","6.811","6.811","0.00%"
"01-07-2017","6.811","6.811","6.811","6.811","0.00%"
"25-06-2017","6.811","6.811","6.811","6.811","0.00%"
"23-06-2017","6.811","6.811","6.811","6.811","0.00%"
"22-06-2017","6.811","6.815","6.815","6.811","-0.04%"
"21-06-2017","6.814","6.781","6.814","6.781","0.59%"
"20-06-2017","6.774","6.760","6.774","6.746","0.13%"
"19-06-2017","6.765","6.788","6.793","6.765","-0.51%"
"16-06-2017","6.800","6.802","6.802","6.792","-0.61%"
"15-06-2017","6.842","6.874","6.874","6.830","-0.51%"
"14-06-2017","6.877","6.893","6.893","6.877","-0.30%"
"13-06-2017","6.898","6.898","6.898","6.891","0.01%"
"12-06-2017","6.897","6.886","6.907","6.886","-0.07%"
"09-06-2017","6.902","6.919","6.919","6.902","-0.35%"
"08-06-2017","6.926","6.932","6.935","6.921","-0.14%"
"07-06-2017","6.936","6.929","6.936","6.929","0.10%"
"06-06-2017","6.929","6.938","6.938","6.929","-0.19%"
"05-06-2017","6.942","6.929","6.942","6.923","0.03%"
"02-06-2017","6.940","6.946","6.947","6.940","-0.16%"
"31-05-2017","6.951","6.948","6.952","6.948","0.00%"
"30-05-2017","6.951","6.938","6.951","6.938","0.17%"
"29-05-2017","6.939","6.929","6.939","6.929","0.01%"
"26-05-2017","6.938","6.955","6.955","6.934","-0.20%"
"24-05-2017","6.952","6.967","6.967","6.943","-0.11%"
"23-05-2017","6.960","6.958","6.967","6.958","0.07%"
"22-05-2017","6.955","6.964","7.024","6.932","-2.08%"
"19-05-2017","7.103","7.073","7.120","7.073","0.58%"
"18-05-2017","7.062","7.021","7.062","7.021","0.48%"
"17-05-2017","7.028","7.047","7.047","7.023","-0.11%"
"16-05-2017","7.036","7.047","7.047","7.032","-0.35%"
"15-05-2017","7.061","7.092","7.100","7.061","-1.89%"
"12-05-2017","7.197","7.151","7.218","7.151","0.70%"
"10-05-2017","7.147","7.116","7.147","7.115","0.61%"
"09-05-2017","7.104","7.077","7.104","7.069","0.45%"
"08-05-2017","7.072","7.070","7.072","7.063","0.17%"
"07-05-2017","7.060","7.060","7.060","7.060","0.00%"
"05-05-2017","7.060","7.042","7.060","7.042","0.33%"
"04-05-2017","7.037","7.023","7.038","7.023","0.30%"
"03-05-2017","7.016","7.033","7.033","7.016","-0.20%"
"02-05-2017","7.030","7.014","7.031","7.010","-0.01%"
"28-04-2017","7.031","7.059","7.059","7.031","-0.26%"
"27-04-2017","7.049","7.031","7.056","7.031","0.21%"
"26-04-2017","7.034","7.066","7.066","7.034","-0.85%"
"25-04-2017","7.094","7.105","7.110","7.094","-0.08%"
"22-04-2017","7.100","7.100","7.100","7.100","0.00%"
"21-04-2017","7.100","7.105","7.105","7.100","0.10%"
"20-04-2017","7.093","7.050","7.093","7.050","0.64%"
"19-04-2017","7.048","7.048","7.048","7.048","0.00%"
"18-04-2017","7.048","7.034","7.048","7.034","0.27%"
"17-04-2017","7.029","7.027","7.030","7.020","-0.21%"
"13-04-2017","7.044","7.066","7.066","7.044","-0.33%"
"12-04-2017","7.067","7.102","7.102","7.067","-0.52%"
"11-04-2017","7.104","7.120","7.120","7.097","-0.27%"
"10-04-2017","7.123","7.111","7.125","7.111","0.18%"
"07-04-2017","7.110","7.081","7.110","7.078","0.84%"
"06-04-2017","7.051","7.031","7.051","7.031","0.24%"
"05-04-2017","7.034","7.015","7.040","7.015","0.31%"
"04-04-2017","7.012","7.016","7.022","7.012","-0.31%"
"03-04-2017","7.034","7.019","7.044","7.019","0.07%"
"31-03-2017","7.029","7.034","7.034","7.024","-0.13%"
"30-03-2017","7.038","7.080","7.080","7.038","-0.72%"
"29-03-2017","7.089","7.103","7.103","7.089","-0.07%"
"27-03-2017","7.094","7.103","7.103","7.089","-0.15%"
"26-03-2017","7.105","7.105","7.105","7.105","0.00%"
"24-03-2017","7.105","7.139","7.139","7.105","-0.48%"
"23-03-2017","7.139","7.158","7.158","7.139","-0.10%"
"22-03-2017","7.146","7.158","7.158","7.139","0.11%"
"21-03-2017","7.138","7.167","7.167","7.138","-0.71%"
"20-03-2017","7.189","7.188","7.207","7.188","-0.77%"
"18-03-2017","7.245","7.245","7.245","7.245","0.00%"
"17-03-2017","7.245","7.284","7.287","7.245","-0.73%"
"16-03-2017","7.298","7.400","7.400","7.298","-1.37%"
"15-03-2017","7.399","7.460","7.460","7.387","-1.00%"
"14-03-2017","7.474","7.482","7.496","7.474","-0.09%"
"13-03-2017","7.481","7.496","7.514","7.481","-0.41%"
"10-03-2017","7.512","7.455","7.518","7.455","0.89%"
"09-03-2017","7.446","7.493","7.515","7.446","0.34%"
"08-03-2017","7.421","7.459","7.488","7.421","-0.79%"
"07-03-2017","7.480","7.506","7.506","7.478","-0.19%"
"06-03-2017","7.494","7.495","7.513","7.494","0.16%"
"03-03-2017","7.482","7.510","7.510","7.481","-0.70%"
"02-03-2017","7.535","7.543","7.546","7.535","-0.03%"
"01-03-2017","7.537","7.557","7.557","7.536","-0.07%"
"28-02-2017","7.542","7.505","7.542","7.505","0.41%"
"27-02-2017","7.511","7.495","7.511","7.495","-0.58%"
"24-02-2017","7.555","7.567","7.567","7.555","-0.16%"
"23-02-2017","7.567","7.582","7.582","7.560","-0.37%"
"22-02-2017","7.595","7.581","7.596","7.581","0.44%"
"21-02-2017","7.562","7.557","7.562","7.557","0.37%"
"20-02-2017","7.534","7.537","7.552","7.534","-0.16%"
"17-02-2017","7.546","7.549","7.561","7.540","0.01%"
"16-02-2017","7.545","7.552","7.552","7.541","0.40%"
"15-02-2017","7.515","7.530","7.530","7.515","-0.20%"
"14-02-2017","7.530","7.556","7.556","7.530","0.17%"
"13-02-2017","7.517","7.624","7.624","7.517","0.32%"
"10-02-2017","7.493","7.524","7.524","7.493","-0.25%"
"09-02-2017","7.512","7.580","7.580","7.512","-0.56%"
"08-02-2017","7.554","7.547","7.580","7.547","0.08%"
"07-02-2017","7.548","7.554","7.554","7.546","-0.33%"
"06-02-2017","7.573","7.594","7.594","7.573","-0.75%"
"03-02-2017","7.630","7.649","7.649","7.630","-0.27%"
"02-02-2017","7.651","7.656","7.657","7.651","0.25%"
"01-02-2017","7.632","7.633","7.639","7.630","-0.08%"
"31-01-2017","7.638","7.615","7.638","7.615","0.24%"
"30-01-2017","7.620","7.623","7.630","7.620","0.05%"
"27-01-2017","7.616","7.588","7.617","7.588","0.46%"
"26-01-2017","7.581","7.552","7.581","7.552","0.72%"
"25-01-2017","7.527","7.553","7.553","7.527","-0.12%"
"24-01-2017","7.536","7.553","7.553","7.536","-0.33%"
"23-01-2017","7.561","7.578","7.589","7.561","-0.24%"
"20-01-2017","7.579","7.584","7.584","7.573","0.20%"
"19-01-2017","7.564","7.550","7.566","7.544","0.64%"
"18-01-2017","7.516","7.530","7.530","7.516","-0.32%"
"17-01-2017","7.540","7.546","7.555","7.536","0.32%"
"16-01-2017","7.516","7.498","7.539","7.498","0.36%"
"13-01-2017","7.489","7.592","7.592","7.489","-1.34%"
"12-01-2017","7.591","7.595","7.595","7.591","-0.04%"
"11-01-2017","7.594","7.599","7.599","7.592","-0.07%"
"10-01-2017","7.599","7.615","7.615","7.599","-0.16%"
"09-01-2017","7.611","7.599","7.611","7.599","0.11%"
"06-01-2017","7.603","7.606","7.608","7.599","-0.04%"
"05-01-2017","7.606","7.732","7.732","7.606","-4.07%"
"04-01-2017","7.929","7.962","7.962","7.929","-0.41%"
"03-01-2017","7.962","7.923","7.967","7.923","0.26%"
"31-12-2016","7.941","7.941","7.941","7.941","0.00%"
"30-12-2016","7.941","7.948","7.948","7.941","-0.09%"
"29-12-2016","7.948","7.920","7.948","7.920","0.20%"
"28-12-2016","7.932","7.893","7.932","7.893","0.38%"
"27-12-2016","7.902","7.905","7.928","7.899","0.11%"
"23-12-2016","7.893","7.891","7.899","7.878","0.45%"
"22-12-2016","7.858","7.922","7.922","7.858","-0.27%"
"21-12-2016","7.879","7.912","7.912","7.879","-0.34%"
"20-12-2016","7.906","7.984","7.985","7.906","-0.74%"
"19-12-2016","7.965","7.946","7.985","7.946","-0.60%"
"16-12-2016","8.013","7.966","8.047","7.966","1.31%"
"15-12-2016","7.909","7.715","7.909","7.715","1.35%"
"14-12-2016","7.804","7.715","7.804","7.715","1.28%"
"13-12-2016","7.705","7.566","7.705","7.566","1.45%"
"09-12-2016","7.595","7.565","7.595","7.533","0.37%"
"08-12-2016","7.567","7.943","7.943","7.554","-3.83%"
"07-12-2016","7.868","7.983","7.998","7.868","-1.63%"
"06-12-2016","7.998","8.065","8.065","7.988","-0.83%"
"05-12-2016","8.065","8.072","8.075","8.054","-0.05%"
"02-12-2016","8.069","8.100","8.100","8.063","-0.25%"
"01-12-2016","8.089","8.185","8.185","8.089","-1.16%"
"30-11-2016","8.184","8.275","8.275","8.184","-0.56%"
"29-11-2016","8.230","8.304","8.304","8.230","-0.83%"
"28-11-2016","8.299","8.372","8.372","8.299","-0.06%"
"25-11-2016","8.304","8.186","8.304","8.186","1.76%"
"24-11-2016","8.160","8.073","8.167","8.073","1.82%"
"23-11-2016","8.014","7.931","8.024","7.931","1.29%"
"22-11-2016","7.912","7.882","7.912","7.882","0.75%"
"21-11-2016","7.853","7.926","7.926","7.834","0.77%"
"18-11-2016","7.793","7.840","7.840","7.767","0.22%"
"17-11-2016","7.776","7.845","7.845","7.770","-1.21%"
"16-11-2016","7.871","7.893","7.901","7.871","-0.64%"
"15-11-2016","7.922","7.909","7.939","7.909","0.34%"
"14-11-2016","7.895","7.429","7.895","7.429","5.70%"
"11-11-2016","7.469","7.426","7.469","7.426","0.70%"
"10-11-2016","7.417","7.329","7.419","7.329","0.61%"
"09-11-2016","7.372","7.312","7.372","7.266","1.18%"
"08-11-2016","7.286","7.350","7.350","7.286","-0.60%"
"07-11-2016","7.330","7.265","7.330","7.265","0.30%"
"04-11-2016","7.308","7.275","7.315","7.275","0.58%"
"03-11-2016","7.266","7.242","7.267","7.242","0.47%"
"02-11-2016","7.232","7.245","7.245","7.232","-0.10%"
"01-11-2016","7.239","7.314","7.314","7.239","-0.28%"
"31-10-2016","7.259","7.123","7.265","7.123","0.81%"
"28-10-2016","7.201","7.126","7.201","7.126","1.32%"
"27-10-2016","7.107","7.098","7.107","7.082","0.47%"
"26-10-2016","7.074","7.079","7.079","7.056","0.34%"
"25-10-2016","7.050","7.068","7.068","7.043","0.09%"
"24-10-2016","7.044","7.125","7.125","7.044","-0.54%"
"21-10-2016","7.082","7.125","7.140","7.082","-0.76%"
"20-10-2016","7.136","7.119","7.136","7.119","0.21%"
"19-10-2016","7.121","7.090","7.121","7.090","0.59%"
"18-10-2016","7.079","7.047","7.087","7.038","0.38%"
"17-10-2016","7.052","7.026","7.053","7.019","0.00%"
"15-10-2016","7.052","7.052","7.052","7.052","-0.01%"
"14-10-2016","7.053","7.095","7.095","7.051","-0.37%"
"13-10-2016","7.079","7.098","7.106","7.079","-0.58%"
"12-10-2016","7.120","7.134","7.134","7.119","-0.11%"
"11-10-2016","7.128","7.119","7.128","7.119","0.15%"
"10-10-2016","7.117","6.995","7.119","6.995","0.38%"
"07-10-2016","7.090","7.046","7.090","7.046","0.68%"
"06-10-2016","7.042","7.019","7.042","7.015","0.43%"
"05-10-2016","7.012","7.012","7.012","7.005","0.06%"
"04-10-2016","7.008","7.019","7.019","7.008","-0.45%"
"03-10-2016","7.040","7.097","7.097","7.038","-0.41%"
"30-09-2016","7.069","7.022","7.069","7.010","1.20%"
"29-09-2016","6.985","6.928","6.985","6.928","0.87%"
"28-09-2016","6.925","6.922","6.925","6.907","0.17%"
"27-09-2016","6.913","6.909","6.922","6.906","0.09%"
"26-09-2016","6.907","6.900","6.915","6.900","0.52%"
"25-09-2016","6.871","6.871","6.871","6.871","0.00%"
"24-09-2016","6.871","6.871","6.871","6.871","0.00%"
"23-09-2016","6.871","6.880","6.880","6.856","-0.38%"
"22-09-2016","6.897","6.971","6.971","6.897","-1.06%"
"21-09-2016","6.971","6.982","6.982","6.971","-0.09%"
"20-09-2016","6.977","6.993","6.993","6.976","-0.07%"
"19-09-2016","6.982","7.008","7.021","6.981","-0.71%"
"17-09-2016","7.032","7.032","7.032","7.032","0.00%"
"16-09-2016","7.032","7.081","7.081","7.032","-0.69%"
"15-09-2016","7.081","7.068","7.097","7.068","0.25%"
"14-09-2016","7.063","6.984","7.063","6.978","1.26%"
"13-09-2016","6.975","6.865","6.975","6.865","0.87%"
"09-09-2016","6.915","6.889","6.920","6.889","0.32%"
"08-09-2016","6.893","6.888","6.896","6.883","0.13%"
"07-09-2016","6.884","6.878","6.884","6.870","0.22%"
"06-09-2016","6.869","6.950","6.950","6.869","-0.62%"
"05-09-2016","6.912","7.131","7.131","6.912","-1.14%"
"02-09-2016","6.992","7.066","7.066","6.992","-1.08%"
"01-09-2016","7.068","7.118","7.118","7.068","-0.98%"
"31-08-2016","7.138","7.152","7.166","7.138","0.04%"
"30-08-2016","7.135","7.128","7.139","7.124","0.15%"
"29-08-2016","7.124","7.132","7.132","7.085","0.91%"
"26-08-2016","7.060","7.082","7.082","7.058","-0.13%"
"25-08-2016","7.069","7.108","7.108","7.069","-0.62%"
"24-08-2016","7.113","7.072","7.120","7.072","0.81%"
"23-08-2016","7.056","6.915","7.056","6.915","1.86%"
"22-08-2016","6.927","6.843","6.927","6.843","1.36%"
"19-08-2016","6.834","6.807","6.834","6.807","0.25%"
"18-08-2016","6.817","6.830","6.830","6.817","-0.10%"
"16-08-2016","6.824","6.818","6.827","6.812","0.25%"
"15-08-2016","6.807","6.780","6.809","6.780","0.37%"
"14-08-2016","6.782","6.782","6.782","6.782","0.00%"
"13-08-2016","6.782","6.782","6.782","6.782","0.00%"
"12-08-2016","6.782","6.801","6.805","6.778","0.04%"
"11-08-2016","6.779","6.803","6.803","6.778","-0.26%"
"10-08-2016","6.797","6.859","6.859","6.797","-0.86%"
"09-08-2016","6.856","6.856","6.857","6.853","0.06%"
"08-08-2016","6.852","6.866","6.881","6.850","-0.33%"
"06-08-2016","6.875","6.875","6.875","6.875","0.00%"
"05-08-2016","6.875","6.912","6.912","6.875","-0.39%"
"04-08-2016","6.902","6.865","6.902","6.865","0.60%"
"03-08-2016","6.861","6.848","6.861","6.831","-0.03%"
"02-08-2016","6.863","6.905","6.905","6.863","-0.68%"
"01-08-2016","6.910","6.939","6.979","6.906","-0.49%"
"29-07-2016","6.944","6.957","6.961","6.944","-0.34%"
"28-07-2016","6.968","7.021","7.021","6.966","-1.28%"
"27-07-2016","7.058","7.119","7.119","7.058","-0.93%"
"26-07-2016","7.124","7.150","7.150","7.124","-0.22%"
"25-07-2016","7.140","7.000","7.140","7.000","1.42%"
"22-07-2016","7.040","7.006","7.043","7.006","0.44%"
"21-07-2016","7.009","7.003","7.011","7.003","0.03%"
"20-07-2016","7.007","7.024","7.030","7.001","-0.99%"
"19-07-2016","7.077","7.124","7.124","7.077","-0.58%"
"18-07-2016","7.118","7.140","7.140","7.118","-0.35%"
"15-07-2016","7.143","7.145","7.146","7.137","-0.04%"
"14-07-2016","7.146","7.118","7.146","7.118","0.34%"
"13-07-2016","7.122","7.085","7.127","7.075","0.59%"
"12-07-2016","7.080","7.100","7.100","7.070","-0.69%"
"11-07-2016","7.129","7.231","7.247","7.129","-2.09%"
"04-07-2016","7.281","7.248","7.281","7.248","-1.78%"
"01-07-2016","7.413","7.483","7.483","7.413","-0.66%"
"30-06-2016","7.462","7.505","7.505","7.459","-0.65%"
"29-06-2016","7.511","7.580","7.580","7.511","-1.37%"
"28-06-2016","7.615","7.688","7.688","7.615","-1.51%"
"27-06-2016","7.732","7.734","7.797","7.732","0.04%"
"24-06-2016","7.729","7.628","7.749","7.613","1.60%"
"23-06-2016","7.607","7.640","7.640","7.602","-0.22%"
"22-06-2016","7.624","7.638","7.638","7.619","0.12%"
"21-06-2016","7.615","7.631","7.631","7.603","0.03%"
"20-06-2016","7.613","7.693","7.693","7.609","-0.10%"
"17-06-2016","7.621","7.628","7.628","7.597","0.16%"
"16-06-2016","7.609","7.645","7.645","7.609","-0.38%"
"15-06-2016","7.638","7.617","7.643","7.617","0.21%"
"14-06-2016","7.622","7.613","7.629","7.606","-0.04%"
"13-06-2016","7.625","7.625","7.635","7.604","0.13%"
"10-06-2016","7.615","7.575","7.621","7.559","0.62%"
"09-06-2016","7.568","7.597","7.597","7.554","-0.45%"
"08-06-2016","7.602","7.670","7.670","7.599","-1.68%"
"07-06-2016","7.732","7.766","7.776","7.732","-0.77%"
"06-06-2016","7.792","7.626","7.804","7.626","-0.94%"
"03-06-2016","7.866","7.823","7.866","7.814","-0.13%"
"02-06-2016","7.876","7.790","7.876","7.790","0.43%"
"01-06-2016","7.842","7.804","7.854","7.804","-0.29%"
"31-05-2016","7.865","7.786","7.869","7.786","0.68%"
"30-05-2016","7.812","7.821","7.821","7.723","-0.24%"
"27-05-2016","7.831","7.841","7.841","7.831","-0.33%"
"26-05-2016","7.857","7.818","7.874","7.818","-0.42%"
"25-05-2016","7.890","7.929","7.929","7.890","-0.30%"
"24-05-2016","7.914","7.909","7.919","7.904","0.10%"
"23-05-2016","7.906","7.884","7.913","7.884","0.28%"
"20-05-2016","7.884","7.763","7.884","7.752","0.97%"
"19-05-2016","7.808","7.643","7.824","7.643","2.44%"
"18-05-2016","7.622","7.645","7.645","7.622","-0.78%"
"17-05-2016","7.682","7.680","7.690","7.669","-0.08%"
"16-05-2016","7.688","7.629","7.708","7.629","-0.54%"
"13-05-2016","7.730","7.753","7.777","7.730","-0.74%"
"12-05-2016","7.788","7.774","7.788","7.769","0.27%"
"11-05-2016","7.767","7.733","7.767","7.733","-0.13%"
"10-05-2016","7.777","7.780","7.795","7.767","0.23%"
"09-05-2016","7.759","7.630","7.761","7.630","0.79%"
"04-05-2016","7.698","7.673","7.698","7.673","0.09%"
"03-05-2016","7.691","7.687","7.694","7.678","-0.16%"
"02-05-2016","7.703","7.631","7.706","7.631","-0.16%"
"29-04-2016","7.715","7.623","7.720","7.623","1.14%"
"28-04-2016","7.628","7.640","7.640","7.628","0.16%"
"27-04-2016","7.616","7.636","7.636","7.589","-0.41%"
"26-04-2016","7.647","7.661","7.661","7.647","-0.07%"
"25-04-2016","7.652","7.666","7.666","7.598","1.31%"
"22-04-2016","7.553","7.429","7.553","7.429","1.74%"
"21-04-2016","7.424","7.423","7.437","7.418","0.16%"
"20-04-2016","7.412","7.430","7.430","7.412","-0.26%"
"19-04-2016","7.431","7.435","7.439","7.431","0.07%"
"18-04-2016","7.426","7.464","7.464","7.419","0.03%"
"15-04-2016","7.424","7.444","7.444","7.422","-0.15%"
"14-04-2016","7.435","7.416","7.435","7.397","0.03%"
"13-04-2016","7.433","7.497","7.497","7.433","-1.28%"
"12-04-2016","7.529","7.516","7.530","7.516","-0.08%"
"11-04-2016","7.535","7.600","7.600","7.535","-0.55%"
"08-04-2016","7.577","7.580","7.581","7.570","-0.24%"
"07-04-2016","7.595","7.596","7.604","7.595","-0.08%"
"06-04-2016","7.601","7.623","7.624","7.601","-0.43%"
"05-04-2016","7.634","7.613","7.638","7.613","0.50%"
"04-04-2016","7.596","7.601","7.635","7.594","0.18%"
"01-04-2016","7.582","7.660","7.660","7.582","-1.70%"
"31-03-2016","7.713","7.706","7.719","7.679","-0.87%"
"30-03-2016","7.781","7.811","7.843","7.781","-0.66%"
"29-03-2016","7.833","7.826","7.833","7.814","0.27%"
"28-03-2016","7.812","7.807","7.812","7.783","0.37%"
"24-03-2016","7.783","7.762","7.789","7.762","0.03%"
"23-03-2016","7.781","7.782","7.808","7.781","0.17%"
"22-03-2016","7.768","7.706","7.768","7.706","0.94%"
"21-03-2016","7.696","7.604","7.697","7.604","0.77%"
"18-03-2016","7.637","7.652","7.656","7.606","-1.46%"
"17-03-2016","7.750","7.774","7.774","7.728","-0.28%"
"16-03-2016","7.772","7.765","7.773","7.755","0.26%"
"15-03-2016","7.752","7.726","7.752","7.724","0.28%"
"14-03-2016","7.730","7.789","7.789","7.710","-1.06%"
"11-03-2016","7.813","7.871","7.871","7.813","-0.79%"
"10-03-2016","7.875","7.879","7.916","7.875","0.08%"
"09-03-2016","7.869","7.869","7.869","7.869","0.00%"
"08-03-2016","7.869","7.836","7.869","7.835","0.40%"
"07-03-2016","7.838","7.879","7.879","7.833","-1.91%"
"04-03-2016","7.991","8.036","8.044","7.991","-1.16%"
"03-03-2016","8.085","8.110","8.136","8.085","-1.14%"
"02-03-2016","8.178","8.252","8.252","8.173","-0.90%"
"01-03-2016","8.252","8.250","8.252","8.250","0.10%"
"29-02-2016","8.244","8.252","8.252","8.214","0.12%"
"26-02-2016","8.234","8.260","8.266","8.234","-0.31%"
"25-02-2016","8.260","8.266","8.269","8.259","-0.01%"
"24-02-2016","8.261","8.162","8.261","8.162","1.39%"
"23-02-2016","8.148","8.136","8.151","8.121","0.30%"
"22-02-2016","8.124","8.089","8.140","8.071","0.52%"
"19-02-2016","8.082","8.014","8.082","8.014","0.64%"
"18-02-2016","8.031","8.045","8.065","8.027","-0.14%"
"17-02-2016","8.042","7.969","8.042","7.964","1.16%"
"16-02-2016","7.950","7.948","7.965","7.939","-0.06%"
"15-02-2016","7.955","7.997","7.997","7.955","0.03%"
"14-02-2016","7.953","7.953","7.953","7.953","0.00%"
"12-02-2016","7.953","7.919","7.960","7.919","0.05%"
"11-02-2016","7.949","7.995","7.995","7.949","-0.79%"
"10-02-2016","8.012","8.026","8.026","8.007","0.20%"
"09-02-2016","7.996","8.089","8.089","7.996","-0.52%"
"05-02-2016","8.038","8.125","8.125","8.038","-1.08%"
"04-02-2016","8.126","8.174","8.174","8.126","-0.59%"
"03-02-2016","8.174","8.135","8.174","8.131","0.73%"
"02-02-2016","8.115","8.140","8.140","8.107","-0.67%"
"01-02-2016","8.170","8.159","8.218","8.159","-1.29%"
"29-01-2016","8.277","8.409","8.421","8.277","-1.57%"
"28-01-2016","8.409","8.421","8.427","8.409","-0.43%"
"27-01-2016","8.445","8.463","8.463","8.436","0.27%"
"26-01-2016","8.422","8.376","8.422","8.368","0.45%"
"25-01-2016","8.384","8.445","8.445","8.384","-1.25%"
"22-01-2016","8.490","8.529","8.529","8.490","-0.67%"
"21-01-2016","8.547","8.561","8.595","8.547","-0.33%"
"20-01-2016","8.575","8.680","8.680","8.575","-1.28%"
"19-01-2016","8.686","8.627","8.695","8.618","0.91%"
"18-01-2016","8.608","8.590","8.608","8.581","0.78%"
"15-01-2016","8.541","8.590","8.590","8.541","-0.36%"
"14-01-2016","8.572","8.566","8.572","8.553","-0.15%"
"13-01-2016","8.585","8.646","8.655","8.585","-1.25%"
"12-01-2016","8.694","8.772","8.772","8.694","-1.15%"
"11-01-2016","8.795","8.767","8.805","8.767","0.18%"
"10-01-2016","8.779","8.779","8.779","8.779","0.00%"
"08-01-2016","8.779","8.800","8.800","8.779","-0.16%"
"07-01-2016","8.793","8.793","8.793","8.793","-0.16%"
"06-01-2016","8.807","8.836","8.854","8.807","-0.24%"
"05-01-2016","8.828","8.787","8.828","8.787","-0.33%"
"04-01-2016","8.857","8.850","8.873","8.828","-0.17%"