"Date","Price","Open","High","Low","Change %"
"01/30/2026","3.029","3.036","3.036","3.027","-0.23%"
"01/29/2026","3.036","3.013","3.036","3.012","0.73%"
"01/28/2026","3.014","3.001","3.014","3.001","0.37%"
"01/27/2026","3.003","2.994","3.003","2.994","0.30%"
"01/26/2026","2.994","3.003","3.004","2.994","-0.33%"
"01/23/2026","3.004","3.027","3.027","3.004","-0.76%"
"01/22/2026","3.027","3.052","3.053","3.027","-0.85%"
"01/21/2026","3.053","3.062","3.062","3.053","-0.23%"
"01/20/2026","3.060","3.041","3.071","3.040","0.66%"
"01/19/2026","3.040","3.054","3.054","3.040","-0.43%"
"01/16/2026","3.053","3.018","3.053","3.018","1.16%"
"01/15/2026","3.018","3.031","3.031","3.018","0.13%"
"01/14/2026","3.014","3.033","3.033","3.014","-0.03%"
"01/13/2026","3.015","3.015","3.015","2.999","0.53%"
"01/12/2026","2.999","3.011","3.016","2.999","-0.03%"
"01/09/2026","3.000","2.998","3.012","2.998","0.03%"
"01/08/2026","2.999","2.990","2.999","2.990","0.30%"
"01/07/2026","2.990","3.010","3.014","2.990","-0.66%"
"01/06/2026","3.010","3.001","3.015","3.001","0.27%"
"01/05/2026","3.002","3.000","3.002","3.000","0.07%"
"01/02/2026","3.000","2.993","3.002","2.993","-0.20%"
"12/31/2025","3.006","3.016","3.016","2.994","-0.13%"
"12/30/2025","3.010","2.812","3.018","2.812","-0.27%"
"12/29/2025","3.018","3.010","3.020","3.010","0.23%"
"12/26/2025","3.011","3.007","3.011","3.007","0.13%"
"12/25/2025","3.007","3.007","3.007","3.007","0.00%"
"12/24/2025","3.007","3.007","3.012","3.007","-0.60%"
"12/23/2025","3.025","3.009","3.025","3.009","0.50%"
"12/22/2025","3.010","3.031","3.031","3.010","-0.46%"
"12/19/2025","3.024","3.033","3.033","3.024","-0.30%"
"12/18/2025","3.033","3.047","3.047","3.033","0.07%"
"12/17/2025","3.031","3.040","3.048","3.026","-0.13%"
"12/16/2025","3.035","3.040","3.040","3.035","-0.13%"
"12/15/2025","3.039","3.035","3.049","3.035","0.13%"
"12/14/2025","3.035","3.035","3.035","3.035","-0.07%"
"12/12/2025","3.037","3.046","3.050","3.035","-0.43%"
"12/11/2025","3.050","3.073","3.073","3.046","-0.68%"
"12/10/2025","3.071","3.052","3.074","3.051","0.66%"
"12/09/2025","3.051","3.031","3.053","3.031","0.63%"
"12/08/2025","3.032","3.018","3.032","3.018","0.46%"
"12/07/2025","3.018","3.018","3.018","3.018","-0.03%"
"12/05/2025","3.019","3.027","3.027","3.019","-0.30%"
"12/04/2025","3.028","3.024","3.041","3.024","-0.07%"
"12/03/2025","3.030","3.065","3.065","3.025","-0.72%"
"12/02/2025","3.052","3.043","3.065","3.043","0.20%"
"12/01/2025","3.046","3.044","3.046","3.044","0.36%"
"11/28/2025","3.035","3.012","3.035","3.012","0.76%"
"11/27/2025","3.012","3.018","3.025","3.012","-0.20%"
"11/26/2025","3.018","3.021","3.021","3.018","-0.07%"
"11/25/2025","3.020","3.029","3.029","3.020","-0.30%"
"11/24/2025","3.029","3.020","3.029","3.020","0.30%"
"11/23/2025","3.020","3.020","3.020","3.020","-0.03%"
"11/21/2025","3.021","3.030","3.030","3.021","-0.26%"
"11/20/2025","3.029","3.026","3.029","3.026","0.07%"
"11/19/2025","3.027","3.043","3.043","3.027","-0.53%"
"11/18/2025","3.043","3.059","3.059","3.043","-0.52%"
"11/17/2025","3.059","3.040","3.091","2.960","0.59%"
"11/16/2025","3.041","3.040","3.091","3.040","-0.16%"
"11/13/2025","3.046","3.056","3.057","3.042","-0.36%"
"11/12/2025","3.057","3.082","3.082","3.057","-0.84%"
"11/11/2025","3.083","3.083","3.084","3.083","0.00%"
"11/10/2025","3.083","3.086","3.086","3.083","-0.10%"
"11/09/2025","3.086","3.086","3.086","3.086","0.03%"
"11/07/2025","3.085","3.137","3.137","3.085","-1.66%"
"11/06/2025","3.137","3.127","3.137","3.127","0.29%"
"11/05/2025","3.128","3.128","3.128","3.128","0.00%"
"11/04/2025","3.128","3.140","3.144","3.128","-0.38%"
"11/03/2025","3.140","3.140","3.145","3.140","0.10%"
"10/31/2025","3.137","3.124","3.137","3.124","0.42%"
"10/30/2025","3.124","3.041","3.155","3.041","2.70%"
"10/29/2025","3.042","3.047","3.047","3.040","-0.20%"
"10/28/2025","3.048","3.049","3.050","3.045","-0.16%"
"10/27/2025","3.053","3.051","3.056","3.047","0.07%"
"10/26/2025","3.051","3.051","3.051","3.051","0.16%"
"10/24/2025","3.046","3.046","3.046","3.046","0.00%"
"10/23/2025","3.046","3.043","3.047","3.043","0.03%"
"10/22/2025","3.045","3.049","3.050","3.044","-0.16%"
"10/21/2025","3.050","3.050","3.167","3.031","0.56%"
"10/17/2025","3.033","3.025","3.035","3.025","0.20%"
"10/16/2025","3.027","3.022","3.028","3.022","0.07%"
"10/15/2025","3.025","3.028","3.033","3.025","-0.26%"
"10/14/2025","3.033","3.032","3.037","3.032","-0.13%"
"10/13/2025","3.037","3.055","3.055","3.037","-0.59%"
"10/12/2025","3.055","3.055","3.055","3.055","0.23%"
"10/10/2025","3.048","3.046","3.049","3.046","0.07%"
"10/09/2025","3.046","3.049","3.062","3.043","-0.13%"
"10/08/2025","3.050","3.043","3.052","3.037","0.20%"
"10/07/2025","3.044","3.044","3.047","3.043","0.00%"
"10/06/2025","3.044","3.026","3.046","3.019","0.79%"
"10/03/2025","3.020","3.021","3.029","3.020","-0.07%"
"10/02/2025","3.022","3.035","3.035","3.022","-0.49%"
"10/01/2025","3.037","3.037","3.038","3.034","-0.03%"
"09/30/2025","3.038","3.047","3.050","3.038","-0.33%"
"09/29/2025","3.048","3.068","3.069","3.048","-0.68%"
"09/28/2025","3.069","3.068","3.069","3.068","0.33%"
"09/26/2025","3.059","3.016","3.061","3.014","1.86%"
"09/25/2025","3.003","2.976","3.003","2.973","0.87%"
"09/24/2025","2.977","2.983","2.983","2.973","-0.23%"
"09/23/2025","2.984","2.986","2.986","2.982","-0.03%"
"09/22/2025","2.985","2.927","2.985","2.927","1.77%"
"09/19/2025","2.933","2.920","2.933","2.920","0.24%"
"09/18/2025","2.926","2.942","2.943","2.926","-0.61%"
"09/17/2025","2.944","2.803","2.964","2.803","-0.47%"
"09/12/2025","2.958","2.961","2.961","2.954","-0.17%"
"09/11/2025","2.963","2.965","2.966","2.953","-0.13%"
"09/10/2025","2.967","2.964","2.967","2.957","0.34%"
"09/09/2025","2.957","2.960","2.960","2.956","-0.14%"
"09/08/2025","2.961","2.965","2.969","2.958","-0.37%"
"09/04/2025","2.972","2.957","2.981","2.943","-0.30%"
"09/03/2025","2.981","2.957","2.981","2.943","0.78%"
"09/02/2025","2.958","2.938","2.958","2.938","0.44%"
"09/01/2025","2.945","2.945","2.945","2.945","0.10%"
"08/29/2025","2.942","2.954","2.954","2.937","-0.34%"
"08/28/2025","2.952","2.944","2.952","2.942","0.17%"
"08/27/2025","2.947","2.931","2.947","2.927","0.44%"
"08/26/2025","2.934","2.934","2.934","2.927","0.14%"
"08/25/2025","2.930","2.940","2.940","2.930","-0.34%"
"08/24/2025","2.940","2.940","2.940","2.940","-0.17%"
"08/22/2025","2.945","2.947","2.947","2.944","-0.20%"
"08/21/2025","2.951","2.955","2.955","2.947","-0.20%"
"08/20/2025","2.957","2.975","2.975","2.950","-0.47%"
"08/19/2025","2.971","2.951","2.971","2.951","0.54%"
"08/18/2025","2.955","2.944","2.960","2.944","0.31%"
"08/17/2025","2.946","2.944","2.946","2.944","-0.07%"
"08/15/2025","2.948","2.944","2.948","2.943","-0.10%"
"08/14/2025","2.951","2.958","2.958","2.951","-0.54%"
"08/13/2025","2.967","2.985","2.985","2.946","-0.64%"
"08/12/2025","2.986","2.979","2.986","2.978","0.20%"
"08/11/2025","2.980","2.977","2.980","2.976","0.00%"
"08/08/2025","2.980","2.983","2.983","2.977","-0.10%"
"08/07/2025","2.983","2.990","2.991","2.983","-0.27%"
"08/06/2025","2.991","2.994","2.994","2.991","-0.13%"
"08/05/2025","2.995","2.994","2.998","2.994","0.03%"
"08/04/2025","2.994","3.005","3.005","2.994","-0.37%"
"08/03/2025","3.005","3.005","3.005","3.005","-0.17%"
"08/01/2025","3.010","3.001","3.010","3.000","0.23%"
"07/31/2025","3.003","2.994","3.003","2.994","0.10%"
"07/30/2025","3.000","2.994","3.000","2.988","0.20%"
"07/29/2025","2.994","2.993","2.994","2.993","0.10%"
"07/28/2025","2.991","2.993","2.993","2.991","-0.07%"
"07/27/2025","2.993","2.993","2.993","2.993","0.00%"
"07/25/2025","2.993","2.995","2.995","2.993","-0.07%"
"07/24/2025","2.995","3.011","3.011","2.993","-0.56%"
"07/23/2025","3.012","3.007","3.012","3.007","0.00%"
"07/22/2025","3.012","3.003","3.012","3.002","0.17%"
"07/21/2025","3.007","2.998","3.164","2.998","0.37%"
"07/18/2025","2.996","3.003","3.003","2.996","-0.27%"
"07/17/2025","3.004","3.004","3.004","3.003","-0.03%"
"07/16/2025","3.005","3.000","3.005","2.999","0.27%"
"07/15/2025","2.997","2.997","2.997","2.997","0.10%"
"07/14/2025","2.994","2.988","2.994","2.986","0.23%"
"07/13/2025","2.987","2.988","2.988","2.986","0.03%"
"07/11/2025","2.986","2.983","2.986","2.981","0.07%"
"07/10/2025","2.984","3.025","3.025","2.982","-1.39%"
"07/09/2025","3.026","3.052","3.052","3.026","-0.88%"
"07/08/2025","3.053","3.056","3.056","3.052","-0.10%"
"07/07/2025","3.056","3.057","3.058","3.056","-0.03%"
"07/06/2025","3.057","3.057","3.057","3.057","0.49%"
"07/04/2025","3.042","3.053","3.058","3.053","0.26%"
"07/03/2025","3.034","3.054","3.058","3.050","-0.16%"
"07/02/2025","3.039","3.058","3.059","3.056","-0.20%"
"07/01/2025","3.045","3.065","3.065","3.060","-0.11%"
"06/30/2025","3.049","3.060","3.065","3.060","0.13%"
"06/26/2025","3.045","3.091","3.092","3.061","-0.81%"
"06/25/2025","3.069","3.091","3.092","3.086","-0.18%"
"06/24/2025","3.075","3.125","3.125","3.091","-1.09%"
"06/23/2025","3.109","3.132","3.132","3.125","-0.73%"
"06/22/2025","3.132","3.132","3.132","3.132","0.08%"
"06/20/2025","3.129","3.139","3.139","3.139","0.18%"
"06/19/2025","3.124","3.142","3.142","3.138","0.10%"
"06/18/2025","3.121","3.145","3.145","3.140","-0.11%"
"06/17/2025","3.125","3.138","3.145","3.131","0.00%"
"06/16/2025","3.125","3.122","3.140","3.122","0.55%"
"06/13/2025","3.108","3.118","3.123","3.118","0.15%"
"06/12/2025","3.103","3.120","3.123","3.118","-0.05%"
"06/11/2025","3.105","3.100","3.121","3.100","0.66%"
"06/10/2025","3.085","3.097","3.100","3.097","-0.03%"
"06/09/2025","3.086","3.098","3.101","3.096","-0.40%"
"06/08/2025","3.098","3.098","3.098","3.098","0.45%"
"06/06/2025","3.084","3.091","3.101","3.087","0.28%"
"06/05/2025","3.076","3.091","3.091","3.087","0.00%"
"06/04/2025","3.076","3.076","3.091","3.076","0.46%"
"06/03/2025","3.062","3.064","3.078","3.062","-0.08%"
"06/02/2025","3.064","3.064","3.064","3.064","0.52%"
"05/30/2025","3.048","3.045","3.063","3.045","0.59%"
"05/29/2025","3.030","3.036","3.049","3.036","0.26%"
"05/28/2025","3.022","3.055","3.058","3.038","-0.38%"
"05/27/2025","3.033","3.081","3.081","3.049","-1.24%"
"05/26/2025","3.072","3.085","3.086","3.085","0.00%"
"05/23/2025","3.071","3.085","3.085","3.085","-0.19%"
"05/22/2025","3.077","3.092","3.092","3.092","-0.03%"
"05/21/2025","3.078","3.093","3.094","3.093","0.00%"
"05/20/2025","3.078","3.085","3.093","3.085","0.24%"
"05/19/2025","3.070","3.079","3.090","3.075","-0.62%"
"05/18/2025","3.089","3.089","3.089","3.089","0.75%"
"05/16/2025","3.066","3.118","3.119","3.081","-0.94%"
"05/15/2025","3.095","3.118","3.118","3.117","0.13%"
"05/14/2025","3.091","3.181","3.181","3.114","-0.69%"
"05/13/2025","3.112","3.080","3.136","3.079","1.58%"
"05/09/2025","3.064","3.105","3.105","3.084","-0.73%"
"05/08/2025","3.086","3.121","3.133","3.106","-0.63%"
"05/07/2025","3.106","3.161","3.167","3.119","-1.35%"
"05/06/2025","3.148","3.186","3.186","3.164","-0.65%"
"05/05/2025","3.169","3.200","3.200","3.182","-0.46%"
"05/02/2025","3.184","3.189","3.197","3.189","0.11%"
"04/30/2025","3.180","3.189","3.189","3.189","0.05%"
"04/29/2025","3.178","3.204","3.204","3.191","-0.33%"
"04/28/2025","3.189","3.203","3.205","3.198","-0.09%"
"04/25/2025","3.192","3.204","3.204","3.204","-0.06%"
"04/24/2025","3.194","3.238","3.238","3.205","-0.92%"
"04/23/2025","3.224","3.283","3.284","3.238","-1.39%"
"04/22/2025","3.269","3.276","3.283","3.276","0.21%"
"04/21/2025","3.262","3.281","3.282","3.277","-0.21%"
"04/18/2025","3.269","3.312","3.312","3.281","-0.83%"
"04/17/2025","3.296","3.362","3.362","3.311","-1.54%"
"04/16/2025","3.348","3.379","3.379","3.362","-0.53%"
"04/15/2025","3.366","3.402","3.402","3.380","-0.66%"
"04/14/2025","3.388","3.399","3.403","3.399","0.07%"
"04/11/2025","3.386","3.382","3.401","3.382","0.53%"
"04/10/2025","3.368","3.392","3.392","3.383","-0.24%"
"04/09/2025","3.376","3.347","3.391","3.347","1.32%"
"04/08/2025","3.332","3.296","3.347","3.296","1.42%"
"04/07/2025","3.286","3.292","3.299","3.288","0.24%"
"04/04/2025","3.277","3.353","3.353","3.289","-1.92%"
"04/03/2025","3.342","3.376","3.376","3.353","-0.74%"
"04/02/2025","3.366","3.397","3.398","3.376","-0.53%"
"03/28/2025","3.385","3.398","3.398","3.393","-0.18%"
"03/27/2025","3.391","3.397","3.401","3.397","0.06%"
"03/26/2025","3.388","3.382","3.398","3.382","0.47%"
"03/25/2025","3.372","3.378","3.382","3.378","0.12%"
"03/24/2025","3.368","3.373","3.378","3.368","0.15%"
"03/21/2025","3.364","3.362","3.372","3.362","0.27%"
"03/20/2025","3.355","3.355","3.367","3.355","0.36%"
"03/19/2025","3.342","3.383","3.383","3.352","-0.90%"
"03/17/2025","3.373","3.401","3.401","3.383","-0.56%"
"03/14/2025","3.392","3.403","3.403","3.401","-0.06%"
"03/13/2025","3.394","3.395","3.403","3.395","0.24%"
"03/12/2025","3.386","3.406","3.406","3.395","-0.29%"
"03/11/2025","3.396","3.414","3.414","3.406","-0.24%"
"03/10/2025","3.404","3.426","3.427","3.414","-0.41%"
"03/07/2025","3.418","3.431","3.477","3.428","-0.12%"
"03/06/2025","3.422","3.431","3.435","3.431","0.00%"
"03/05/2025","3.422","3.426","3.431","3.426","0.15%"
"03/04/2025","3.418","3.438","3.438","3.425","-0.34%"
"03/03/2025","3.429","3.436","3.438","3.432","0.16%"
"02/28/2025","3.424","3.439","3.439","3.432","-0.19%"
"02/27/2025","3.430","3.438","3.441","3.437","0.03%"
"02/26/2025","3.429","3.450","3.450","3.438","-0.35%"
"02/25/2025","3.441","3.452","3.452","3.450","0.00%"
"02/24/2025","3.441","3.455","3.458","3.453","-0.48%"
"02/21/2025","3.458","3.458","3.458","3.458","-0.03%"
"02/20/2025","3.459","3.463","3.463","3.459","-0.12%"
"02/19/2025","3.463","3.457","3.463","3.457","0.17%"
"02/18/2025","3.457","3.462","3.462","3.453","-0.14%"
"02/17/2025","3.462","3.468","3.468","3.462","-0.12%"
"02/14/2025","3.466","3.466","3.466","3.466","0.00%"
"02/13/2025","3.466","3.459","3.466","3.459","0.17%"
"02/12/2025","3.460","3.451","3.464","3.451","0.26%"
"02/10/2025","3.451","3.448","3.451","3.448","0.03%"
"02/07/2025","3.450","3.449","3.450","3.449","0.03%"
"02/06/2025","3.449","3.461","3.461","3.449","-0.35%"
"02/05/2025","3.461","3.471","3.475","3.461","-0.29%"
"02/04/2025","3.471","3.484","3.488","3.471","-0.37%"
"02/03/2025","3.484","3.474","3.489","3.474","0.23%"
"01/31/2025","3.476","3.448","3.476","3.447","0.81%"
"01/28/2025","3.448","3.446","3.448","3.446","0.06%"
"01/27/2025","3.446","3.433","3.446","3.429","0.47%"
"01/24/2025","3.430","3.442","3.442","3.430","-0.35%"
"01/23/2025","3.442","3.436","3.442","3.436","0.15%"
"01/22/2025","3.437","3.438","3.438","3.437","-0.06%"
"01/21/2025","3.439","3.458","3.458","3.439","-0.66%"
"01/20/2025","3.462","3.462","3.465","3.462","0.03%"
"01/17/2025","3.461","3.461","3.461","3.461","0.00%"
"01/16/2025","3.461","3.467","3.470","3.461","-0.17%"
"01/15/2025","3.467","3.488","3.488","3.467","-0.60%"
"01/14/2025","3.488","3.493","3.493","3.488","-0.14%"
"01/13/2025","3.493","3.446","3.493","3.446","1.42%"
"01/10/2025","3.444","3.445","3.445","3.444","-0.06%"
"01/09/2025","3.446","3.463","3.463","3.446","-0.49%"
"01/08/2025","3.463","3.448","3.463","3.448","0.41%"
"01/07/2025","3.449","3.459","3.490","3.449","-0.32%"
"01/06/2025","3.460","3.457","3.465","3.453","0.20%"
"01/03/2025","3.453","3.470","3.470","3.453","-0.49%"
"01/02/2025","3.470","3.484","3.484","3.470","-0.40%"
"12/31/2024","3.484","3.504","3.504","3.484","-0.57%"
"12/30/2024","3.504","3.507","3.507","3.498","0.06%"
"12/27/2024","3.502","3.502","3.502","3.502","0.00%"
"12/26/2024","3.502","3.507","3.507","3.502","-0.11%"
"12/24/2024","3.506","3.499","3.506","3.499","0.17%"
"12/23/2024","3.500","3.502","3.503","3.500","0.00%"
"12/20/2024","3.500","3.497","3.500","3.497","0.09%"
"12/19/2024","3.497","3.482","3.497","3.477","0.43%"
"12/18/2024","3.482","3.475","3.482","3.475","0.20%"
"12/17/2024","3.475","3.491","3.491","3.475","-0.46%"
"12/16/2024","3.491","3.484","3.491","3.483","0.17%"
"12/13/2024","3.485","3.473","3.485","3.472","0.32%"
"12/12/2024","3.474","3.471","3.477","3.386","-0.06%"
"12/11/2024","3.476","3.479","3.479","3.476","-0.09%"
"12/10/2024","3.479","3.466","3.479","3.466","0.32%"
"12/09/2024","3.468","3.467","3.471","3.466","0.09%"
"12/06/2024","3.465","3.465","3.465","3.465","0.00%"
"12/05/2024","3.465","3.458","3.466","3.457","0.17%"
"12/04/2024","3.459","3.464","3.464","3.459","-0.17%"
"12/03/2024","3.465","3.458","3.487","3.458","0.20%"
"12/02/2024","3.458","3.471","3.476","3.458","-0.35%"
"11/29/2024","3.470","3.485","3.485","3.470","-0.37%"
"11/28/2024","3.483","3.486","3.514","3.478","-0.11%"
"11/27/2024","3.487","3.472","3.487","3.472","0.43%"
"11/26/2024","3.472","3.480","3.480","3.471","-0.23%"
"11/25/2024","3.480","3.473","3.480","3.463","0.20%"
"11/22/2024","3.473","3.484","3.496","3.472","-0.12%"
"11/21/2024","3.477","3.476","3.477","3.476","0.06%"
"11/20/2024","3.475","3.508","3.509","3.475","-0.91%"
"11/19/2024","3.507","3.526","3.526","3.507","-0.54%"
"11/18/2024","3.526","3.535","3.535","3.526","-0.23%"
"11/15/2024","3.534","3.535","3.535","3.534","0.00%"
"11/14/2024","3.534","3.528","3.535","3.528","0.14%"
"11/13/2024","3.529","3.504","3.529","3.504","0.71%"
"11/12/2024","3.504","3.494","3.505","3.494","0.29%"
"11/11/2024","3.494","3.506","3.506","3.494","-0.37%"
"11/08/2024","3.507","3.547","3.547","3.506","-1.13%"
"11/07/2024","3.547","3.572","3.572","3.547","-0.70%"
"11/06/2024","3.572","3.532","3.573","3.532","1.16%"
"11/05/2024","3.531","3.556","3.557","3.530","-0.76%"
"11/04/2024","3.558","3.556","3.558","3.555","0.08%"
"11/01/2024","3.555","3.550","3.555","3.550","0.14%"
"10/30/2024","3.550","3.529","3.550","3.528","0.62%"
"10/29/2024","3.528","3.522","3.529","3.522","0.17%"
"10/28/2024","3.522","3.508","3.523","3.508","0.54%"
"10/25/2024","3.503","3.499","3.512","3.497","0.09%"
"10/24/2024","3.500","3.506","3.511","3.500","0.06%"
"10/23/2024","3.498","3.471","3.498","3.467","0.63%"
"10/22/2024","3.476","3.441","3.477","3.441","1.02%"
"10/21/2024","3.441","3.440","3.441","3.440","0.32%"
"10/18/2024","3.430","3.431","3.431","3.424","-0.32%"
"10/17/2024","3.441","3.420","3.442","3.419","0.61%"
"10/16/2024","3.420","3.433","3.433","3.420","-0.55%"
"10/15/2024","3.439","3.438","3.440","3.431","0.06%"
"10/14/2024","3.437","3.436","3.439","3.436","0.17%"
"10/11/2024","3.431","3.440","3.442","3.431","-0.20%"
"10/10/2024","3.438","3.428","3.443","3.428","0.15%"
"10/09/2024","3.433","3.431","3.438","3.431","0.35%"
"10/08/2024","3.421","3.448","3.450","3.421","-0.81%"
"10/07/2024","3.449","3.365","3.450","3.364","2.50%"
"10/04/2024","3.365","3.365","3.365","3.363","0.09%"
"10/03/2024","3.362","3.348","3.363","3.348","0.45%"
"10/02/2024","3.347","3.341","3.348","3.336","0.00%"
"10/01/2024","3.347","3.359","3.359","3.333","0.45%"
"09/30/2024","3.332","3.342","3.369","3.332","-0.15%"
"09/27/2024","3.337","3.352","3.352","3.337","-0.45%"
"09/26/2024","3.352","3.348","3.352","3.339","0.21%"
"09/25/2024","3.345","3.348","3.350","3.341","-0.27%"
"09/24/2024","3.354","3.345","3.354","3.337","0.24%"
"09/23/2024","3.346","3.336","3.347","3.333","0.18%"
"09/20/2024","3.340","3.319","3.341","3.318","0.63%"
"09/19/2024","3.319","3.319","3.319","3.319","-0.45%"
"09/18/2024","3.334","3.307","3.334","3.307","1.15%"
"09/17/2024","3.296","3.329","3.336","3.295","-0.99%"
"09/13/2024","3.329","3.329","3.329","3.329","0.00%"
"09/12/2024","3.329","3.350","3.350","3.328","-0.60%"
"09/11/2024","3.349","3.361","3.361","3.342","-0.33%"
"09/10/2024","3.360","3.356","3.360","3.353","0.00%"
"09/09/2024","3.360","3.358","3.361","3.358","0.21%"
"09/06/2024","3.353","3.365","3.365","3.353","-0.45%"
"09/05/2024","3.368","3.361","3.369","3.360","0.18%"
"09/04/2024","3.362","3.372","3.372","3.361","-0.47%"
"09/03/2024","3.378","3.356","3.379","3.356","0.60%"
"09/02/2024","3.358","3.344","3.365","3.344","0.39%"
"08/30/2024","3.345","3.344","3.352","3.343","0.00%"
"08/29/2024","3.345","3.344","3.351","3.343","0.00%"
"08/28/2024","3.345","3.346","3.354","3.343","-0.06%"
"08/27/2024","3.347","3.335","3.354","3.335","0.36%"
"08/26/2024","3.335","3.346","3.346","3.335","-0.54%"
"08/23/2024","3.353","3.338","3.353","3.335","0.30%"
"08/22/2024","3.343","3.333","3.344","3.333","0.24%"
"08/21/2024","3.335","3.340","3.350","3.335","-0.15%"
"08/20/2024","3.340","3.347","3.356","3.340","-0.24%"
"08/19/2024","3.348","3.349","3.353","3.347","-0.83%"
"08/16/2024","3.376","3.354","3.376","3.349","0.54%"
"08/15/2024","3.358","3.343","3.358","3.342","0.69%"
"08/14/2024","3.335","3.343","3.343","3.335","-0.39%"
"08/13/2024","3.348","3.339","3.349","3.339","0.24%"
"08/12/2024","3.340","3.340","3.340","3.340","0.00%"
"08/09/2024","3.340","3.341","3.341","3.340","-0.03%"
"08/08/2024","3.341","3.357","3.358","3.340","-0.48%"
"08/07/2024","3.357","3.330","3.357","3.330","0.84%"
"08/06/2024","3.329","3.287","3.329","3.287","1.34%"
"08/05/2024","3.285","3.283","3.286","3.283","-0.88%"
"08/02/2024","3.314","3.357","3.365","3.314","-1.28%"
"08/01/2024","3.357","3.364","3.374","3.356","-0.27%"
"07/31/2024","3.366","3.381","3.389","3.365","-0.44%"
"07/30/2024","3.381","3.400","3.400","3.381","-0.85%"
"07/29/2024","3.410","3.408","3.410","3.408","-0.53%"
"07/26/2024","3.428","3.447","3.447","3.428","-0.55%"
"07/25/2024","3.447","3.467","3.467","3.442","-0.58%"
"07/24/2024","3.467","3.477","3.477","3.467","-0.29%"
"07/23/2024","3.477","3.483","3.483","3.477","-0.17%"
"07/22/2024","3.483","3.482","3.483","3.482","0.29%"
"07/18/2024","3.473","3.474","3.474","3.473","-0.14%"
"07/17/2024","3.478","3.482","3.482","3.478","-0.14%"
"07/16/2024","3.483","3.491","3.491","3.481","-0.23%"
"07/12/2024","3.491","3.501","3.501","3.491","-0.29%"
"07/11/2024","3.501","3.501","3.501","3.501","0.00%"
"07/10/2024","3.501","3.504","3.507","3.501","-0.17%"
"07/09/2024","3.507","3.512","3.512","3.506","-0.17%"
"07/05/2024","3.513","3.516","3.516","3.512","-0.14%"
"07/04/2024","3.518","3.541","3.541","3.517","-0.65%"
"07/03/2024","3.541","3.541","3.541","3.541","-0.03%"
"07/02/2024","3.542","3.552","3.552","3.541","-0.28%"
"07/01/2024","3.552","3.550","3.552","3.550","0.59%"
"06/28/2024","3.531","3.541","3.542","3.531","-0.28%"
"06/27/2024","3.541","3.546","3.546","3.541","-0.14%"
"06/26/2024","3.546","3.542","3.547","3.541","0.14%"
"06/25/2024","3.541","3.533","3.541","3.532","0.23%"
"06/24/2024","3.533","3.546","3.548","3.533","-0.25%"
"06/21/2024","3.542","3.527","3.559","3.527","0.40%"
"06/20/2024","3.528","3.527","3.556","3.522","0.11%"
"06/19/2024","3.524","3.548","3.569","3.524","-0.54%"
"06/18/2024","3.543","3.533","3.570","3.532","0.28%"
"06/14/2024","3.533","3.541","3.567","3.532","-0.28%"
"06/13/2024","3.543","3.539","3.569","3.537","0.06%"
"06/12/2024","3.541","3.569","3.569","3.540","-0.78%"
"06/11/2024","3.569","3.563","3.570","3.553","0.17%"
"06/10/2024","3.563","3.543","3.564","3.543","0.56%"
"06/07/2024","3.543","3.555","3.555","3.543","-0.34%"
"06/06/2024","3.555","3.571","3.571","3.555","-0.45%"
"06/05/2024","3.571","3.575","3.575","3.570","-0.14%"
"06/04/2024","3.576","3.539","3.587","3.539","0.48%"
"06/03/2024","3.559","3.539","3.559","3.558","-0.84%"
"05/31/2024","3.589","3.589","3.599","3.589","0.00%"
"05/30/2024","3.589","3.586","3.589","3.586","0.08%"
"05/29/2024","3.586","3.583","3.588","3.583","0.06%"
"05/28/2024","3.584","3.591","3.591","3.583","-0.19%"
"05/27/2024","3.591","3.591","3.591","3.591","0.00%"
"05/24/2024","3.591","3.573","3.592","3.572","0.48%"
"05/23/2024","3.574","3.567","3.592","3.565","0.17%"
"05/21/2024","3.568","3.556","3.577","3.555","0.34%"
"05/20/2024","3.556","3.535","3.573","3.532","0.68%"
"05/17/2024","3.532","3.542","3.578","3.532","-0.28%"
"05/16/2024","3.542","3.560","3.589","3.541","-0.48%"
"05/15/2024","3.559","3.598","3.602","3.559","-1.17%"
"05/14/2024","3.601","3.598","3.626","3.596","0.00%"
"05/13/2024","3.601","3.599","3.631","3.596","0.08%"
"05/10/2024","3.598","3.606","3.633","3.597","-0.28%"
"05/09/2024","3.608","3.590","3.632","3.588","0.56%"
"05/08/2024","3.588","3.588","3.588","3.588","-0.11%"
"05/07/2024","3.592","3.574","3.599","3.574","0.53%"
"05/06/2024","3.573","3.592","3.600","3.573","-0.25%"
"05/03/2024","3.582","3.601","3.628","3.581","-0.44%"
"05/02/2024","3.598","3.611","3.629","3.596","-0.91%"
"05/01/2024","3.631","3.624","3.633","3.631","0.53%"
"04/30/2024","3.612","3.624","3.643","3.611","-0.36%"
"04/29/2024","3.625","3.635","3.651","3.625","-0.19%"
"04/26/2024","3.632","3.638","3.650","3.632","-0.25%"
"04/25/2024","3.641","3.619","3.641","3.606","0.83%"
"04/24/2024","3.611","3.605","3.611","3.605","0.17%"
"04/23/2024","3.605","3.606","3.606","3.605","-0.06%"
"04/22/2024","3.607","3.604","3.611","3.604","-0.58%"
"04/21/2024","3.628","3.604","3.628","3.628","0.61%"
"04/19/2024","3.606","3.606","3.606","3.606","0.00%"
"04/18/2024","3.606","3.615","3.615","3.606","-0.25%"
"04/17/2024","3.615","3.600","3.615","3.600","0.42%"
"04/16/2024","3.600","3.560","3.600","3.560","1.12%"
"04/15/2024","3.560","3.544","3.560","3.543","-0.14%"
"04/14/2024","3.565","3.544","3.565","3.565","0.62%"
"04/12/2024","3.543","3.510","3.543","3.510","0.25%"
"04/11/2024","3.534","3.510","3.544","3.529","-0.28%"
"04/10/2024","3.544","3.518","3.545","3.542","0.71%"
"04/09/2024","3.519","3.518","3.519","3.518","0.03%"
"04/08/2024","3.518","3.510","3.518","3.510","0.20%"
"04/05/2024","3.511","3.509","3.514","3.509","0.06%"
"04/04/2024","3.509","3.520","3.521","3.509","-0.37%"
"04/03/2024","3.522","3.508","3.525","3.508","0.40%"
"04/02/2024","3.508","3.499","3.508","3.499","0.26%"
"04/01/2024","3.499","3.506","3.507","3.499","-0.79%"
"03/31/2024","3.527","3.506","3.527","3.527","0.54%"
"03/29/2024","3.508","3.499","3.508","3.499","-0.34%"
"03/28/2024","3.520","3.499","3.520","3.520","0.60%"
"03/27/2024","3.499","3.480","3.499","3.479","0.55%"
"03/26/2024","3.480","3.473","3.484","3.473","0.20%"
"03/25/2024","3.473","3.474","3.474","3.473","-0.03%"
"03/22/2024","3.474","3.480","3.481","3.474","-0.17%"
"03/21/2024","3.480","3.485","3.485","3.476","-0.14%"
"03/20/2024","3.485","3.475","3.485","3.472","0.29%"
"03/19/2024","3.475","3.469","3.484","3.469","0.17%"
"03/18/2024","3.469","3.469","3.469","3.469","-0.60%"
"03/17/2024","3.490","3.467","3.490","3.490","0.63%"
"03/15/2024","3.468","3.467","3.468","3.467","0.03%"
"03/14/2024","3.467","3.456","3.467","3.456","0.32%"
"03/13/2024","3.456","3.447","3.456","3.446","0.23%"
"03/12/2024","3.448","3.443","3.455","3.442","0.17%"
"03/11/2024","3.442","3.481","3.481","3.442","-0.98%"
"03/10/2024","3.476","3.520","3.520","3.476","-1.24%"
"03/09/2024","3.520","3.520","3.520","3.520","0.50%"
"03/08/2024","3.502","3.420","3.502","3.414","2.52%"
"03/07/2024","3.416","3.424","3.514","3.416","-0.29%"
"03/06/2024","3.426","3.424","3.551","3.423","0.15%"
"03/05/2024","3.421","3.413","3.421","3.413","0.23%"
"03/04/2024","3.413","3.425","3.429","3.413","-0.93%"
"03/03/2024","3.445","3.445","3.445","3.445","0.15%"
"03/02/2024","3.440","3.440","3.440","3.440","0.53%"
"03/01/2024","3.422","3.467","3.467","3.422","-1.27%"
"02/29/2024","3.466","3.465","3.467","3.465","-0.03%"
"02/28/2024","3.467","3.444","3.468","3.444","0.64%"
"02/27/2024","3.445","3.445","3.445","3.445","0.00%"
"02/26/2024","3.445","3.465","3.465","3.445","-1.13%"
"02/25/2024","3.484","3.484","3.484","3.484","0.71%"
"02/23/2024","3.460","3.460","3.460","3.450","0.23%"
"02/22/2024","3.452","3.452","3.452","3.452","0.00%"
"02/21/2024","3.452","3.392","3.452","3.392","1.77%"
"02/20/2024","3.392","3.393","3.393","3.392","-0.03%"
"02/19/2024","3.393","3.395","3.395","3.385","-0.35%"
"02/18/2024","3.405","3.415","3.415","3.405","0.29%"
"02/16/2024","3.395","3.385","3.395","3.385","0.30%"
"02/15/2024","3.385","3.415","3.415","3.385","-0.88%"
"02/14/2024","3.415","3.395","3.415","3.395","0.59%"
"02/13/2024","3.395","3.392","3.395","3.392","0.06%"
"02/09/2024","3.393","3.385","3.393","3.385","0.24%"
"02/08/2024","3.385","3.390","3.390","3.385","-0.15%"
"02/07/2024","3.390","3.410","3.410","3.390","-0.59%"
"02/06/2024","3.410","3.438","3.438","3.410","-0.81%"
"02/05/2024","3.438","3.368","3.438","3.368","1.43%"
"02/04/2024","3.389","3.389","3.389","3.389","0.64%"
"02/02/2024","3.368","3.396","3.397","3.368","-1.46%"
"02/01/2024","3.418","3.417","3.418","3.417","0.62%"
"01/31/2024","3.397","3.403","3.405","3.397","-0.23%"
"01/30/2024","3.405","3.404","3.405","3.404","0.00%"
"01/29/2024","3.405","3.404","3.405","3.404","-0.64%"
"01/28/2024","3.427","3.427","3.427","3.427","0.65%"
"01/26/2024","3.405","3.236","3.405","3.236","-0.66%"
"01/25/2024","3.428","3.243","3.428","3.243","0.66%"
"01/24/2024","3.405","3.408","3.410","3.405","-0.15%"
"01/23/2024","3.410","3.430","3.430","3.410","-0.58%"
"01/22/2024","3.430","3.447","3.447","3.430","-1.14%"
"01/21/2024","3.470","3.468","3.470","3.468","0.65%"
"01/19/2024","3.447","3.446","3.447","3.446","0.00%"
"01/18/2024","3.447","3.450","3.452","3.447","-0.14%"
"01/17/2024","3.452","3.412","3.452","3.412","1.17%"
"01/16/2024","3.412","3.405","3.412","3.405","0.21%"
"01/15/2024","3.405","3.417","3.417","3.405","-0.99%"
"01/14/2024","3.439","3.438","3.439","3.438","0.64%"
"01/12/2024","3.417","3.417","3.417","3.417","0.00%"
"01/11/2024","3.417","3.420","3.420","3.417","-0.09%"
"01/10/2024","3.420","3.445","3.445","3.420","-0.73%"
"01/09/2024","3.445","3.470","3.470","3.445","-0.72%"
"01/08/2024","3.470","3.485","3.485","3.470","-1.08%"
"01/07/2024","3.508","3.507","3.508","3.507","0.66%"
"01/05/2024","3.485","3.485","3.485","3.485","0.00%"
"01/04/2024","3.485","3.495","3.495","3.485","-0.29%"
"01/03/2024","3.495","3.480","3.495","3.480","0.43%"
"01/02/2024","3.480","3.470","3.480","3.470","-0.39%"
"01/01/2024","3.493","3.493","3.493","3.493","0.68%"
"12/29/2023","3.470","3.470","3.470","3.470","0.00%"
"12/28/2023","3.470","3.470","3.470","3.470","0.00%"
"12/27/2023","3.470","3.480","3.480","3.470","-0.29%"
"12/26/2023","3.480","3.468","3.480","3.468","-0.34%"
"12/25/2023","3.492","3.492","3.492","3.492","0.69%"
"12/22/2023","3.468","3.468","3.468","3.468","0.00%"
"12/21/2023","3.468","3.470","3.480","3.468","-0.12%"
"12/20/2023","3.472","3.487","3.487","3.472","-0.43%"
"12/19/2023","3.487","3.484","3.487","3.484","0.09%"
"12/18/2023","3.484","3.487","3.487","3.484","-0.71%"
"12/17/2023","3.509","3.509","3.509","3.509","0.00%"
"12/16/2023","3.509","3.509","3.509","3.509","0.63%"
"12/15/2023","3.487","3.467","3.487","3.467","0.58%"
"12/14/2023","3.467","3.517","3.517","3.467","-1.42%"
"12/13/2023","3.517","3.510","3.517","3.510","0.20%"
"12/12/2023","3.510","3.510","3.510","3.510","0.00%"
"12/11/2023","3.510","3.495","3.510","3.495","-0.24%"
"12/10/2023","3.519","3.518","3.519","3.518","0.67%"
"12/08/2023","3.495","3.500","3.500","3.495","-0.14%"
"12/07/2023","3.500","3.463","3.500","3.462","1.10%"
"12/06/2023","3.462","3.467","3.467","3.462","-0.14%"
"12/05/2023","3.467","3.475","3.475","3.467","-0.23%"
"12/04/2023","3.475","3.493","3.493","3.475","-1.17%"
"12/03/2023","3.516","3.516","3.516","3.516","0.66%"
"12/01/2023","3.493","3.490","3.493","3.490","-0.43%"
"11/30/2023","3.508","3.508","3.508","3.508","0.03%"
"11/29/2023","3.507","3.535","3.535","3.507","-0.79%"
"11/28/2023","3.535","3.545","3.545","3.535","-0.03%"
"11/27/2023","3.536","3.525","3.536","3.525","-0.32%"
"11/26/2023","3.547","3.548","3.549","3.547","0.61%"
"11/24/2023","3.526","3.513","3.526","3.513","0.40%"
"11/23/2023","3.512","3.513","3.513","3.512","-0.06%"
"11/22/2023","3.514","3.509","3.514","3.509","0.11%"
"11/21/2023","3.510","3.513","3.514","3.510","-0.11%"
"11/20/2023","3.514","3.515","3.515","3.512","-0.55%"
"11/19/2023","3.533","3.538","3.539","3.533","0.61%"
"11/17/2023","3.512","3.522","3.522","3.512","-0.31%"
"11/16/2023","3.523","3.520","3.530","3.520","0.06%"
"11/15/2023","3.521","3.538","3.539","3.521","-0.51%"
"11/14/2023","3.539","3.510","3.539","3.510","0.18%"
"11/13/2023","3.533","3.533","3.533","3.532","0.61%"
"11/10/2023","3.511","3.485","3.511","3.484","0.77%"
"11/09/2023","3.484","3.517","3.517","3.484","-0.97%"
"11/08/2023","3.518","3.518","3.518","3.518","0.00%"
"11/07/2023","3.518","3.543","3.543","3.518","-0.71%"
"11/06/2023","3.543","3.620","3.620","3.543","-2.65%"
"11/05/2023","3.639","3.645","3.645","3.639","0.65%"
"11/03/2023","3.616","3.631","3.631","3.616","-0.44%"
"11/02/2023","3.632","3.665","3.666","3.632","-0.93%"
"11/01/2023","3.666","3.665","3.666","3.665","0.03%"
"10/31/2023","3.665","3.691","3.692","3.665","-0.70%"
"10/30/2023","3.691","3.694","3.694","3.691","-0.75%"
"10/29/2023","3.719","3.723","3.723","3.719","0.68%"
"10/27/2023","3.694","3.694","3.694","3.694","0.00%"
"10/26/2023","3.694","3.688","3.694","3.688","0.16%"
"10/25/2023","3.688","3.695","3.695","3.688","-0.24%"
"10/24/2023","3.697","3.705","3.706","3.697","-0.27%"
"10/23/2023","3.707","3.685","3.707","3.685","-0.08%"
"10/22/2023","3.710","3.711","3.711","3.710","0.68%"
"10/20/2023","3.685","3.682","3.688","3.682","0.08%"
"10/19/2023","3.682","3.667","3.682","3.667","0.38%"
"10/18/2023","3.668","3.654","3.668","3.654","0.41%"
"10/17/2023","3.653","3.638","3.657","3.638","0.41%"
"10/16/2023","3.638","3.634","3.638","3.634","-0.56%"
"10/15/2023","3.658","3.650","3.658","3.650","0.73%"
"10/13/2023","3.632","3.620","3.632","3.620","0.30%"
"10/12/2023","3.621","3.674","3.674","3.621","-0.88%"
"10/11/2023","3.653","3.674","3.674","3.653","-0.57%"
"10/10/2023","3.674","3.683","3.684","3.674","-0.24%"
"10/09/2023","3.683","3.680","3.688","3.678","-0.53%"
"10/08/2023","3.703","3.706","3.707","3.703","0.64%"
"10/06/2023","3.679","3.693","3.693","3.679","-0.41%"
"10/05/2023","3.694","3.697","3.697","3.694","-0.08%"
"10/04/2023","3.697","3.601","3.697","3.598","2.67%"
"10/03/2023","3.601","3.582","3.601","3.582","0.53%"
"10/02/2023","3.582","3.575","3.582","3.570","-0.25%"
"10/01/2023","3.591","3.598","3.598","3.591","0.59%"
"09/29/2023","3.570","3.570","3.570","3.570","-0.70%"
"09/28/2023","3.595","3.595","3.595","3.595","0.56%"
"09/27/2023","3.575","3.580","3.585","3.575","-0.20%"
"09/26/2023","3.582","3.580","3.582","3.580","0.06%"
"09/25/2023","3.580","3.580","3.580","3.580","-0.21%"
"09/24/2023","3.588","3.588","3.588","3.588","0.63%"
"09/22/2023","3.565","3.582","3.582","3.565","-0.47%"
"09/21/2023","3.582","3.555","3.582","3.555","0.76%"
"09/20/2023","3.555","3.518","3.555","3.518","1.05%"
"09/19/2023","3.518","3.520","3.520","3.518","-0.06%"
"09/18/2023","3.520","3.530","3.530","3.520","-0.62%"
"09/17/2023","3.542","3.542","3.542","3.542","0.34%"
"09/15/2023","3.530","3.500","3.530","3.500","0.86%"
"09/14/2023","3.500","3.515","3.515","3.500","-0.43%"
"09/13/2023","3.515","3.510","3.515","3.510","0.14%"
"09/12/2023","3.510","3.485","3.510","3.485","0.72%"
"09/11/2023","3.485","3.485","3.485","3.485","-0.60%"
"09/10/2023","3.506","3.506","3.506","3.506","0.60%"
"09/08/2023","3.485","3.475","3.485","3.475","0.29%"
"09/07/2023","3.475","3.489","3.490","3.475","-0.43%"
"09/06/2023","3.490","3.490","3.490","3.490","0.00%"
"09/05/2023","3.490","3.490","3.490","3.490","0.43%"
"09/04/2023","3.475","3.475","3.475","3.475","-0.15%"
"09/01/2023","3.480","3.470","3.480","3.470","-0.32%"
"08/31/2023","3.491","3.491","3.491","3.491","0.61%"
"08/30/2023","3.470","3.470","3.470","3.470","0.00%"
"08/29/2023","3.470","3.469","3.470","3.469","0.00%"
"08/28/2023","3.470","3.470","3.470","3.470","-0.63%"
"08/27/2023","3.492","3.491","3.492","3.491","0.40%"
"08/24/2023","3.478","3.478","3.478","3.478","-0.06%"
"08/23/2023","3.480","3.488","3.488","3.480","-0.26%"
"08/22/2023","3.489","3.487","3.489","3.487","0.03%"
"08/21/2023","3.488","3.480","3.488","3.480","-0.46%"
"08/20/2023","3.504","3.501","3.504","3.501","0.57%"
"08/18/2023","3.484","3.516","3.517","3.484","-0.97%"
"08/17/2023","3.518","3.506","3.518","3.506","-0.24%"
"08/16/2023","3.526","3.525","3.526","3.525","0.58%"
"08/15/2023","3.506","3.490","3.506","3.490","0.43%"
"08/14/2023","3.491","3.476","3.491","3.475","-0.11%"
"08/13/2023","3.495","3.500","3.500","3.495","0.55%"
"08/11/2023","3.476","3.473","3.476","3.473","0.09%"
"08/10/2023","3.473","3.476","3.477","3.473","-0.09%"
"08/09/2023","3.476","3.489","3.489","3.476","-0.34%"
"08/08/2023","3.488","3.492","3.492","3.488","-0.64%"
"08/07/2023","3.510","3.510","3.510","3.510","-0.03%"
"08/06/2023","3.511","3.511","3.511","3.511","0.53%"
"08/04/2023","3.493","3.496","3.497","3.493","-0.11%"
"08/03/2023","3.497","3.492","3.497","3.416","0.11%"
"08/02/2023","3.493","3.477","3.506","3.477","-0.14%"
"08/01/2023","3.498","3.498","3.499","3.494","0.03%"
"07/31/2023","3.497","3.497","3.497","3.497","-0.55%"
"07/30/2023","3.516","3.520","3.520","3.516","0.47%"
"07/28/2023","3.500","3.426","3.500","3.426","2.16%"
"07/27/2023","3.426","3.435","3.435","3.426","-0.26%"
"07/26/2023","3.435","3.415","3.435","3.415","0.59%"
"07/25/2023","3.415","3.410","3.415","3.410","0.15%"
"07/24/2023","3.410","3.398","3.410","3.398","-0.23%"
"07/23/2023","3.418","3.418","3.418","3.418","0.59%"
"07/21/2023","3.398","3.390","3.398","3.390","0.24%"
"07/20/2023","3.390","3.378","3.390","3.378","-0.29%"
"07/19/2023","3.400","3.398","3.400","3.398","0.59%"
"07/18/2023","3.380","3.395","3.395","3.380","-0.44%"
"07/17/2023","3.395","3.385","3.395","3.385","-0.26%"
"07/16/2023","3.404","3.404","3.404","3.404","0.56%"
"07/14/2023","3.385","3.385","3.385","3.385","-0.73%"
"07/13/2023","3.410","3.445","3.445","3.410","-1.02%"
"07/12/2023","3.445","3.493","3.493","3.445","-1.37%"
"07/11/2023","3.493","3.517","3.517","3.493","-0.68%"
"07/10/2023","3.517","3.543","3.543","3.517","-0.73%"
"07/07/2023","3.543","3.502","3.543","3.502","1.17%"
"07/06/2023","3.502","3.545","3.545","3.502","-1.21%"
"07/05/2023","3.545","3.518","3.545","3.518","0.77%"
"07/04/2023","3.518","3.518","3.518","3.518","-0.17%"
"07/03/2023","3.524","3.524","3.524","3.524","0.00%"
"07/02/2023","3.524","3.527","3.527","3.524","0.56%"
"06/30/2023","3.505","3.475","3.505","3.475","0.26%"
"06/29/2023","3.496","3.496","3.496","3.496","0.58%"
"06/28/2023","3.476","3.476","3.476","3.476","0.03%"
"06/27/2023","3.475","3.482","3.482","3.475","-0.20%"
"06/26/2023","3.482","3.491","3.492","3.482","-0.88%"
"06/25/2023","3.513","3.513","3.513","3.513","0.60%"
"06/23/2023","3.492","3.475","3.492","3.475","0.63%"
"06/22/2023","3.470","3.470","3.470","3.470","0.00%"
"06/21/2023","3.470","3.470","3.470","3.470","0.00%"
"06/20/2023","3.470","3.460","3.470","3.460","0.29%"
"06/19/2023","3.460","3.450","3.460","3.450","-0.29%"
"06/18/2023","3.470","3.470","3.470","3.470","0.58%"
"06/16/2023","3.450","3.465","3.465","3.450","-0.43%"
"06/15/2023","3.465","3.446","3.465","3.446","0.52%"
"06/14/2023","3.447","3.445","3.447","3.445","0.03%"
"06/13/2023","3.446","3.461","3.461","3.446","-0.43%"
"06/12/2023","3.461","3.457","3.461","3.457","-0.57%"
"06/11/2023","3.481","3.479","3.481","3.479","0.61%"
"06/09/2023","3.460","3.467","3.469","3.459","-0.26%"
"06/08/2023","3.469","3.422","3.469","3.422","1.40%"
"06/07/2023","3.421","3.414","3.421","3.413","0.23%"
"06/06/2023","3.413","3.408","3.414","3.408","-0.50%"
"06/05/2023","3.430","3.430","3.430","3.430","0.59%"
"06/02/2023","3.410","3.407","3.410","3.407","0.06%"
"06/01/2023","3.408","3.409","3.409","3.408","-0.03%"
"05/31/2023","3.409","3.412","3.412","3.401","-0.09%"
"05/30/2023","3.412","3.430","3.431","3.412","-0.55%"
"05/29/2023","3.431","3.445","3.445","3.431","-1.01%"
"05/28/2023","3.466","3.464","3.467","3.464","0.58%"
"05/26/2023","3.446","3.441","3.450","3.441","0.12%"
"05/25/2023","3.442","3.431","3.442","3.431","0.26%"
"05/24/2023","3.433","3.431","3.433","3.431","0.03%"
"05/23/2023","3.432","3.415","3.432","3.415","0.47%"
"05/22/2023","3.416","3.415","3.416","3.415","-0.58%"
"05/21/2023","3.436","3.437","3.437","3.436","0.56%"
"05/19/2023","3.417","3.429","3.429","3.417","-0.32%"
"05/18/2023","3.428","3.398","3.428","3.398","0.85%"
"05/17/2023","3.399","3.391","3.399","3.390","0.24%"
"05/16/2023","3.391","3.391","3.392","3.377","0.38%"
"05/15/2023","3.378","3.367","3.387","3.367","-0.27%"
"05/14/2023","3.387","3.388","3.388","3.387","0.56%"
"05/12/2023","3.368","3.356","3.368","3.356","0.36%"
"05/11/2023","3.356","3.384","3.385","3.356","-0.86%"
"05/10/2023","3.385","3.366","3.385","3.366","0.56%"
"05/09/2023","3.366","3.344","3.366","3.344","0.66%"
"05/08/2023","3.344","3.338","3.344","3.338","-0.45%"
"05/07/2023","3.359","3.359","3.359","3.359","0.63%"
"05/05/2023","3.338","3.338","3.350","3.338","-0.99%"
"05/04/2023","3.372","3.359","3.372","3.359","0.97%"
"05/03/2023","3.339","3.339","3.339","3.339","0.72%"
"05/02/2023","3.315","3.323","3.323","3.315","-0.85%"
"05/01/2023","3.343","3.343","3.343","3.343","0.62%"
"04/28/2023","3.323","3.330","3.330","3.323","-0.82%"
"04/27/2023","3.351","3.351","3.351","3.351","0.62%"
"04/26/2023","3.330","3.330","3.330","3.330","0.00%"
"04/25/2023","3.330","3.318","3.330","3.318","-0.27%"
"04/24/2023","3.339","3.339","3.339","3.339","0.60%"
"04/20/2023","3.319","3.330","3.330","3.319","-0.33%"
"04/19/2023","3.330","3.351","3.354","3.330","-0.69%"
"04/18/2023","3.353","3.335","3.353","3.335","0.69%"
"04/17/2023","3.330","3.330","3.330","3.330","0.00%"
"04/13/2023","3.330","3.345","3.345","3.330","-1.07%"
"04/12/2023","3.366","3.366","3.366","3.366","0.63%"
"04/11/2023","3.345","3.340","3.345","3.340","0.15%"
"04/10/2023","3.340","3.349","3.360","3.340","-1.24%"
"04/09/2023","3.382","3.382","3.382","3.382","0.68%"
"04/07/2023","3.359","3.349","3.359","3.349","0.27%"
"04/06/2023","3.350","3.350","3.350","3.350","-1.33%"
"04/05/2023","3.395","3.410","3.410","3.395","-0.44%"
"04/04/2023","3.410","3.410","3.410","3.410","0.00%"
"04/03/2023","3.410","3.374","3.410","3.374","0.34%"
"04/02/2023","3.398","3.398","3.398","3.398","0.70%"
"03/31/2023","3.375","3.360","3.375","3.360","0.45%"
"03/30/2023","3.360","3.354","3.360","3.354","0.15%"
"03/29/2023","3.355","3.350","3.355","3.350","0.15%"
"03/28/2023","3.350","3.360","3.360","3.350","-0.27%"
"03/27/2023","3.359","3.360","3.360","3.359","-0.71%"
"03/26/2023","3.383","3.382","3.383","3.382","0.68%"
"03/24/2023","3.360","3.373","3.373","3.360","-0.39%"
"03/23/2023","3.373","3.422","3.423","3.373","-1.46%"
"03/22/2023","3.423","3.422","3.423","3.422","0.00%"
"03/21/2023","3.423","3.408","3.423","3.408","0.44%"
"03/20/2023","3.408","3.440","3.440","3.408","-1.59%"
"03/19/2023","3.463","3.463","3.463","3.463","0.67%"
"03/17/2023","3.440","3.430","3.440","3.430","0.29%"
"03/16/2023","3.430","3.428","3.430","3.428","0.03%"
"03/15/2023","3.429","3.412","3.429","3.412","0.50%"
"03/14/2023","3.412","3.433","3.433","3.405","-1.67%"
"03/13/2023","3.470","3.470","3.470","3.470","-0.72%"
"03/12/2023","3.495","3.495","3.495","3.495","0.72%"
"03/10/2023","3.470","3.440","3.470","3.440","0.87%"
"03/09/2023","3.440","3.458","3.460","3.440","-0.58%"
"03/08/2023","3.460","3.444","3.460","3.444","0.44%"
"03/07/2023","3.445","3.445","3.445","3.445","0.00%"
"03/06/2023","3.445","3.464","3.465","3.445","-0.98%"
"03/05/2023","3.479","3.479","3.479","3.479","0.40%"
"03/03/2023","3.465","3.440","3.465","3.440","0.73%"
"03/02/2023","3.440","3.413","3.440","3.413","0.73%"
"03/01/2023","3.415","3.414","3.415","3.414","0.00%"
"02/28/2023","3.415","3.415","3.415","3.415","0.00%"
"02/27/2023","3.415","3.405","3.415","3.405","-0.09%"
"02/26/2023","3.418","3.418","3.418","3.418","0.38%"
"02/24/2023","3.405","3.405","3.405","3.405","0.00%"
"02/23/2023","3.405","3.397","3.405","3.397","0.21%"
"02/22/2023","3.398","3.419","3.420","3.398","-0.64%"
"02/21/2023","3.420","3.420","3.420","3.420","0.00%"
"02/20/2023","3.420","3.442","3.442","3.420","-0.73%"
"02/19/2023","3.445","3.445","3.445","3.445","0.09%"
"02/17/2023","3.442","3.441","3.442","3.441","0.00%"
"02/16/2023","3.442","3.471","3.472","3.442","-0.86%"
"02/15/2023","3.472","3.451","3.472","3.451","0.55%"
"02/14/2023","3.453","3.453","3.453","3.453","-0.03%"
"02/13/2023","3.454","3.427","3.454","3.427","0.79%"
"02/12/2023","3.427","3.427","3.427","3.427","0.00%"
"02/10/2023","3.427","3.406","3.427","3.405","0.56%"
"02/09/2023","3.408","3.378","3.408","3.378","0.92%"
"02/08/2023","3.377","3.419","3.419","3.377","-1.23%"
"02/07/2023","3.419","3.386","3.419","3.382","1.05%"
"02/06/2023","3.384","3.389","3.389","3.384","0.25%"
"02/03/2023","3.375","3.385","3.486","3.375","-0.30%"
"02/02/2023","3.385","3.470","3.470","3.385","-2.55%"
"02/01/2023","3.474","3.474","3.474","3.474","0.10%"
"01/31/2023","3.470","3.420","3.470","3.420","1.46%"
"01/30/2023","3.420","3.410","3.420","3.410","0.19%"
"01/29/2023","3.414","3.414","3.414","3.414","0.10%"
"01/27/2023","3.410","3.390","3.410","3.390","0.59%"
"01/26/2023","3.390","3.378","3.390","3.378","0.36%"
"01/25/2023","3.378","3.373","3.378","3.373","0.04%"
"01/24/2023","3.376","3.376","3.376","3.376","0.10%"
"01/20/2023","3.373","3.373","3.373","3.373","0.00%"
"01/19/2023","3.373","3.573","3.575","3.373","-5.65%"
"01/18/2023","3.575","3.603","3.603","3.575","-0.78%"
"01/17/2023","3.603","3.595","3.603","3.595","0.22%"
"01/16/2023","3.595","3.615","3.615","3.595","-0.79%"
"01/15/2023","3.624","3.624","3.624","3.624","0.24%"
"01/13/2023","3.615","3.622","3.622","3.615","-0.19%"
"01/12/2023","3.622","3.617","3.622","3.617","0.17%"
"01/11/2023","3.616","3.616","3.616","3.616","-0.03%"
"01/10/2023","3.617","3.597","3.617","3.597","0.56%"
"01/09/2023","3.597","3.637","3.637","3.597","-1.33%"
"01/08/2023","3.645","3.645","3.645","3.645","0.23%"
"01/06/2023","3.637","3.639","3.639","3.637","-0.05%"
"01/05/2023","3.639","3.620","3.639","3.620","0.52%"
"01/04/2023","3.620","3.699","3.699","3.620","-2.14%"
"01/03/2023","3.699","3.743","3.743","3.699","-1.47%"
"01/02/2023","3.754","3.754","3.754","3.754","0.29%"
"12/30/2022","3.743","3.743","3.743","3.743","0.00%"
"12/29/2022","3.743","3.739","3.743","3.739","0.11%"
"12/28/2022","3.739","3.720","3.739","3.720","0.23%"
"12/27/2022","3.730","3.730","3.730","3.730","0.00%"
"12/26/2022","3.731","3.731","3.731","3.731","0.30%"
"12/23/2022","3.720","3.720","3.720","3.720","0.00%"
"12/22/2022","3.720","3.740","3.740","3.720","-0.53%"
"12/21/2022","3.740","3.740","3.740","3.740","0.54%"
"12/20/2022","3.720","3.701","3.720","3.701","0.51%"
"12/19/2022","3.701","3.701","3.701","3.701","-0.31%"
"12/18/2022","3.713","3.713","3.713","3.713","0.31%"
"12/15/2022","3.701","3.721","3.721","3.701","-0.90%"
"12/14/2022","3.734","3.734","3.734","3.734","0.36%"
"12/12/2022","3.721","3.550","3.721","3.550","4.51%"
"12/11/2022","3.560","3.560","3.560","3.560","0.30%"
"12/09/2022","3.550","3.716","3.723","3.550","-4.49%"
"12/08/2022","3.717","3.717","3.717","3.717","0.05%"
"12/07/2022","3.715","3.717","3.717","3.715","-0.08%"
"12/06/2022","3.718","3.728","3.728","3.718","-0.24%"
"12/05/2022","3.727","3.746","3.747","3.718","0.28%"
"12/04/2022","3.717","3.717","3.717","3.717","-0.84%"
"12/02/2022","3.748","3.803","3.804","3.748","-1.45%"
"12/01/2022","3.803","3.879","3.879","3.803","-1.93%"
"11/30/2022","3.878","3.900","3.900","3.878","-0.54%"
"11/29/2022","3.899","3.898","3.927","3.889","-0.71%"
"11/28/2022","3.927","3.927","3.927","3.927","0.98%"
"11/25/2022","3.889","3.913","3.915","3.889","-0.66%"
"11/24/2022","3.915","3.990","3.990","3.915","-1.81%"
"11/23/2022","3.987","4.000","4.000","3.987","-0.30%"
"11/22/2022","3.999","3.965","3.999","3.965","0.83%"
"11/21/2022","3.966","3.931","3.966","3.931","0.49%"
"11/20/2022","3.947","3.940","3.947","3.940","0.37%"
"11/17/2022","3.932","3.919","3.932","3.919","0.33%"
"11/16/2022","3.919","3.923","3.934","3.919","-0.31%"
"11/15/2022","3.931","3.948","3.948","3.931","-0.35%"
"11/14/2022","3.945","3.939","3.945","3.938","-0.23%"
"11/13/2022","3.954","3.954","3.954","3.954","-0.83%"
"11/11/2022","3.987","4.016","4.016","3.987","-0.72%"
"11/10/2022","4.016","4.034","4.034","4.016","-0.47%"
"11/09/2022","4.035","4.041","4.043","4.035","-0.20%"
"11/08/2022","4.043","4.023","4.043","4.023","0.50%"
"11/07/2022","4.023","3.973","4.023","3.973","0.78%"
"11/06/2022","3.992","3.991","3.992","3.991","0.38%"
"11/04/2022","3.977","3.901","3.977","3.900","1.97%"
"11/03/2022","3.900","3.873","3.900","3.873","0.67%"
"11/02/2022","3.874","3.907","3.907","3.873","-0.82%"
"11/01/2022","3.906","3.905","3.907","3.900","-0.03%"
"10/31/2022","3.907","3.842","3.909","3.842","1.24%"
"10/30/2022","3.859","3.859","3.859","3.859","-0.34%"
"10/28/2022","3.872","3.922","3.922","3.818","-1.33%"
"10/27/2022","3.924","3.994","3.994","3.924","-1.73%"
"10/26/2022","3.993","4.009","4.009","3.993","-0.32%"
"10/25/2022","4.006","4.021","4.021","4.006","-0.80%"
"10/24/2022","4.038","4.029","4.038","4.029","0.46%"
"10/21/2022","4.020","4.003","4.020","3.982","0.93%"
"10/20/2022","3.983","3.966","3.983","3.966","0.45%"
"10/19/2022","3.965","3.967","3.967","3.965","0.20%"
"10/18/2022","3.957","3.956","3.957","3.956","-0.30%"
"10/17/2022","3.969","3.999","3.999","3.969","-0.70%"
"10/14/2022","3.997","4.001","4.001","3.997","-0.12%"
"10/13/2022","4.002","3.998","4.002","3.998","0.08%"
"10/12/2022","3.999","3.999","3.999","3.999","0.00%"
"10/11/2022","3.999","3.918","3.999","3.918","1.59%"
"10/10/2022","3.937","3.937","3.937","3.937","0.00%"
"10/07/2022","3.936","3.930","3.936","3.928","0.20%"
"10/06/2022","3.928","3.880","3.929","3.878","1.29%"
"10/05/2022","3.878","3.879","3.881","3.878","-0.05%"
"10/04/2022","3.880","3.904","3.904","3.879","-1.07%"
"10/03/2022","3.922","3.871","3.922","3.822","0.84%"
"10/02/2022","3.889","3.889","3.889","3.889","0.32%"
"09/30/2022","3.877","3.904","3.904","3.875","-0.67%"
"09/29/2022","3.903","3.911","3.912","3.899","-0.18%"
"09/28/2022","3.910","3.893","3.914","3.893","0.39%"
"09/27/2022","3.895","3.828","3.896","3.827","1.80%"
"09/26/2022","3.826","3.759","3.826","3.759","1.73%"
"09/23/2022","3.761","3.688","3.761","3.687","1.95%"
"09/22/2022","3.689","3.630","3.689","3.629","1.60%"
"09/21/2022","3.631","3.543","3.631","3.542","2.45%"
"09/20/2022","3.544","3.515","3.544","3.515","0.77%"
"09/19/2022","3.517","3.522","3.522","3.422","2.45%"
"09/18/2022","3.433","3.535","3.535","3.433","-1.21%"
"09/15/2022","3.475","3.452","3.475","3.450","0.67%"
"09/14/2022","3.452","3.435","3.452","3.435","0.41%"
"09/13/2022","3.438","3.437","3.438","3.435","0.06%"
"09/12/2022","3.436","3.425","3.436","3.425","0.00%"
"09/11/2022","3.436","3.436","3.436","3.436","0.23%"
"09/09/2022","3.428","3.446","3.446","3.428","-0.46%"
"09/08/2022","3.444","3.464","3.465","3.444","-0.61%"
"09/07/2022","3.465","3.438","3.465","3.438","0.76%"
"09/06/2022","3.439","3.439","3.439","3.438","-0.06%"
"09/05/2022","3.441","3.445","3.445","3.441","0.03%"
"09/02/2022","3.440","3.436","3.440","3.436","0.06%"
"09/01/2022","3.438","3.433","3.438","3.431","0.15%"
"08/30/2022","3.433","3.436","3.438","3.433","-0.15%"
"08/29/2022","3.438","3.397","3.438","3.397","0.85%"
"08/28/2022","3.409","3.408","3.409","3.408","0.24%"
"08/26/2022","3.401","3.444","3.461","3.401","-1.28%"
"08/25/2022","3.445","3.452","3.454","3.445","-0.29%"
"08/24/2022","3.455","3.496","3.496","3.455","-1.17%"
"08/23/2022","3.496","3.504","3.506","3.496","-0.26%"
"08/22/2022","3.505","3.494","3.543","3.494","-0.30%"
"08/21/2022","3.516","3.516","3.516","3.516","0.19%"
"08/19/2022","3.509","3.537","3.537","3.508","-0.82%"
"08/18/2022","3.538","3.551","3.552","3.535","-0.39%"
"08/17/2022","3.552","3.549","3.552","3.547","0.11%"
"08/16/2022","3.548","3.554","3.554","3.548","-0.14%"
"08/15/2022","3.553","3.550","3.565","3.550","-0.36%"
"08/12/2022","3.566","3.557","3.566","3.557","0.20%"
"08/11/2022","3.559","3.592","3.593","3.559","-0.89%"
"08/10/2022","3.591","3.595","3.596","3.591","-0.11%"
"08/09/2022","3.595","3.539","3.595","3.281","1.30%"
"08/08/2022","3.549","3.575","4.674","2.245","-0.39%"
"08/05/2022","3.563","3.571","3.572","3.563","-0.25%"
"08/04/2022","3.572","3.584","3.585","3.572","-0.42%"
"08/03/2022","3.587","3.575","3.587","3.575","0.25%"
"08/02/2022","3.578","3.576","3.578","3.576","0.03%"
"08/01/2022","3.577","3.594","3.595","3.577","-0.87%"
"07/31/2022","3.609","3.609","3.609","3.609","0.54%"
"07/29/2022","3.589","3.598","3.601","3.589","-0.31%"
"07/28/2022","3.600","3.586","3.600","3.585","0.31%"
"07/27/2022","3.589","3.583","3.589","3.583","0.11%"
"07/26/2022","3.585","3.581","3.585","3.581","-0.91%"
"07/25/2022","3.618","3.618","3.618","3.618","-0.06%"
"07/22/2022","3.620","3.621","3.621","3.620","-0.03%"
"07/21/2022","3.621","3.619","3.622","3.619","-0.03%"
"07/20/2022","3.622","3.594","3.622","3.594","0.75%"
"07/19/2022","3.595","3.573","3.595","3.573","0.59%"
"07/18/2022","3.574","3.573","3.575","3.555","0.00%"
"07/15/2022","3.574","3.573","3.574","3.573","0.00%"
"07/14/2022","3.574","3.574","3.574","3.574","0.65%"
"07/13/2022","3.551","3.550","3.551","3.550","0.00%"
"07/12/2022","3.551","3.574","3.575","3.551","-1.03%"
"07/11/2022","3.588","3.588","3.588","3.588","0.34%"
"07/08/2022","3.576","3.575","3.576","3.575","0.00%"
"07/07/2022","3.576","3.572","3.576","3.572","0.03%"
"07/06/2022","3.575","3.621","3.622","3.575","-1.30%"
"07/05/2022","3.622","3.623","3.623","3.622","-0.03%"
"07/04/2022","3.623","3.622","3.623","3.622","0.00%"
"07/01/2022","3.623","3.622","3.623","3.622","0.00%"
"06/30/2022","3.623","3.615","3.623","3.615","0.14%"
"06/29/2022","3.618","3.595","3.618","3.595","0.64%"
"06/28/2022","3.595","3.595","3.595","3.595","0.00%"
"06/27/2022","3.595","3.594","3.595","3.594","0.00%"
"06/24/2022","3.595","3.595","3.595","3.595","0.67%"
"06/23/2022","3.571","3.613","3.616","3.571","-1.24%"
"06/22/2022","3.616","3.721","3.722","3.616","-2.85%"
"06/21/2022","3.722","3.721","3.722","3.721","0.00%"
"06/20/2022","3.722","3.721","3.722","3.721","0.00%"
"06/17/2022","3.722","3.721","3.722","3.721","0.00%"
"06/16/2022","3.722","3.722","3.725","3.722","-0.08%"
"06/15/2022","3.725","3.768","3.768","3.725","-1.14%"
"06/14/2022","3.768","3.719","3.768","3.719","4.23%"
"06/13/2022","3.615","3.614","3.615","3.614","-0.40%"
"06/12/2022","3.629","3.629","3.629","3.629","0.40%"
"06/10/2022","3.615","3.607","3.615","3.607","0.19%"
"06/09/2022","3.608","3.595","3.608","3.595","0.28%"
"06/08/2022","3.598","3.607","3.608","3.598","0.28%"
"06/07/2022","3.588","3.587","3.588","3.587","0.00%"
"06/03/2022","3.588","3.618","3.618","3.588","-0.83%"
"06/02/2022","3.618","3.618","3.619","3.618","-0.03%"
"06/01/2022","3.619","3.572","3.619","3.572","1.71%"
"05/31/2022","3.558","3.558","3.558","3.557","-0.64%"
"05/30/2022","3.581","3.539","3.582","3.539","0.76%"
"05/29/2022","3.554","3.554","3.554","3.554","-0.56%"
"05/27/2022","3.574","3.574","3.574","3.574","-0.17%"
"05/26/2022","3.580","3.581","3.581","3.580","-0.11%"
"05/25/2022","3.584","3.600","3.601","3.584","-0.53%"
"05/24/2022","3.603","3.591","3.603","3.589","0.33%"
"05/23/2022","3.591","3.640","3.640","3.591","-1.07%"
"05/20/2022","3.630","3.686","3.687","3.630","-1.57%"
"05/19/2022","3.688","3.879","3.879","3.688","-5.02%"
"05/18/2022","3.883","3.881","3.883","3.872","0.03%"
"05/17/2022","3.882","3.869","3.882","3.869","0.21%"
"05/13/2022","3.874","3.904","3.907","3.874","-0.79%"
"05/12/2022","3.905","3.945","3.947","3.905","-1.09%"
"05/11/2022","3.948","3.892","3.948","3.892","1.44%"
"05/10/2022","3.892","3.953","3.953","3.892","-1.54%"
"05/09/2022","3.953","3.972","3.972","3.933","-1.09%"
"05/08/2022","3.997","3.997","3.997","3.997","1.56%"
"05/06/2022","3.935","3.724","3.935","3.724","5.58%"
"05/05/2022","3.727","3.694","3.727","3.694","0.11%"
"04/29/2022","3.723","3.711","3.723","3.710","0.32%"
"04/28/2022","3.711","3.711","3.711","3.711","-0.11%"
"04/27/2022","3.715","3.754","3.755","3.715","-1.14%"
"04/26/2022","3.758","3.658","3.758","3.658","2.71%"
"04/25/2022","3.659","3.616","3.659","3.614","0.67%"
"04/24/2022","3.635","3.635","3.635","3.635","0.54%"
"04/22/2022","3.615","3.545","3.615","3.544","1.89%"
"04/21/2022","3.548","3.522","3.548","3.522","0.68%"
"04/20/2022","3.524","3.452","3.524","3.452","1.69%"
"04/19/2022","3.466","3.466","3.466","3.466","0.33%"
"04/18/2022","3.454","3.414","3.454","3.406","0.70%"
"04/17/2022","3.430","3.430","3.430","3.430","0.73%"
"04/15/2022","3.405","3.364","3.405","3.364","1.13%"
"04/14/2022","3.367","3.364","3.367","3.362","0.03%"
"04/13/2022","3.366","3.350","3.366","3.350","0.42%"
"04/12/2022","3.352","3.322","3.352","3.322","0.87%"
"04/11/2022","3.323","3.302","3.323","3.302","0.70%"
"04/08/2022","3.300","3.300","3.300","3.300","-0.03%"
"04/07/2022","3.301","3.302","3.302","3.301","0.27%"
"04/06/2022","3.292","3.259","3.292","3.259","1.29%"
"04/05/2022","3.250","3.248","3.250","3.248","0.06%"
"04/04/2022","3.248","3.248","3.248","3.248","0.56%"
"04/01/2022","3.230","3.222","3.230","3.222","0.25%"
"03/31/2022","3.222","3.261","3.261","3.222","-1.26%"
"03/30/2022","3.263","3.242","3.263","3.242","0.68%"
"03/29/2022","3.241","3.180","3.242","3.178","1.95%"
"03/28/2022","3.179","3.071","3.179","3.071","3.15%"
"03/27/2022","3.082","3.080","3.082","3.080","0.23%"
"03/25/2022","3.075","3.057","3.075","3.057","0.52%"
"03/24/2022","3.059","3.059","3.062","3.058","-0.13%"
"03/23/2022","3.063","3.033","3.063","3.032","0.96%"
"03/22/2022","3.034","3.002","3.034","3.002","1.00%"
"03/21/2022","3.004","3.018","3.018","3.004","-0.78%"
"03/20/2022","3.027","3.027","3.027","3.027","0.78%"
"03/18/2022","3.004","3.005","3.005","3.004","-0.07%"
"03/17/2022","3.006","3.007","3.007","3.006","-0.13%"
"03/16/2022","3.010","3.009","3.011","3.009","-0.03%"
"03/15/2022","3.011","3.010","3.011","3.010","-0.03%"
"03/14/2022","3.012","3.010","3.012","3.010","-0.54%"
"03/13/2022","3.029","3.029","3.029","3.029","0.61%"
"03/11/2022","3.010","3.003","3.013","3.003","0.20%"
"03/10/2022","3.004","3.001","3.004","3.001","-0.07%"
"03/09/2022","3.006","3.006","3.007","3.005","-0.07%"
"03/08/2022","3.008","3.005","3.008","3.005","0.10%"
"03/07/2022","3.005","3.013","3.013","3.005","-0.55%"
"03/06/2022","3.022","3.022","3.022","3.022","0.32%"
"03/04/2022","3.012","3.010","3.012","3.010","0.00%"
"03/03/2022","3.012","3.011","3.012","3.011","-0.07%"
"03/02/2022","3.014","3.015","3.015","3.007","-0.03%"
"03/01/2022","3.015","3.020","3.020","3.015","-0.20%"
"02/28/2022","3.021","3.022","3.022","3.021","-0.33%"
"02/27/2022","3.031","3.031","3.031","3.031","0.33%"
"02/25/2022","3.021","3.021","3.022","3.020","-0.07%"
"02/24/2022","3.023","3.021","3.023","3.021","-0.07%"
"02/23/2022","3.025","3.026","3.026","3.025","-0.03%"
"02/22/2022","3.026","3.035","3.040","3.026","-0.30%"
"02/21/2022","3.035","3.042","3.042","3.035","-0.56%"
"02/20/2022","3.052","3.050","3.052","3.050","0.53%"
"02/18/2022","3.036","3.036","3.037","3.035","-0.07%"
"02/17/2022","3.038","3.035","3.038","3.034","0.03%"
"02/16/2022","3.037","3.054","3.054","3.037","-0.52%"
"02/15/2022","3.053","3.059","3.059","3.053","8.30%"
"02/14/2022","2.819","2.835","2.841","2.819","-0.77%"
"02/11/2022","2.841","2.848","2.864","2.841","-0.35%"
"02/10/2022","2.851","2.852","2.853","2.851","-0.07%"
"02/09/2022","2.853","2.848","2.853","2.848","0.07%"
"02/08/2022","2.851","2.844","2.851","2.842","0.25%"
"02/07/2022","2.844","2.831","2.844","2.829","0.12%"
"02/06/2022","2.841","2.841","2.841","2.841","0.19%"
"02/04/2022","2.835","2.825","2.835","2.825","0.11%"
"02/03/2022","2.832","2.836","2.847","2.826","-0.21%"
"02/02/2022","2.838","2.836","2.838","2.836","-0.25%"
"01/31/2022","2.845","2.836","2.847","2.836","0.00%"
"01/30/2022","2.845","2.845","2.845","2.845","-0.09%"
"01/28/2022","2.848","2.842","2.849","2.842","-0.14%"
"01/27/2022","2.852","2.808","2.861","2.808","0.99%"
"01/26/2022","2.824","2.823","2.830","2.823","-0.25%"
"01/25/2022","2.831","2.823","2.831","2.823","0.00%"
"01/24/2022","2.831","2.825","2.849","2.825","-0.14%"
"01/23/2022","2.835","2.834","2.835","2.834","0.18%"
"01/21/2022","2.830","2.846","2.851","2.830","-0.70%"
"01/20/2022","2.850","2.864","2.864","2.850","-0.56%"
"01/19/2022","2.866","2.821","2.866","2.818","1.31%"
"01/18/2022","2.829","2.828","2.829","2.828","0.28%"
"01/17/2022","2.821","2.805","2.822","2.805","0.23%"
"01/16/2022","2.815","2.813","2.815","2.813","0.20%"
"01/14/2022","2.809","2.802","2.809","2.802","-0.11%"
"01/13/2022","2.812","2.805","2.813","2.805","-0.07%"
"01/12/2022","2.814","2.830","2.833","2.814","-0.71%"
"01/11/2022","2.834","2.839","2.848","2.834","-0.14%"
"01/10/2022","2.838","2.847","2.855","2.838","-0.60%"
"01/09/2022","2.855","2.857","2.858","2.855","0.39%"
"01/07/2022","2.844","2.850","2.850","2.840","0.14%"
"01/06/2022","2.840","2.832","2.840","2.832","0.18%"
"01/05/2022","2.835","2.829","2.835","2.826","0.18%"
"01/04/2022","2.830","2.807","2.830","2.806","0.64%"
"01/03/2022","2.812","2.813","2.816","2.809","-0.07%"
"01/02/2022","2.814","2.814","2.814","2.814","-0.32%"
"12/31/2021","2.823","2.680","2.828","2.680","-0.18%"
"12/30/2021","2.828","2.689","2.835","2.689","-0.28%"
"12/29/2021","2.836","2.654","2.843","2.654","-0.28%"
"12/28/2021","2.844","2.648","2.844","2.648","0.07%"
"12/27/2021","2.842","2.842","2.848","2.649","0.07%"
"12/24/2021","2.840","2.842","2.843","2.840","-0.11%"
"12/23/2021","2.843","2.843","2.843","2.843","-0.11%"
"12/22/2021","2.846","2.845","2.846","2.842","0.11%"
"12/21/2021","2.843","2.856","2.856","2.841","0.00%"
"12/20/2021","2.843","2.858","2.867","2.805","-0.91%"
"12/19/2021","2.869","2.869","2.869","2.869","0.03%"
"12/17/2021","2.868","2.891","2.891","2.868","-0.86%"
"12/16/2021","2.893","2.901","2.907","2.893","-0.28%"
"12/15/2021","2.901","2.795","2.902","2.780","4.69%"
"12/14/2021","2.771","2.768","2.771","2.750","0.73%"
"12/13/2021","2.751","2.751","2.751","2.723","-0.04%"
"12/12/2021","2.752","2.757","2.757","2.752","1.59%"
"12/10/2021","2.709","2.583","2.709","2.583","1.16%"
"12/09/2021","2.678","2.573","2.688","2.573","0.45%"
"12/08/2021","2.666","2.571","2.666","2.571","0.15%"
"12/07/2021","2.662","2.665","2.665","2.567","-0.04%"
"12/06/2021","2.663","2.678","2.681","2.663","-0.95%"
"12/05/2021","2.688","2.688","2.688","2.688","0.32%"
"12/03/2021","2.680","2.577","2.686","2.577","-0.26%"
"12/02/2021","2.687","2.589","2.691","2.589","-0.22%"
"12/01/2021","2.693","2.593","2.694","2.593","-0.07%"
"11/30/2021","2.695","2.704","2.704","2.695","-0.33%"
"11/29/2021","2.704","2.700","2.716","2.700","-0.17%"
"11/28/2021","2.708","2.708","2.708","2.708","-0.39%"
"11/26/2021","2.719","2.753","2.753","2.719","-0.77%"
"11/25/2021","2.740","2.613","2.740","2.613","2.09%"
"11/24/2021","2.684","2.606","2.688","2.606","0.34%"
"11/23/2021","2.675","2.683","2.685","2.582","0.15%"
"11/22/2021","2.671","2.685","2.687","2.556","-0.65%"
"11/21/2021","2.688","2.694","2.694","2.688","0.54%"
"11/19/2021","2.674","2.593","2.684","2.593","0.00%"
"11/18/2021","2.674","2.586","2.679","2.585","-0.11%"
"11/17/2021","2.677","2.575","2.677","2.575","0.45%"
"11/16/2021","2.665","2.663","2.665","2.662","0.08%"
"11/15/2021","2.663","2.659","2.667","2.546","-0.21%"
"11/14/2021","2.668","2.668","2.668","2.668","0.06%"
"11/12/2021","2.667","2.604","2.703","2.604","-0.86%"
"11/11/2021","2.690","2.559","2.690","2.559","2.20%"
"11/10/2021","2.632","2.567","2.640","2.567","-0.23%"
"11/09/2021","2.638","2.631","2.638","2.631","0.23%"
"11/08/2021","2.632","2.665","2.684","2.592","-1.53%"
"11/07/2021","2.673","2.673","2.673","2.673","-0.19%"
"11/05/2021","2.678","2.736","2.748","2.678","-2.41%"
"11/04/2021","2.744","2.744","2.744","2.744","-0.15%"
"11/03/2021","2.748","2.665","2.781","2.665","3.00%"
"11/02/2021","2.668","2.675","2.796","2.668","-3.09%"
"11/01/2021","2.753","2.710","2.753","2.608","1.03%"
"10/31/2021","2.725","2.720","2.725","2.720","1.76%"
"10/29/2021","2.678","2.638","2.678","2.579","1.48%"
"10/28/2021","2.639","2.638","2.639","2.559","-0.04%"
"10/27/2021","2.640","2.562","2.640","2.562","0.00%"
"10/26/2021","2.640","2.566","2.645","2.566","-0.23%"
"10/25/2021","2.646","2.635","2.646","2.532","0.11%"
"10/24/2021","2.643","2.642","2.643","2.642","1.23%"
"10/22/2021","2.611","2.556","2.626","2.556","0.12%"
"10/21/2021","2.608","2.550","2.622","2.550","2.15%"
"10/20/2021","2.553","2.572","2.606","2.505","1.86%"
"10/19/2021","2.507","2.507","2.507","2.507","-2.05%"
"10/18/2021","2.559","2.557","2.559","2.483","0.08%"
"10/17/2021","2.557","2.562","2.562","2.556","0.31%"
"10/15/2021","2.549","2.496","2.549","2.496","0.00%"
"10/14/2021","2.549","2.491","2.549","2.491","0.28%"
"10/13/2021","2.542","2.494","2.545","2.494","0.36%"
"10/12/2021","2.533","2.497","2.547","2.497","-0.12%"
"10/11/2021","2.536","2.510","2.541","2.466","0.77%"
"10/10/2021","2.516","2.516","2.516","2.516","0.38%"
"10/08/2021","2.507","2.474","2.510","2.474","-0.08%"
"10/07/2021","2.509","2.443","2.509","2.443","2.12%"
"10/06/2021","2.457","2.431","2.457","2.431","0.37%"
"10/05/2021","2.448","2.431","2.452","2.431","-0.20%"
"10/04/2021","2.453","2.453","2.455","2.421","-0.22%"
"10/03/2021","2.458","2.457","2.458","2.457","1.15%"
"10/02/2021","2.431","2.431","2.431","2.431","-1.12%"
"10/01/2021","2.458","2.444","2.468","2.444","-0.45%"
"09/30/2021","2.469","2.478","2.517","2.445","-1.98%"
"09/29/2021","2.519","2.497","2.537","2.497","-0.55%"
"09/28/2021","2.533","2.491","2.534","2.491","0.20%"
"09/27/2021","2.528","2.527","2.529","2.478","0.00%"
"09/26/2021","2.528","2.523","2.528","2.523","0.84%"
"09/24/2021","2.507","2.408","2.507","2.408","4.11%"
"09/23/2021","2.408","2.398","2.417","2.398","0.29%"
"09/22/2021","2.401","2.392","2.401","2.391","0.38%"
"09/21/2021","2.392","2.383","2.392","2.383","0.34%"
"09/20/2021","2.384","2.359","2.384","2.358","0.89%"
"09/19/2021","2.363","2.365","2.365","2.362","0.00%"
"09/17/2021","2.363","2.347","2.363","2.337","0.83%"
"09/16/2021","2.343","2.343","2.343","2.343","0.15%"
"09/15/2021","2.340","2.347","2.348","2.340","-0.09%"
"09/14/2021","2.342","2.345","2.345","2.338","0.09%"
"09/13/2021","2.340","2.323","2.342","2.323","0.56%"
"09/12/2021","2.327","2.328","2.328","2.327","-0.39%"
"09/10/2021","2.336","2.345","2.346","2.336","-0.21%"
"09/09/2021","2.341","2.348","2.349","2.341","-0.43%"
"09/08/2021","2.351","2.345","2.351","2.331","0.56%"
"09/07/2021","2.338","2.335","2.338","2.335","0.13%"
"09/06/2021","2.335","2.328","2.336","2.323","0.09%"
"09/05/2021","2.333","2.332","2.333","2.332","-0.13%"
"09/03/2021","2.336","2.352","2.352","2.336","-0.55%"
"09/02/2021","2.349","2.360","2.360","2.349","-0.30%"
"09/01/2021","2.356","2.363","2.364","2.351","-0.17%"
"08/31/2021","2.360","2.360","2.360","2.360","0.08%"
"08/30/2021","2.358","2.359","2.368","2.357","-0.23%"
"08/29/2021","2.364","2.362","2.364","2.362","0.02%"
"08/27/2021","2.363","2.368","2.369","2.363","-0.04%"
"08/26/2021","2.364","2.362","2.367","2.358","0.25%"
"08/25/2021","2.358","2.355","2.361","2.348","0.00%"
"08/24/2021","2.358","2.373","2.373","2.355","-0.42%"
"08/23/2021","2.368","2.335","2.368","2.335","1.26%"
"08/22/2021","2.339","2.342","2.342","2.338","22.43%"
"08/20/2021","1.910","1.894","1.910","1.894","-0.16%"
"08/19/2021","1.913","1.895","1.914","1.895","-0.26%"
"08/18/2021","1.918","1.898","1.918","1.898","-0.10%"
"08/17/2021","1.920","1.918","1.932","1.918","-0.72%"
"08/16/2021","1.934","1.935","1.935","1.926","0.00%"
"08/15/2021","1.934","1.931","1.934","1.931","0.18%"
"08/13/2021","1.930","1.918","1.934","1.918","-0.31%"
"08/12/2021","1.936","1.920","1.943","1.920","-0.41%"
"08/11/2021","1.944","1.958","1.960","1.943","-0.46%"
"08/10/2021","1.953","1.953","1.953","1.953","-0.46%"
"08/09/2021","1.962","1.896","1.962","1.894","2.19%"
"08/06/2021","1.920","1.896","1.920","1.894","0.89%"
"08/05/2021","1.903","1.906","1.909","1.903","-0.57%"
"08/04/2021","1.914","1.917","1.918","1.905","0.21%"
"08/03/2021","1.910","1.910","1.913","1.908","0.16%"
"08/02/2021","1.907","1.906","1.911","1.901","-0.21%"
"07/30/2021","1.911","1.906","1.911","1.905","-0.05%"
"07/29/2021","1.912","1.904","1.912","1.904","0.00%"
"07/28/2021","1.912","1.909","1.912","1.909","-0.10%"
"07/27/2021","1.914","1.915","1.915","1.911","-0.10%"
"07/26/2021","1.916","1.927","1.927","1.916","-0.26%"
"07/25/2021","1.921","1.925","1.928","1.921","-0.21%"
"07/23/2021","1.925","1.924","1.927","1.921","-0.05%"
"07/22/2021","1.926","1.909","1.926","1.907","0.42%"
"07/21/2021","1.918","1.906","1.918","1.900","1.03%"
"07/20/2021","1.898","1.898","1.898","1.898","-0.29%"
"07/19/2021","1.904","1.903","1.906","1.903","0.26%"
"07/18/2021","1.899","1.897","1.900","1.897","-0.42%"
"07/16/2021","1.907","1.912","1.914","1.907","-0.47%"
"07/15/2021","1.916","1.918","1.922","1.916","-0.52%"
"07/14/2021","1.926","1.926","1.928","1.926","-0.10%"
"07/13/2021","1.928","1.941","1.941","1.928","-0.57%"
"07/12/2021","1.939","1.900","1.939","1.900","1.65%"
"07/11/2021","1.908","1.897","1.908","1.897","-0.65%"
"07/09/2021","1.920","1.910","1.921","1.899","0.84%"
"07/08/2021","1.904","1.922","1.923","1.904","-1.04%"
"07/07/2021","1.924","1.928","1.928","1.921","-0.16%"
"07/06/2021","1.927","1.926","1.927","1.923","-0.05%"
"07/05/2021","1.928","1.914","1.929","1.914","1.00%"
"07/04/2021","1.909","1.909","1.909","1.909","-0.83%"
"07/02/2021","1.925","1.947","1.947","1.925","-0.98%"
"07/01/2021","1.944","1.949","1.952","1.941","-0.41%"
"06/30/2021","1.952","1.951","1.952","1.946","0.00%"
"06/29/2021","1.952","1.945","1.955","1.941","-0.15%"
"06/28/2021","1.955","1.965","1.970","1.955","-0.33%"
"06/27/2021","1.962","1.962","1.962","1.962","-0.38%"
"06/25/2021","1.969","1.955","1.969","1.950","0.61%"
"06/24/2021","1.957","1.957","1.957","1.952","-0.10%"
"06/23/2021","1.959","1.955","1.969","1.953","0.05%"
"06/22/2021","1.958","1.950","1.958","1.939","0.88%"
"06/21/2021","1.941","1.935","1.941","1.932","0.49%"
"06/20/2021","1.931","1.931","1.931","1.931","-0.39%"
"06/18/2021","1.939","1.960","1.962","1.939","-0.67%"
"06/17/2021","1.952","1.949","1.952","1.936","0.41%"
"06/16/2021","1.944","1.953","1.953","1.943","-0.31%"
"06/15/2021","1.950","1.939","1.950","1.939","0.21%"
"06/14/2021","1.946","1.945","1.952","1.942","0.15%"
"06/13/2021","1.943","1.941","1.943","1.941","-0.51%"
"06/11/2021","1.953","1.955","1.955","1.940","0.21%"
"06/10/2021","1.949","1.956","1.956","1.946","-0.15%"
"06/09/2021","1.952","1.952","1.960","1.942","-0.10%"
"06/08/2021","1.954","1.945","1.972","1.945","0.64%"
"06/07/2021","1.941","1.941","1.941","1.941","-0.99%"
"06/04/2021","1.961","1.977","1.977","1.961","-0.46%"
"06/03/2021","1.970","1.984","1.991","1.970","-1.45%"
"06/02/2021","1.999","2.004","2.014","1.999","-0.84%"
"06/01/2021","2.016","2.023","2.023","2.016","-0.35%"
"05/31/2021","2.023","2.018","2.023","2.018","0.37%"
"05/30/2021","2.016","2.016","2.016","2.016","-0.47%"
"05/28/2021","2.025","2.027","2.029","2.024","-0.25%"
"05/27/2021","2.030","2.032","2.032","2.030","0.25%"
"05/26/2021","2.025","2.025","2.025","2.025","-0.54%"
"05/25/2021","2.036","2.037","2.037","2.034","-0.05%"
"05/24/2021","2.037","2.033","2.049","2.033","-0.42%"
"05/23/2021","2.046","2.030","2.046","2.030","0.27%"
"05/21/2021","2.040","2.038","2.040","2.034","0.20%"
"05/20/2021","2.036","2.038","2.040","2.036","-0.49%"
"05/19/2021","2.046","2.053","2.058","2.044","-0.49%"
"05/18/2021","2.056","2.055","2.057","2.053","0.00%"
"05/17/2021","2.056","2.066","2.068","2.056","0.15%"
"05/16/2021","2.053","2.045","2.053","2.045","-0.39%"
"05/12/2021","2.061","2.051","2.067","2.051","-0.05%"
"05/11/2021","2.062","2.074","2.074","2.062","-0.39%"
"05/10/2021","2.070","2.072","2.085","2.070","0.05%"
"05/09/2021","2.069","2.069","2.069","2.069","-0.58%"
"05/07/2021","2.081","2.084","2.084","2.081","-0.24%"
"05/06/2021","2.086","2.086","2.090","2.082","0.00%"
"05/05/2021","2.086","2.093","2.094","2.086","-0.52%"
"05/04/2021","2.097","2.100","2.102","2.097","-0.33%"
"05/03/2021","2.104","2.127","2.127","2.104","-1.08%"
"05/02/2021","2.127","2.125","2.127","2.125","0.28%"
"04/30/2021","2.121","2.123","2.127","2.121","0.55%"
"04/29/2021","2.109","2.109","2.109","2.109","-1.10%"
"04/28/2021","2.133","2.126","2.133","2.122","0.23%"
"04/27/2021","2.128","2.137","2.137","2.128","-0.51%"
"04/26/2021","2.139","2.137","2.140","2.124","0.16%"
"04/25/2021","2.135","2.134","2.135","2.134","0.49%"
"04/23/2021","2.125","2.120","2.125","2.120","-0.05%"
"04/22/2021","2.126","2.123","2.126","2.123","0.05%"
"04/21/2021","2.125","2.125","2.127","2.125","-0.05%"
"04/20/2021","2.126","2.124","2.126","2.121","0.33%"
"04/19/2021","2.119","2.120","2.128","2.119","0.05%"
"04/18/2021","2.118","2.118","2.119","2.118","-0.33%"
"04/16/2021","2.125","2.129","2.131","2.125","-0.51%"
"04/15/2021","2.136","2.144","2.144","2.136","-0.23%"
"04/14/2021","2.141","2.147","2.147","2.141","-0.14%"
"04/13/2021","2.144","2.140","2.146","2.138","0.14%"
"04/12/2021","2.141","2.143","2.145","2.138","0.35%"
"04/11/2021","2.134","2.132","2.134","2.132","-0.35%"
"04/09/2021","2.141","2.141","2.148","2.140","-0.23%"
"04/08/2021","2.146","2.145","2.148","2.145","-0.09%"
"04/07/2021","2.148","2.154","2.157","2.144","0.05%"
"04/06/2021","2.147","2.150","2.151","2.147","-0.23%"
"04/05/2021","2.152","2.157","2.157","2.149","-0.19%"
"04/02/2021","2.156","2.152","2.156","2.145","-0.09%"
"04/01/2021","2.158","2.150","2.162","2.143","0.65%"
"03/31/2021","2.144","2.127","2.144","2.114","1.37%"
"03/30/2021","2.115","2.117","2.132","2.115","-0.28%"
"03/29/2021","2.121","2.128","2.140","2.121","0.33%"
"03/28/2021","2.114","2.114","2.114","2.114","-0.38%"
"03/26/2021","2.122","2.139","2.139","2.122","-1.07%"
"03/25/2021","2.145","2.138","2.145","2.124","0.89%"
"03/24/2021","2.126","2.144","2.144","2.122","-0.33%"
"03/23/2021","2.133","2.146","2.146","2.133","-0.37%"
"03/22/2021","2.141","2.145","2.165","2.141","-0.09%"
"03/21/2021","2.143","2.141","2.144","2.141","-0.46%"
"03/19/2021","2.153","2.171","2.171","2.153","-0.74%"
"03/18/2021","2.169","2.155","2.169","2.152","0.60%"
"03/17/2021","2.156","2.166","2.167","2.156","-0.55%"
"03/16/2021","2.168","2.202","2.202","2.168","-1.45%"
"03/15/2021","2.200","2.180","2.200","2.167","1.59%"
"03/14/2021","2.165","2.177","2.178","2.165","-0.39%"
"03/12/2021","2.174","2.173","2.174","2.163","-0.18%"
"03/11/2021","2.178","2.218","2.221","2.178","-1.76%"
"03/10/2021","2.217","2.224","2.224","2.215","-0.09%"
"03/09/2021","2.219","2.198","2.219","2.187","1.56%"
"03/08/2021","2.185","2.132","2.185","2.132","2.90%"
"03/07/2021","2.124","2.131","2.131","2.124","-1.28%"
"03/05/2021","2.151","2.052","2.157","2.043","4.98%"
"03/04/2021","2.049","1.996","2.049","1.988","2.96%"
"03/03/2021","1.990","1.990","1.993","1.982","0.25%"
"03/02/2021","1.985","2.000","2.001","1.985","-0.85%"
"03/01/2021","2.002","1.950","2.004","1.950","2.80%"
"02/28/2021","1.947","1.945","1.947","1.945","-0.99%"
"02/26/2021","1.967","1.917","1.967","1.915","2.34%"
"02/25/2021","1.922","1.922","1.922","1.921","-0.05%"
"02/24/2021","1.923","1.921","1.923","1.919","0.00%"
"02/23/2021","1.923","1.919","1.923","1.917","0.05%"
"02/22/2021","1.922","1.907","1.922","1.903","0.97%"
"02/21/2021","1.903","1.903","1.903","1.903","-1.01%"
"02/19/2021","1.923","1.924","1.930","1.920","-0.31%"
"02/18/2021","1.929","1.931","1.934","1.927","-0.10%"
"02/17/2021","1.931","1.916","1.931","1.912","0.89%"
"02/16/2021","1.914","1.908","1.914","1.908","0.31%"
"02/15/2021","1.908","1.875","1.911","1.875","1.90%"
"02/14/2021","1.872","1.872","1.873","1.872","-1.50%"
"02/11/2021","1.901","1.904","1.908","1.901","-0.68%"
"02/10/2021","1.914","1.919","1.921","1.914","-0.21%"
"02/09/2021","1.918","1.898","1.919","1.898","0.95%"
"02/08/2021","1.900","1.875","1.900","1.874","1.31%"
"02/07/2021","1.875","1.873","1.875","1.873","-0.03%"
"02/05/2021","1.876","1.877","1.878","1.872","0.00%"
"02/04/2021","1.876","1.856","1.876","1.855","1.08%"
"02/03/2021","1.856","1.849","1.856","1.846","0.43%"
"02/02/2021","1.848","1.872","1.872","1.847","-0.32%"
"02/01/2021","1.854","1.852","1.854","1.852","0.00%"
"01/29/2021","1.854","1.860","1.862","1.854","0.30%"
"01/28/2021","1.849","1.848","1.849","1.848","-0.73%"
"01/27/2021","1.862","1.863","1.863","1.855","-0.16%"
"01/26/2021","1.865","1.867","1.867","1.855","-0.21%"
"01/25/2021","1.869","1.884","1.884","1.869","-0.48%"
"01/22/2021","1.878","1.875","1.878","1.861","0.59%"
"01/21/2021","1.867","1.836","1.871","1.836","1.58%"
"01/20/2021","1.838","1.763","1.838","1.763","4.20%"
"01/19/2021","1.764","1.748","1.764","1.745","0.86%"
"01/18/2021","1.749","1.747","1.749","1.744","0.43%"
"01/17/2021","1.742","1.741","1.743","1.741","-0.26%"
"01/15/2021","1.746","1.740","1.747","1.740","-0.40%"
"01/14/2021","1.753","1.761","1.761","1.753","-0.51%"
"01/13/2021","1.762","1.885","1.886","1.762","-6.43%"
"01/12/2021","1.883","1.886","1.886","1.882","0.00%"
"01/11/2021","1.883","1.885","1.885","1.881","0.13%"
"01/10/2021","1.880","1.878","1.880","1.878","-0.19%"
"01/08/2021","1.884","1.882","1.888","1.882","-0.21%"
"01/07/2021","1.888","1.878","1.888","1.874","0.53%"
"01/06/2021","1.878","1.875","1.878","1.872","0.11%"
"01/05/2021","1.876","1.873","1.876","1.867","0.05%"
"01/04/2021","1.875","1.877","1.886","1.875","-0.05%"
"01/03/2021","1.876","1.874","1.876","1.874","-0.48%"
"12/31/2020","1.885","1.895","1.895","1.885","-0.74%"
"12/30/2020","1.899","1.900","1.902","1.899","-0.05%"
"12/29/2020","1.900","1.899","1.900","1.899","-0.05%"
"12/28/2020","1.901","1.922","1.922","1.901","-0.47%"
"12/27/2020","1.910","1.918","1.920","1.910","0.37%"
"12/24/2020","1.903","1.903","1.903","1.903","-0.37%"
"12/23/2020","1.910","1.910","1.911","1.910","-0.05%"
"12/22/2020","1.911","1.908","1.911","1.908","0.05%"
"12/21/2020","1.910","1.908","1.910","1.908","0.32%"
"12/20/2020","1.904","1.906","1.906","1.904","-0.37%"
"12/18/2020","1.911","1.913","1.913","1.911","-0.36%"
"12/17/2020","1.918","1.916","1.922","1.916","-0.10%"
"12/16/2020","1.920","1.919","1.921","1.914","-0.16%"
"12/15/2020","1.923","1.923","1.923","1.920","-0.26%"
"12/14/2020","1.928","1.932","1.932","1.922","-0.10%"
"12/13/2020","1.930","1.933","1.933","1.930","0.05%"
"12/11/2020","1.929","1.928","1.929","1.920","0.10%"
"12/10/2020","1.927","1.932","1.932","1.925","0.26%"
"12/09/2020","1.922","1.925","1.929","1.919","-0.21%"
"12/08/2020","1.926","1.938","1.938","1.921","0.16%"
"12/07/2020","1.923","1.900","1.923","1.897","1.32%"
"12/06/2020","1.898","1.898","1.900","1.898","-0.52%"
"12/04/2020","1.908","1.905","1.908","1.903","-0.26%"
"12/03/2020","1.913","1.921","1.930","1.913","-0.67%"
"12/02/2020","1.926","1.936","1.939","1.926","-0.47%"
"12/01/2020","1.935","1.926","1.935","1.922","0.62%"
"11/30/2020","1.923","1.878","1.923","1.860","2.92%"
"11/29/2020","1.868","1.871","1.873","1.868","-0.40%"
"11/27/2020","1.876","1.859","1.876","1.856","0.64%"
"11/26/2020","1.864","1.851","1.864","1.845","0.87%"
"11/25/2020","1.848","1.850","1.851","1.848","-0.11%"
"11/24/2020","1.850","1.843","1.851","1.843","0.16%"
"11/23/2020","1.847","1.840","1.847","1.838","0.49%"
"11/22/2020","1.838","1.841","1.842","1.838","-0.05%"
"11/20/2020","1.839","1.838","1.839","1.837","-0.16%"
"11/19/2020","1.842","1.836","1.843","1.836","0.16%"
"11/18/2020","1.839","1.831","1.839","1.831","0.16%"
"11/17/2020","1.836","1.834","1.836","1.827","0.16%"
"11/16/2020","1.833","1.825","1.833","1.823","0.60%"
"11/15/2020","1.822","1.816","1.822","1.816","-0.16%"
"11/13/2020","1.825","1.824","1.827","1.824","-0.33%"
"11/12/2020","1.831","1.819","1.831","1.819","0.16%"
"11/11/2020","1.828","1.829","1.829","1.824","-0.11%"
"11/10/2020","1.830","1.802","1.830","1.802","0.88%"
"11/09/2020","1.814","1.852","1.854","1.814","-1.89%"
"11/08/2020","1.849","1.840","1.849","1.840","-0.11%"
"11/06/2020","1.851","1.840","1.852","1.840","0.27%"
"11/05/2020","1.846","1.874","1.878","1.846","-1.70%"
"11/04/2020","1.878","1.807","1.884","1.787","4.10%"
"11/03/2020","1.804","1.762","1.804","1.761","2.27%"
"11/02/2020","1.764","1.764","1.764","1.759","0.28%"
"11/01/2020","1.759","1.762","1.764","1.759","-0.28%"
"10/30/2020","1.764","1.762","1.766","1.762","0.34%"
"10/29/2020","1.758","1.757","1.758","1.757","-0.68%"
"10/28/2020","1.770","1.783","1.785","1.770","-0.73%"
"10/27/2020","1.783","1.763","1.783","1.762","1.13%"
"10/26/2020","1.763","1.762","1.763","1.759","0.23%"
"10/25/2020","1.759","1.760","1.762","1.759","-0.11%"
"10/23/2020","1.761","1.759","1.761","1.757","-0.17%"
"10/22/2020","1.764","1.763","1.766","1.763","-0.17%"
"10/21/2020","1.767","1.758","1.767","1.758","0.00%"
"10/20/2020","1.767","1.764","1.776","1.764","-0.34%"
"10/19/2020","1.773","1.785","1.804","1.773","-0.70%"
"10/18/2020","1.786","1.784","1.786","1.784","-0.97%"
"10/16/2020","1.803","1.798","1.810","1.798","-0.66%"
"10/15/2020","1.815","1.820","1.824","1.815","-0.66%"
"10/14/2020","1.827","1.826","1.839","1.826","-0.71%"
"10/13/2020","1.840","1.863","1.863","1.840","-1.34%"
"10/12/2020","1.865","1.851","1.868","1.851","0.62%"
"10/11/2020","1.854","1.852","1.855","1.852","-0.78%"
"10/09/2020","1.868","1.873","1.876","1.867","-0.69%"
"10/08/2020","1.881","1.877","1.885","1.877","-0.21%"
"10/07/2020","1.885","1.919","1.921","1.885","-1.93%"
"10/06/2020","1.922","1.955","1.959","1.922","-1.74%"
"10/05/2020","1.956","1.958","1.972","1.956","-0.13%"
"10/04/2020","1.959","1.957","1.959","1.957","-0.94%"
"10/02/2020","1.977","2.006","2.006","1.977","-1.64%"
"10/01/2020","2.010","2.004","2.010","2.004","0.05%"
"09/30/2020","2.009","2.020","2.029","2.009","-1.03%"
"09/29/2020","2.030","1.983","2.034","1.980","2.42%"
"09/28/2020","1.982","1.981","1.982","1.957","0.08%"
"09/27/2020","1.980","1.984","1.985","1.980","-0.13%"
"09/25/2020","1.983","1.967","1.983","1.953","1.28%"
"09/24/2020","1.958","1.950","1.959","1.946","0.31%"
"09/23/2020","1.952","1.946","1.952","1.942","0.41%"
"09/22/2020","1.944","1.946","1.947","1.944","-0.05%"
"09/21/2020","1.945","1.945","1.945","1.937","0.00%"
"09/20/2020","1.945","1.942","1.945","1.942","0.00%"
"09/18/2020","1.945","1.939","1.945","1.932","0.46%"
"09/17/2020","1.936","1.923","1.936","1.923","0.94%"
"09/16/2020","1.918","1.916","1.918","1.916","-0.52%"
"09/15/2020","1.928","1.919","1.928","1.919","-0.10%"
"09/14/2020","1.930","1.928","1.934","1.928","0.36%"
"09/13/2020","1.923","1.927","1.931","1.923","0.05%"
"09/12/2020","1.922","1.922","1.922","1.922","-0.52%"
"09/11/2020","1.932","1.923","1.932","1.923","0.10%"
"09/10/2020","1.930","1.853","1.930","1.845","4.27%"
"09/09/2020","1.851","1.854","1.859","1.851","-0.22%"
"09/08/2020","1.855","1.838","1.855","1.838","0.76%"
"09/07/2020","1.841","1.821","1.842","1.821","1.15%"
"09/06/2020","1.820","1.821","1.823","1.820","-0.55%"
"09/04/2020","1.830","1.824","1.830","1.824","-0.27%"
"09/03/2020","1.835","1.842","1.842","1.833","-0.43%"
"09/02/2020","1.843","1.839","1.847","1.839","-0.05%"
"09/01/2020","1.844","1.851","1.851","1.841","-0.11%"
"08/31/2020","1.846","1.846","1.846","1.846","-0.16%"
"08/28/2020","1.849","1.840","1.849","1.838","0.16%"
"08/27/2020","1.846","1.831","1.848","1.831","0.71%"
"08/26/2020","1.833","1.819","1.833","1.819","0.33%"
"08/25/2020","1.827","1.840","1.846","1.827","-0.92%"
"08/24/2020","1.844","1.824","1.859","1.824","1.07%"
"08/23/2020","1.824","1.824","1.826","1.824","-2.33%"
"08/21/2020","1.868","1.868","1.880","1.868","0.08%"
"08/20/2020","1.867","1.865","1.867","1.865","-0.88%"
"08/19/2020","1.883","1.889","1.894","1.883","-0.26%"
"08/18/2020","1.888","1.878","1.888","1.878","0.32%"
"08/17/2020","1.882","1.867","1.882","1.867","0.80%"
"08/16/2020","1.867","1.866","1.867","1.866","-0.64%"
"08/14/2020","1.879","1.892","1.892","1.879","-0.90%"
"08/13/2020","1.896","1.906","1.912","1.893","-0.16%"
"08/12/2020","1.899","1.906","1.912","1.899","-0.73%"
"08/11/2020","1.913","1.918","1.930","1.913","-0.78%"
"08/10/2020","1.928","1.892","1.928","1.891","2.12%"
"08/09/2020","1.888","1.886","1.888","1.886","-0.32%"
"08/07/2020","1.894","1.880","1.894","1.880","0.11%"
"08/06/2020","1.892","1.891","1.897","1.891","-0.26%"
"08/05/2020","1.897","1.927","1.932","1.897","-1.86%"
"08/04/2020","1.933","1.929","1.934","1.929","-0.10%"
"08/03/2020","1.935","1.938","1.949","1.935","-0.31%"
"08/02/2020","1.941","1.939","1.941","1.939","-0.56%"
"07/30/2020","1.952","1.954","1.959","1.952","-0.71%"
"07/29/2020","1.966","1.974","1.977","1.966","-0.56%"
"07/28/2020","1.977","1.982","1.982","1.977","-0.25%"
"07/27/2020","1.982","1.987","1.987","1.980","-0.30%"
"07/26/2020","1.988","1.987","1.988","1.987","0.20%"
"07/24/2020","1.984","1.974","1.984","1.974","0.15%"
"07/23/2020","1.981","1.982","1.984","1.981","-0.40%"
"07/22/2020","1.989","1.993","1.993","1.987","-0.25%"
"07/21/2020","1.994","1.993","2.000","1.993","-0.35%"
"07/20/2020","2.001","1.991","2.004","1.991","0.50%"
"07/19/2020","1.991","1.995","1.995","1.991","-0.80%"
"07/17/2020","2.007","2.006","2.015","2.006","-0.59%"
"07/16/2020","2.019","2.010","2.019","2.010","-0.05%"
"07/15/2020","2.020","2.007","2.020","2.007","0.00%"
"07/14/2020","2.020","2.027","2.031","2.020","-0.39%"
"07/13/2020","2.028","2.035","2.035","2.027","0.00%"
"07/10/2020","2.028","2.024","2.029","2.021","0.00%"
"07/09/2020","2.028","2.078","2.078","2.028","-2.45%"
"07/08/2020","2.079","2.138","2.138","2.079","-2.81%"
"07/07/2020","2.139","2.188","2.189","2.139","-2.28%"
"07/06/2020","2.189","2.190","2.196","2.189","-0.43%"
"07/05/2020","2.198","2.194","2.198","2.194","0.16%"
"07/04/2020","2.195","2.195","2.195","2.195","0.18%"
"07/03/2020","2.191","2.200","2.200","2.186","-0.59%"
"07/02/2020","2.204","2.227","2.237","2.204","-1.74%"
"07/01/2020","2.243","2.266","2.266","2.243","-1.06%"
"06/30/2020","2.267","2.272","2.277","2.267","-0.44%"
"06/29/2020","2.277","2.276","2.281","2.274","-0.13%"
"06/28/2020","2.280","2.280","2.280","2.280","0.13%"
"06/26/2020","2.277","2.278","2.278","2.277","-0.13%"
"06/25/2020","2.280","2.288","2.289","2.280","-0.35%"
"06/24/2020","2.288","2.291","2.291","2.288","-0.04%"
"06/23/2020","2.289","2.280","2.289","2.279","0.31%"
"06/22/2020","2.282","2.264","2.282","2.264","0.55%"
"06/21/2020","2.270","2.269","2.270","2.269","-0.98%"
"06/19/2020","2.292","2.333","2.337","2.292","-2.05%"
"06/18/2020","2.340","2.341","2.341","2.337","-0.09%"
"06/17/2020","2.342","2.342","2.342","2.339","0.00%"
"06/16/2020","2.342","2.346","2.346","2.339","-0.21%"
"06/15/2020","2.347","2.345","2.357","2.345","-0.11%"
"06/14/2020","2.349","2.347","2.349","2.347","-0.40%"
"06/12/2020","2.359","2.361","2.363","2.359","-0.17%"
"06/11/2020","2.363","2.390","2.390","2.361","-1.13%"
"06/10/2020","2.390","2.413","2.428","2.390","-0.99%"
"06/09/2020","2.414","2.358","2.414","2.336","2.22%"
"06/08/2020","2.362","2.365","2.365","2.362","1.35%"
"06/05/2020","2.330","2.301","2.330","2.301","1.08%"
"06/04/2020","2.305","2.280","2.305","2.280","1.10%"
"06/03/2020","2.280","2.277","2.282","2.276","0.00%"
"06/02/2020","2.280","2.280","2.280","2.276","-0.04%"
"06/01/2020","2.281","2.277","2.284","2.273","-0.09%"
"05/29/2020","2.283","2.277","2.284","2.277","-0.22%"
"05/28/2020","2.288","2.289","2.289","2.288","-0.04%"
"05/27/2020","2.289","2.288","2.292","2.288","0.07%"
"05/26/2020","2.287","2.286","2.287","2.286","-0.24%"
"05/22/2020","2.293","2.291","2.295","2.291","-0.26%"
"05/21/2020","2.299","2.304","2.306","2.299","-0.26%"
"05/20/2020","2.305","2.303","2.309","2.303","-0.09%"
"05/19/2020","2.307","2.309","2.311","2.307","-0.13%"
"05/18/2020","2.310","2.300","2.313","2.300","0.20%"
"05/17/2020","2.306","2.304","2.306","2.304","-0.28%"
"05/15/2020","2.312","2.311","2.318","2.311","-0.22%"
"05/14/2020","2.317","2.337","2.338","2.315","-0.39%"
"05/13/2020","2.326","2.356","2.361","2.326","-1.52%"
"05/12/2020","2.362","2.343","2.375","2.330","0.00%"
"05/11/2020","2.362","2.365","2.365","2.362","1.57%"
"05/08/2020","2.326","2.296","2.326","2.292","1.31%"
"05/07/2020","2.296","2.296","2.296","2.296","-0.22%"
"05/06/2020","2.301","2.334","2.334","2.296","-0.99%"
"05/05/2020","2.324","2.393","2.404","2.324","-3.37%"
"05/04/2020","2.405","2.405","2.425","2.405","-0.19%"
"05/03/2020","2.409","2.405","2.409","2.405","-0.72%"
"04/30/2020","2.427","2.446","2.446","2.427","-0.90%"
"04/29/2020","2.449","2.447","2.451","2.446","-0.04%"
"04/28/2020","2.450","2.453","2.453","2.437","-0.16%"
"04/27/2020","2.454","2.440","2.460","2.440","0.12%"
"04/26/2020","2.451","2.447","2.451","2.447","-0.28%"
"04/24/2020","2.458","2.465","2.467","2.458","-0.49%"
"04/23/2020","2.470","2.469","2.470","2.469","-0.04%"
"04/22/2020","2.471","2.469","2.471","2.468","0.04%"
"04/21/2020","2.470","2.470","2.472","2.466","-0.04%"
"04/20/2020","2.471","2.458","2.473","2.458","0.55%"
"04/19/2020","2.457","2.461","2.462","2.457","-1.34%"
"04/17/2020","2.491","2.513","2.513","2.491","-0.99%"
"04/16/2020","2.516","2.541","2.541","2.516","-1.02%"
"04/15/2020","2.542","2.590","2.590","2.542","-2.23%"
"04/14/2020","2.600","2.612","2.612","2.600","-0.50%"
"04/13/2020","2.613","2.611","2.615","2.610","-0.19%"
"04/12/2020","2.618","2.617","2.618","2.617","0.11%"
"04/10/2020","2.615","2.613","2.615","2.611","-0.08%"
"04/09/2020","2.617","2.613","2.620","2.602","0.38%"
"04/08/2020","2.607","2.592","2.607","2.582","0.54%"
"04/07/2020","2.593","2.575","2.593","2.575","0.43%"
"04/06/2020","2.582","2.578","2.588","2.578","0.00%"
"04/05/2020","2.582","2.582","2.582","2.582","-0.56%"
"04/03/2020","2.597","2.742","2.744","2.597","-5.39%"
"04/02/2020","2.745","2.754","2.757","2.745","-1.12%"
"04/01/2020","2.776","2.825","2.830","2.771","-2.32%"
"03/31/2020","2.842","2.854","2.862","2.842","-0.63%"
"03/30/2020","2.860","2.809","2.894","2.809","1.40%"
"03/29/2020","2.820","2.820","2.820","2.820","-2.10%"
"03/27/2020","2.881","2.938","2.938","2.881","-1.97%"
"03/26/2020","2.939","3.164","3.188","2.939","-7.98%"
"03/25/2020","3.194","3.300","3.312","3.194","-3.56%"
"03/24/2020","3.312","3.286","3.322","3.286","0.79%"
"03/23/2020","3.286","3.217","3.286","3.217","1.86%"
"03/22/2020","3.226","3.231","3.231","3.226","-0.03%"
"03/20/2020","3.227","3.338","3.397","3.227","-3.33%"
"03/19/2020","3.338","3.071","3.338","3.071","8.69%"
"03/18/2020","3.071","2.937","3.071","2.937","4.53%"
"03/17/2020","2.938","2.817","2.938","2.817","4.26%"
"03/16/2020","2.818","2.810","2.970","2.798","-0.04%"
"03/15/2020","2.819","2.822","2.822","2.819","0.14%"
"03/13/2020","2.815","2.698","2.815","2.698","4.26%"
"03/12/2020","2.700","2.647","2.700","2.647","2.00%"
"03/11/2020","2.647","2.658","2.658","2.647","-0.45%"
"03/10/2020","2.659","2.649","2.659","2.642","0.42%"
"03/09/2020","2.648","2.599","2.648","2.598","1.73%"
"03/08/2020","2.603","2.606","2.607","2.603","0.15%"
"03/06/2020","2.599","2.598","2.601","2.598","-0.04%"
"03/05/2020","2.600","2.601","2.601","2.600","-0.04%"
"03/04/2020","2.601","2.635","2.637","2.601","-1.29%"
"03/03/2020","2.635","2.618","2.635","2.618","0.65%"
"03/02/2020","2.618","2.611","2.618","2.611","-0.06%"
"03/01/2020","2.619","2.618","2.619","2.618","0.10%"
"02/28/2020","2.617","2.644","2.644","2.617","-1.06%"
"02/27/2020","2.645","2.647","2.651","2.645","-0.11%"
"02/26/2020","2.648","2.720","2.720","2.648","-2.68%"
"02/25/2020","2.721","2.746","2.746","2.721","-0.95%"
"02/24/2020","2.747","2.688","2.747","2.688","1.72%"
"02/23/2020","2.701","2.700","2.701","2.700","0.43%"
"02/21/2020","2.689","2.713","2.713","2.689","-0.96%"
"02/20/2020","2.715","2.697","2.725","2.697","0.63%"
"02/19/2020","2.698","2.678","2.698","2.677","0.75%"
"02/18/2020","2.678","2.677","2.678","2.675","0.04%"
"02/17/2020","2.677","2.671","2.677","2.667","-0.13%"
"02/16/2020","2.681","2.680","2.681","2.680","0.47%"
"02/14/2020","2.668","2.682","2.682","2.668","-0.60%"
"02/13/2020","2.684","2.685","2.685","2.681","-0.11%"
"02/12/2020","2.687","2.803","2.809","2.686","-4.14%"
"02/11/2020","2.803","2.796","2.804","2.796","0.21%"
"02/10/2020","2.797","2.816","2.818","2.797","-1.11%"
"02/09/2020","2.829","2.828","2.829","2.828","0.41%"
"02/07/2020","2.817","2.845","2.848","2.817","-1.02%"
"02/06/2020","2.846","2.863","2.867","2.846","-0.59%"
"02/05/2020","2.863","2.868","2.869","2.863","-0.21%"
"02/04/2020","2.869","2.890","2.891","2.866","-0.73%"
"02/03/2020","2.890","2.894","2.894","2.886","-0.58%"
"02/02/2020","2.907","2.906","2.907","2.906","0.66%"
"01/31/2020","2.888","2.883","2.897","2.881","0.14%"
"01/30/2020","2.884","2.884","2.884","2.878","0.00%"
"01/29/2020","2.884","2.879","2.884","2.878","0.38%"
"01/28/2020","2.873","2.869","2.873","2.869","-0.24%"
"01/27/2020","2.880","2.881","2.881","2.880","0.38%"
"01/24/2020","2.869","2.879","2.879","2.869","-0.42%"
"01/23/2020","2.881","2.933","2.955","2.881","-3.97%"
"01/22/2020","3.000","3.035","3.038","3.000","-1.28%"
"01/21/2020","3.039","3.037","3.042","3.037","0.07%"
"01/20/2020","3.037","3.031","3.041","3.031","-0.18%"
"01/19/2020","3.043","3.042","3.043","3.042","0.12%"
"01/17/2020","3.039","3.032","3.042","3.029","0.30%"
"01/16/2020","3.030","3.032","3.032","3.029","-0.07%"
"01/15/2020","3.032","3.031","3.032","3.030","0.00%"
"01/14/2020","3.032","3.029","3.032","3.024","0.03%"
"01/13/2020","3.031","3.020","3.037","3.020","-0.36%"
"01/12/2020","3.042","3.033","3.042","3.033","0.56%"
"01/10/2020","3.025","3.025","3.030","3.022","-0.03%"
"01/09/2020","3.026","3.004","3.026","3.004","0.67%"
"01/08/2020","3.006","2.985","3.006","2.983","0.60%"
"01/07/2020","2.988","2.984","2.988","2.984","-0.07%"
"01/06/2020","2.990","2.990","2.996","2.989","-0.35%"
"01/05/2020","3.000","3.000","3.000","3.000","0.28%"
"01/03/2020","2.992","2.999","3.000","2.992","-0.27%"
"01/02/2020","3.000","2.999","3.001","2.998","-0.13%"
"01/01/2020","3.004","3.003","3.004","3.003","0.10%"
"12/31/2019","3.001","3.001","3.007","3.001","-0.03%"
"12/30/2019","3.002","3.000","3.014","3.000","-0.38%"
"12/29/2019","3.013","3.011","3.013","3.011","0.05%"
"12/27/2019","3.012","3.006","3.015","3.006","-0.13%"
"12/26/2019","3.016","3.007","3.016","3.006","0.10%"
"12/25/2019","3.013","3.012","3.013","3.012","-0.17%"
"12/24/2019","3.018","3.024","3.025","3.017","-0.23%"
"12/23/2019","3.025","3.019","3.030","3.011","0.08%"
"12/22/2019","3.023","3.030","3.032","3.023","-0.12%"
"12/20/2019","3.026","3.025","3.037","3.025","-0.33%"
"12/19/2019","3.036","3.050","3.050","3.036","-0.46%"
"12/18/2019","3.050","3.056","3.057","3.048","-0.07%"
"12/17/2019","3.052","3.058","3.059","3.050","0.03%"
"12/16/2019","3.051","3.047","3.051","3.042","-0.13%"
"12/15/2019","3.055","3.051","3.055","3.051","-0.10%"
"12/13/2019","3.058","3.053","3.060","3.040","0.20%"
"12/12/2019","3.052","3.073","3.073","3.052","-0.68%"
"12/11/2019","3.073","3.075","3.076","3.072","-0.10%"
"12/10/2019","3.076","3.079","3.079","3.075","-0.03%"
"12/09/2019","3.077","3.070","3.081","3.062","-0.21%"
"12/08/2019","3.083","3.082","3.083","3.082","0.60%"
"12/06/2019","3.065","3.068","3.068","3.062","0.10%"
"12/05/2019","3.062","3.057","3.062","3.056","0.10%"
"12/04/2019","3.059","3.069","3.069","3.057","-0.13%"
"12/03/2019","3.063","3.060","3.065","3.057","0.33%"
"12/02/2019","3.053","3.055","3.057","3.053","-0.51%"
"12/01/2019","3.069","3.068","3.069","3.068","0.47%"
"11/29/2019","3.054","3.054","3.054","3.053","0.00%"
"11/28/2019","3.054","3.056","3.056","3.054","-0.10%"
"11/27/2019","3.057","3.057","3.057","3.055","-0.03%"
"11/26/2019","3.058","3.055","3.058","3.055","-0.03%"
"11/25/2019","3.059","3.059","3.059","3.057","-0.16%"
"11/24/2019","3.064","3.067","3.067","3.064","0.13%"
"11/22/2019","3.060","3.060","3.060","3.054","-0.03%"
"11/21/2019","3.061","3.054","3.061","3.054","-0.10%"
"11/20/2019","3.064","3.062","3.064","3.062","-0.03%"
"11/19/2019","3.065","3.063","3.065","3.063","-0.03%"
"11/18/2019","3.066","3.051","3.066","3.051","-0.03%"
"11/17/2019","3.067","3.064","3.067","3.064","0.10%"
"11/15/2019","3.064","3.063","3.066","3.062","-0.13%"
"11/14/2019","3.068","3.063","3.068","3.063","0.03%"
"11/13/2019","3.067","3.062","3.070","3.062","-0.13%"
"11/12/2019","3.071","3.061","3.071","3.061","0.23%"
"11/11/2019","3.064","3.082","3.094","3.064","-1.07%"
"11/10/2019","3.097","3.096","3.097","3.096","-0.23%"
"11/08/2019","3.104","3.104","3.112","3.104","-0.29%"
"11/07/2019","3.113","3.116","3.118","3.113","-0.26%"
"11/06/2019","3.121","3.115","3.121","3.115","-0.22%"
"11/05/2019","3.128","3.133","3.141","3.128","-0.38%"
"11/04/2019","3.140","3.135","3.142","3.129","-0.06%"
"11/03/2019","3.142","3.148","3.148","3.142","-0.19%"
"11/01/2019","3.148","3.151","3.152","3.148","-0.25%"
"10/31/2019","3.156","3.155","3.157","3.154","-0.13%"
"10/30/2019","3.160","3.156","3.165","3.155","0.06%"
"10/29/2019","3.158","3.161","3.162","3.148","-0.28%"
"10/28/2019","3.167","3.167","3.167","3.167","0.51%"
"10/25/2019","3.151","3.149","3.151","3.140","0.25%"
"10/24/2019","3.143","3.137","3.143","3.136","0.10%"
"10/23/2019","3.140","3.139","3.140","3.137","0.10%"
"10/22/2019","3.137","3.135","3.138","3.135","0.03%"
"10/21/2019","3.136","3.141","3.141","3.132","-0.65%"
"10/20/2019","3.157","3.157","3.157","3.157","0.62%"
"10/18/2019","3.137","3.132","3.137","3.125","0.29%"
"10/17/2019","3.128","3.131","3.131","3.128","-0.06%"
"10/16/2019","3.130","3.129","3.130","3.128","0.06%"
"10/15/2019","3.128","3.130","3.133","3.128","-0.03%"
"10/14/2019","3.129","3.126","3.136","3.126","0.10%"
"10/13/2019","3.126","3.125","3.126","3.125","-0.22%"
"10/11/2019","3.133","3.137","3.137","3.132","-0.06%"
"10/10/2019","3.135","3.134","3.135","3.127","0.19%"
"10/09/2019","3.129","3.123","3.129","3.121","0.16%"
"10/08/2019","3.124","3.121","3.124","3.121","0.10%"
"10/07/2019","3.121","3.106","3.121","3.103","0.48%"
"10/06/2019","3.106","3.104","3.106","3.104","-0.10%"
"10/04/2019","3.109","3.121","3.123","3.109","-0.48%"
"10/03/2019","3.124","3.120","3.126","3.120","-0.10%"
"10/02/2019","3.127","3.118","3.127","3.118","0.06%"
"10/01/2019","3.125","3.119","3.126","3.119","0.03%"
"09/30/2019","3.124","3.110","3.128","3.110","0.45%"
"09/29/2019","3.110","3.109","3.110","3.109","-0.58%"
"09/27/2019","3.128","3.141","3.151","3.128","-0.92%"
"09/26/2019","3.157","3.159","3.170","3.154","-0.28%"
"09/25/2019","3.166","3.160","3.174","3.155","0.60%"
"09/24/2019","3.147","3.130","3.147","3.122","0.67%"
"09/23/2019","3.126","3.125","3.133","3.118","0.03%"
"09/22/2019","3.125","3.124","3.125","3.124","0.22%"
"09/20/2019","3.118","3.117","3.118","3.110","0.16%"
"09/19/2019","3.113","3.111","3.113","3.107","0.03%"
"09/18/2019","3.112","3.113","3.115","3.109","-0.13%"
"09/17/2019","3.116","3.102","3.116","3.102","0.03%"
"09/16/2019","3.115","3.101","3.115","3.101","0.13%"
"09/13/2019","3.111","3.107","3.111","3.105","0.13%"
"09/12/2019","3.107","3.110","3.117","3.103","-0.51%"
"09/11/2019","3.123","3.129","3.132","3.123","-0.19%"
"09/10/2019","3.129","3.135","3.142","3.129","-0.16%"
"09/09/2019","3.134","3.127","3.135","3.127","-0.29%"
"09/06/2019","3.143","3.127","3.146","3.127","0.22%"
"09/05/2019","3.136","3.126","3.136","3.126","-0.10%"
"09/04/2019","3.139","3.134","3.141","3.134","-0.10%"
"09/03/2019","3.142","3.152","3.152","3.142","-0.32%"
"09/02/2019","3.152","3.152","3.152","3.152","0.13%"
"08/30/2019","3.148","3.129","3.148","3.129","0.22%"
"08/29/2019","3.141","3.132","3.146","3.132","-0.10%"
"08/28/2019","3.144","3.164","3.174","3.144","-0.76%"
"08/27/2019","3.168","3.186","3.194","3.168","-0.69%"
"08/26/2019","3.190","3.208","3.210","3.190","-0.56%"
"08/25/2019","3.208","3.207","3.208","3.207","-0.43%"
"08/23/2019","3.222","3.222","3.225","3.216","0.09%"
"08/22/2019","3.219","3.214","3.223","3.210","0.16%"
"08/21/2019","3.214","3.209","3.214","3.202","0.12%"
"08/20/2019","3.210","3.189","3.213","3.180","0.53%"
"08/19/2019","3.193","3.178","3.193","3.173","0.63%"
"08/18/2019","3.173","3.178","3.178","3.173","-0.13%"
"08/16/2019","3.177","3.179","3.184","3.177","-0.22%"
"08/15/2019","3.184","3.187","3.187","3.184","-0.28%"
"08/14/2019","3.193","3.189","3.198","3.188","0.13%"
"08/13/2019","3.189","3.175","3.191","3.175","0.44%"
"08/12/2019","3.175","3.175","3.175","3.175","-0.50%"
"08/09/2019","3.191","3.217","3.225","3.191","-1.08%"
"08/08/2019","3.226","3.252","3.264","3.226","-1.25%"
"08/07/2019","3.267","3.294","3.294","3.267","-0.49%"
"08/06/2019","3.283","3.274","3.283","3.273","0.27%"
"08/05/2019","3.274","3.274","3.277","3.273","0.00%"
"08/04/2019","3.274","3.270","3.274","3.270","0.03%"
"08/02/2019","3.273","3.301","3.301","3.273","-0.94%"
"08/01/2019","3.304","3.294","3.315","3.294","0.27%"
"07/31/2019","3.295","3.293","3.295","3.293","0.06%"
"07/30/2019","3.293","3.293","3.293","3.293","-0.09%"
"07/29/2019","3.296","3.286","3.297","3.286","0.12%"
"07/28/2019","3.292","3.285","3.292","3.285","-0.15%"
"07/26/2019","3.297","3.297","3.297","3.295","-0.06%"
"07/25/2019","3.299","3.293","3.299","3.293","0.03%"
"07/24/2019","3.298","3.294","3.298","3.294","0.00%"
"07/23/2019","3.298","3.298","3.300","3.298","0.00%"
"07/22/2019","3.298","3.297","3.298","3.295","0.03%"
"07/21/2019","3.297","3.296","3.297","3.296","-0.12%"
"07/19/2019","3.301","3.313","3.313","3.301","-0.36%"
"07/18/2019","3.313","3.314","3.316","3.313","-0.12%"
"07/17/2019","3.317","3.315","3.317","3.312","0.03%"
"07/16/2019","3.316","3.317","3.321","3.314","-0.06%"
"07/15/2019","3.318","3.314","3.322","3.314","0.06%"
"07/14/2019","3.316","3.313","3.316","3.313","-0.09%"
"07/12/2019","3.319","3.351","3.351","3.314","0.06%"
"07/11/2019","3.317","3.353","3.353","3.317","-0.09%"
"07/10/2019","3.320","3.350","3.350","3.320","0.12%"
"07/09/2019","3.316","3.355","3.355","3.316","-0.15%"
"07/08/2019","3.321","3.303","3.348","3.303","0.54%"
"07/07/2019","3.303","3.299","3.303","3.299","-0.21%"
"07/05/2019","3.310","3.341","3.341","3.303","0.00%"
"07/04/2019","3.310","3.355","3.355","3.303","-0.03%"
"07/03/2019","3.311","3.319","3.319","3.311","-0.21%"
"07/02/2019","3.318","3.321","3.321","3.315","-0.09%"
"07/01/2019","3.321","3.303","3.322","3.295","0.73%"
"06/30/2019","3.297","3.303","3.303","3.295","-0.75%"
"06/28/2019","3.322","3.339","3.344","3.322","-0.66%"
"06/27/2019","3.344","3.343","3.347","3.343","-0.15%"
"06/26/2019","3.349","3.346","3.350","3.341","0.09%"
"06/25/2019","3.346","3.354","3.354","3.346","-0.18%"
"06/24/2019","3.352","3.328","3.352","3.328","0.72%"
"06/23/2019","3.328","3.328","3.328","3.328","-0.42%"
"06/21/2019","3.342","3.347","3.349","3.342","-0.45%"
"06/20/2019","3.357","3.370","3.371","3.357","-0.44%"
"06/19/2019","3.372","3.373","3.374","3.372","-0.03%"
"06/18/2019","3.373","3.367","3.373","3.364","0.15%"
"06/17/2019","3.368","3.360","3.371","3.360","0.24%"
"06/16/2019","3.360","3.359","3.360","3.359","-0.21%"
"06/14/2019","3.367","3.370","3.370","3.367","-0.09%"
"06/13/2019","3.370","3.370","3.372","3.370","-0.03%"
"06/12/2019","3.371","3.368","3.372","3.368","0.09%"
"06/11/2019","3.368","3.358","3.368","3.358","0.30%"
"06/10/2019","3.358","3.345","3.358","3.343","0.39%"
"06/09/2019","3.345","3.343","3.345","3.343","-0.45%"
"06/07/2019","3.360","3.369","3.375","3.360","-0.59%"
"06/04/2019","3.380","3.402","3.402","3.380","-0.68%"
"06/03/2019","3.403","3.404","3.411","3.403","-0.09%"
"06/02/2019","3.406","3.404","3.406","3.404","-0.23%"
"05/31/2019","3.414","3.416","3.416","3.414","-0.06%"
"05/30/2019","3.416","3.417","3.420","3.416","-0.09%"
"05/29/2019","3.419","3.428","3.428","3.419","-0.15%"
"05/28/2019","3.424","3.429","3.429","3.424","-0.03%"
"05/27/2019","3.425","3.427","3.431","3.425","-0.06%"
"05/26/2019","3.427","3.430","3.430","3.427","0.06%"
"05/24/2019","3.425","3.429","3.429","3.425","-0.12%"
"05/23/2019","3.429","3.427","3.429","3.425","0.06%"
"05/22/2019","3.427","3.427","3.427","3.427","-0.03%"
"05/21/2019","3.428","3.431","3.431","3.428","-0.09%"
"05/20/2019","3.431","3.432","3.432","3.431","0.06%"
"05/18/2019","3.429","3.429","3.429","3.429","0.00%"
"05/17/2019","3.429","3.427","3.429","3.427","0.03%"
"05/16/2019","3.428","3.440","3.441","3.428","-0.32%"
"05/15/2019","3.439","3.440","3.441","3.433","0.17%"
"05/14/2019","3.433","3.428","3.433","3.425","0.23%"
"05/13/2019","3.425","3.424","3.425","3.418","0.03%"
"05/12/2019","3.424","3.413","3.424","3.413","0.12%"
"05/10/2019","3.420","3.400","3.420","3.400","0.47%"
"05/09/2019","3.404","3.390","3.404","3.386","0.44%"
"05/08/2019","3.389","3.409","3.409","3.389","-0.59%"
"05/07/2019","3.409","3.413","3.414","3.409","-0.15%"
"05/06/2019","3.414","3.440","3.440","3.414","-0.67%"
"05/05/2019","3.437","3.439","3.440","3.437","0.09%"
"05/03/2019","3.434","3.425","3.434","3.425","0.12%"
"05/02/2019","3.430","3.427","3.430","3.425","0.09%"
"05/01/2019","3.427","3.426","3.427","3.426","-0.12%"
"04/30/2019","3.431","3.429","3.431","3.428","0.03%"
"04/29/2019","3.430","3.420","3.433","3.420","0.29%"
"04/28/2019","3.420","3.419","3.420","3.419","-0.44%"
"04/26/2019","3.435","3.446","3.448","3.435","-0.29%"
"04/25/2019","3.445","3.465","3.469","3.445","-0.61%"
"04/24/2019","3.466","3.482","3.482","3.466","-0.29%"
"04/23/2019","3.476","3.492","3.492","3.476","-0.46%"
"04/22/2019","3.492","3.485","3.542","3.485","0.20%"
"04/21/2019","3.485","3.485","3.485","3.485","-0.34%"
"04/19/2019","3.497","3.506","3.506","3.497","0.00%"
"04/18/2019","3.497","3.452","3.497","3.446","1.27%"
"04/17/2019","3.453","3.414","3.453","3.408","1.32%"
"04/16/2019","3.408","3.395","3.408","3.395","0.29%"
"04/15/2019","3.398","3.400","3.402","3.398","-0.12%"
"04/14/2019","3.402","3.402","3.402","3.402","0.03%"
"04/12/2019","3.401","3.401","3.404","3.400","-0.09%"
"04/11/2019","3.404","3.402","3.407","3.402","-0.09%"
"04/10/2019","3.407","3.402","3.407","3.400","0.15%"
"04/09/2019","3.402","3.391","3.402","3.391","0.32%"
"04/08/2019","3.391","3.385","3.391","3.385","0.00%"
"04/07/2019","3.391","3.385","3.391","3.385","0.09%"
"04/05/2019","3.388","3.390","3.390","3.388","-0.06%"
"04/04/2019","3.390","3.391","3.392","3.389","-0.03%"
"04/03/2019","3.391","3.391","3.393","3.391","-0.03%"
"04/02/2019","3.392","3.389","3.392","3.389","0.00%"
"04/01/2019","3.392","3.392","3.398","3.392","0.00%"
"03/31/2019","3.392","3.388","3.392","3.388","-0.21%"
"03/29/2019","3.399","3.402","3.404","3.398","-0.09%"
"03/28/2019","3.402","3.420","3.425","3.401","-0.56%"
"03/27/2019","3.421","3.419","3.423","3.415","0.06%"
"03/26/2019","3.419","3.422","3.422","3.415","0.00%"
"03/25/2019","3.419","3.415","3.424","3.415","0.06%"
"03/24/2019","3.417","3.415","3.417","3.415","-0.09%"
"03/22/2019","3.420","3.473","3.473","3.420","-0.06%"
"03/21/2019","3.422","3.430","3.484","3.422","-0.23%"
"03/20/2019","3.430","3.425","3.430","3.425","0.15%"
"03/19/2019","3.425","3.428","3.430","3.425","-0.15%"
"03/18/2019","3.430","3.460","3.462","3.430","-0.81%"
"03/17/2019","3.458","3.460","3.460","3.458","0.00%"
"03/15/2019","3.458","3.455","3.458","3.454","0.09%"
"03/14/2019","3.455","3.456","3.456","3.455","-0.03%"
"03/13/2019","3.456","3.463","3.463","3.456","-0.23%"
"03/12/2019","3.464","3.469","3.472","3.459","-0.17%"
"03/11/2019","3.470","3.458","3.473","3.458","0.35%"
"03/10/2019","3.458","3.458","3.458","3.458","-0.17%"
"03/08/2019","3.464","3.485","3.485","3.464","-0.57%"
"03/07/2019","3.484","3.550","3.550","3.484","-1.89%"
"03/06/2019","3.551","3.575","3.578","3.551","-0.73%"
"03/05/2019","3.577","3.577","3.579","3.576","0.00%"
"03/04/2019","3.577","3.583","3.593","3.577","-0.17%"
"03/03/2019","3.583","3.578","3.583","3.578","0.03%"
"03/01/2019","3.582","3.582","3.584","3.582","0.00%"
"02/28/2019","3.582","3.583","3.586","3.579","-0.11%"
"02/27/2019","3.586","3.583","3.586","3.581","0.06%"
"02/26/2019","3.584","3.581","3.584","3.579","0.03%"
"02/25/2019","3.583","3.576","3.591","3.576","0.45%"
"02/24/2019","3.567","3.567","3.567","3.567","-0.56%"
"02/22/2019","3.587","3.570","3.587","3.570","0.36%"
"02/21/2019","3.574","3.568","3.574","3.568","0.03%"
"02/20/2019","3.573","3.569","3.575","3.569","-0.03%"
"02/19/2019","3.574","3.570","3.574","3.570","0.00%"
"02/18/2019","3.574","3.560","3.575","3.557","0.31%"
"02/17/2019","3.563","3.563","3.563","3.563","0.00%"
"02/15/2019","3.563","3.559","3.563","3.555","0.08%"
"02/14/2019","3.560","3.556","3.560","3.552","0.06%"
"02/13/2019","3.558","3.573","3.573","3.557","-0.11%"
"02/12/2019","3.562","3.563","3.581","3.559","-0.28%"
"02/11/2019","3.572","3.599","3.599","3.572","0.06%"
"02/10/2019","3.570","3.570","3.570","3.570","-0.31%"
"02/08/2019","3.581","3.589","3.590","3.581","-0.31%"
"02/07/2019","3.592","3.597","3.597","3.592","0.06%"
"02/06/2019","3.590","3.590","3.590","3.590","-0.36%"
"02/04/2019","3.603","3.619","3.619","3.602","0.03%"
"01/31/2019","3.602","3.605","3.605","3.599","-0.06%"
"01/30/2019","3.604","3.604","3.604","3.602","0.00%"
"01/29/2019","3.604","3.604","3.604","3.602","-0.06%"
"01/28/2019","3.606","3.610","3.610","3.605","-0.14%"
"01/27/2019","3.611","3.611","3.611","3.611","0.17%"
"01/25/2019","3.605","3.595","3.605","3.593","0.31%"
"01/24/2019","3.594","3.595","3.595","3.592","0.00%"
"01/23/2019","3.594","3.587","3.596","3.587","0.17%"
"01/22/2019","3.588","3.575","3.589","3.575","0.36%"
"01/21/2019","3.575","3.578","3.578","3.575","-0.11%"
"01/18/2019","3.579","3.576","3.579","3.576","0.03%"
"01/17/2019","3.578","3.582","3.582","3.578","-0.11%"
"01/16/2019","3.582","3.583","3.588","3.582","-0.06%"
"01/15/2019","3.584","3.583","3.587","3.583","0.03%"
"01/14/2019","3.583","3.575","3.583","3.573","0.22%"
"01/13/2019","3.575","3.575","3.575","3.575","-0.20%"
"01/12/2019","3.582","3.582","3.582","3.582","0.00%"
"01/11/2019","3.582","3.582","3.582","3.577","0.00%"
"01/10/2019","3.582","3.587","3.587","3.582","-0.11%"
"01/09/2019","3.586","3.587","3.587","3.582","0.00%"
"01/08/2019","3.586","3.588","3.588","3.583","0.00%"
"01/07/2019","3.586","3.579","3.592","3.579","0.20%"
"01/06/2019","3.579","3.580","3.580","3.579","-0.39%"
"01/04/2019","3.593","3.585","3.595","3.585","0.00%"
"01/03/2019","3.593","3.588","3.597","3.588","-0.11%"
"01/02/2019","3.597","3.628","3.639","3.597","-0.85%"
"01/01/2019","3.628","3.628","3.628","3.628","-0.38%"
"12/31/2018","3.642","3.641","3.663","3.641","0.03%"
"12/30/2018","3.641","3.633","3.641","3.633","-0.38%"
"12/28/2018","3.655","3.657","3.657","3.655","-0.05%"
"12/27/2018","3.657","3.651","3.668","3.651","0.00%"
"12/26/2018","3.657","3.652","3.657","3.652","0.14%"
"12/25/2018","3.652","3.652","3.652","3.652","-0.14%"
"12/24/2018","3.657","3.648","3.671","3.648","0.25%"
"12/23/2018","3.648","3.638","3.648","3.638","-0.30%"
"12/21/2018","3.659","3.666","3.666","3.659","-0.38%"
"12/20/2018","3.673","3.669","3.673","3.667","0.00%"
"12/19/2018","3.673","3.676","3.680","3.673","-0.11%"
"12/18/2018","3.677","3.688","3.688","3.677","-0.19%"
"12/17/2018","3.684","3.677","3.689","3.674","0.19%"
"12/16/2018","3.677","3.669","3.677","3.669","0.03%"
"12/14/2018","3.676","3.675","3.676","3.672","0.00%"
"12/13/2018","3.676","3.674","3.676","3.671","0.03%"
"12/12/2018","3.675","3.677","3.681","3.674","-0.03%"
"12/11/2018","3.676","3.671","3.677","3.671","-0.03%"
"12/10/2018","3.677","3.668","3.686","3.668","0.25%"
"12/09/2018","3.668","3.665","3.668","3.665","-0.54%"
"12/07/2018","3.688","3.692","3.697","3.688","-0.27%"
"12/06/2018","3.698","3.699","3.704","3.698","-0.11%"
"12/05/2018","3.702","3.705","3.707","3.702","-0.11%"
"12/04/2018","3.706","3.707","3.709","3.706","-0.03%"
"12/03/2018","3.707","3.707","3.708","3.705","0.05%"
"12/02/2018","3.705","3.705","3.705","3.705","-0.13%"
"11/30/2018","3.710","3.709","3.710","3.705","0.05%"
"11/29/2018","3.708","3.710","3.710","3.707","-0.03%"
"11/28/2018","3.709","3.710","3.710","3.707","0.00%"
"11/27/2018","3.709","3.707","3.711","3.705","0.05%"
"11/26/2018","3.707","3.704","3.707","3.700","0.08%"
"11/25/2018","3.704","3.700","3.704","3.700","-0.03%"
"11/23/2018","3.705","3.705","3.706","3.704","0.03%"
"11/22/2018","3.704","3.702","3.705","3.702","0.03%"
"11/21/2018","3.703","3.699","3.705","3.699","0.11%"
"11/20/2018","3.699","3.699","3.699","3.699","-0.13%"
"11/19/2018","3.704","3.693","3.705","3.693","0.30%"
"11/18/2018","3.693","3.696","3.696","3.693","-0.32%"
"11/16/2018","3.705","3.705","3.705","3.702","-0.05%"
"11/15/2018","3.707","3.708","3.708","3.707","0.00%"
"11/14/2018","3.707","3.704","3.707","3.704","0.05%"
"11/13/2018","3.705","3.698","3.705","3.697","0.46%"
"11/12/2018","3.688","3.688","3.688","3.688","0.41%"
"11/11/2018","3.673","3.673","3.673","3.673","-0.30%"
"11/09/2018","3.684","3.699","3.701","3.682","-0.38%"
"11/08/2018","3.698","3.711","3.712","3.698","-0.19%"
"11/07/2018","3.705","3.711","3.711","3.699","-0.16%"
"11/06/2018","3.711","3.711","3.711","3.711","0.32%"
"11/05/2018","3.699","3.685","3.699","3.679","0.52%"
"11/04/2018","3.680","3.680","3.680","3.680","-0.08%"
"11/02/2018","3.683","3.681","3.683","3.680","0.03%"
"11/01/2018","3.682","3.685","3.685","3.680","-0.14%"
"10/31/2018","3.687","3.711","3.711","3.687","-0.57%"
"10/30/2018","3.708","3.717","3.717","3.708","0.30%"
"10/29/2018","3.697","3.721","3.721","3.687","-0.64%"
"10/28/2018","3.721","3.718","3.721","3.718","1.31%"
"10/26/2018","3.673","3.663","3.673","3.655","0.60%"
"10/25/2018","3.651","3.644","3.651","3.635","0.36%"
"10/24/2018","3.638","3.647","3.647","3.638","-0.25%"
"10/23/2018","3.647","3.657","3.657","3.647","0.03%"
"10/22/2018","3.646","3.642","3.647","3.634","0.11%"
"10/21/2018","3.642","3.638","3.642","3.638","0.00%"
"10/19/2018","3.642","3.627","3.642","3.622","0.55%"
"10/18/2018","3.622","3.625","3.625","3.621","0.03%"
"10/17/2018","3.621","3.625","3.625","3.621","0.00%"
"10/16/2018","3.621","3.625","3.625","3.621","0.00%"
"10/15/2018","3.621","3.620","3.623","3.619","0.03%"
"10/14/2018","3.620","3.620","3.620","3.620","-0.03%"
"10/12/2018","3.621","3.625","3.625","3.621","0.00%"
"10/11/2018","3.621","3.630","3.630","3.621","0.00%"
"10/10/2018","3.621","3.634","3.634","3.621","-0.19%"
"10/09/2018","3.628","3.629","3.634","3.627","0.03%"
"10/08/2018","3.627","3.619","3.636","3.619","0.22%"
"10/07/2018","3.619","3.619","3.619","3.619","-0.36%"
"10/05/2018","3.632","3.648","3.648","3.632","-0.33%"
"10/04/2018","3.644","3.624","3.644","3.620","0.66%"
"10/03/2018","3.620","3.624","3.624","3.620","-0.03%"
"10/02/2018","3.621","3.619","3.621","3.617","0.08%"
"10/01/2018","3.618","3.609","3.619","3.609","0.25%"
"09/30/2018","3.609","3.609","3.609","3.609","-0.17%"
"09/28/2018","3.615","3.618","3.619","3.614","-0.06%"
"09/27/2018","3.617","3.621","3.621","3.617","-0.06%"
"09/26/2018","3.619","3.621","3.621","3.618","0.00%"
"09/25/2018","3.619","3.616","3.622","3.616","0.03%"
"09/24/2018","3.618","3.608","3.619","3.606","0.28%"
"09/23/2018","3.608","3.610","3.610","3.608","-0.08%"
"09/21/2018","3.611","3.617","3.618","3.611","-0.19%"
"09/20/2018","3.618","3.619","3.619","3.615","0.00%"
"09/19/2018","3.618","3.628","3.629","3.615","-0.19%"
"09/18/2018","3.625","3.619","3.629","3.619","0.17%"
"09/17/2018","3.619","3.620","3.620","3.619","-0.17%"
"09/14/2018","3.625","3.636","3.636","3.625","-0.25%"
"09/13/2018","3.634","3.647","3.647","3.634","-0.36%"
"09/12/2018","3.647","3.618","3.647","3.618","0.80%"
"09/11/2018","3.618","3.618","3.618","3.618","-0.28%"
"09/07/2018","3.628","3.648","3.648","3.628","-0.33%"
"09/06/2018","3.640","3.599","3.641","3.591","1.20%"
"09/05/2018","3.597","3.553","3.597","3.553","1.10%"
"09/04/2018","3.558","3.510","3.558","3.510","1.14%"
"09/03/2018","3.518","3.487","3.518","3.482","1.06%"
"09/02/2018","3.481","3.481","3.481","3.481","-0.14%"
"08/30/2018","3.486","3.488","3.488","3.486","-0.06%"
"08/29/2018","3.488","3.489","3.489","3.486","-0.03%"
"08/28/2018","3.489","3.492","3.492","3.486","-0.06%"
"08/27/2018","3.491","3.481","3.491","3.477","0.32%"
"08/26/2018","3.480","3.481","3.481","3.480","-0.32%"
"08/24/2018","3.491","3.491","3.505","3.487","-0.06%"
"08/23/2018","3.493","3.494","3.494","3.491","-0.03%"
"08/22/2018","3.494","3.494","3.494","3.494","0.11%"
"08/21/2018","3.490","3.494","3.501","3.490","-0.48%"
"08/20/2018","3.507","3.489","3.514","3.489","0.52%"
"08/19/2018","3.489","3.490","3.490","3.489","-1.13%"
"08/17/2018","3.529","3.548","3.549","3.529","-0.56%"
"08/16/2018","3.549","3.545","3.550","3.545","0.06%"
"08/15/2018","3.547","3.542","3.548","3.542","0.06%"
"08/14/2018","3.545","3.543","3.547","3.542","0.00%"
"08/13/2018","3.545","3.536","3.545","3.536","0.28%"
"08/12/2018","3.535","3.535","3.535","3.535","-0.23%"
"08/10/2018","3.543","3.542","3.546","3.542","0.00%"
"08/09/2018","3.543","3.539","3.543","3.534","0.25%"
"08/08/2018","3.534","3.540","3.540","3.533","-0.08%"
"08/07/2018","3.537","3.542","3.542","3.531","-0.20%"
"08/06/2018","3.544","3.558","3.570","3.544","-0.39%"
"08/05/2018","3.558","3.558","3.558","3.558","-0.36%"
"08/03/2018","3.571","3.569","3.571","3.565","0.06%"
"08/02/2018","3.569","3.569","3.569","3.569","0.03%"
"08/01/2018","3.568","3.581","3.581","3.568","-0.36%"
"07/31/2018","3.581","3.581","3.581","3.581","0.00%"
"07/30/2018","3.581","3.581","3.581","3.581","0.00%"
"07/29/2018","3.581","3.575","3.581","3.575","0.03%"
"07/27/2018","3.580","3.580","3.580","3.580","0.00%"
"07/26/2018","3.580","3.586","3.586","3.580","-0.14%"
"07/25/2018","3.585","3.581","3.585","3.581","0.11%"
"07/24/2018","3.581","3.581","3.581","3.581","0.00%"
"07/23/2018","3.581","3.585","3.585","3.581","-0.11%"
"07/22/2018","3.585","3.585","3.585","3.585","0.00%"
"07/20/2018","3.585","3.595","3.595","3.585","0.03%"
"07/19/2018","3.584","3.584","3.584","3.584","-0.31%"
"07/18/2018","3.595","3.595","3.595","3.595","0.00%"
"07/17/2018","3.595","3.587","3.595","3.587","0.22%"
"07/16/2018","3.587","3.581","3.587","3.581","0.17%"
"07/15/2018","3.581","3.570","3.581","3.570","0.00%"
"07/13/2018","3.581","3.581","3.581","3.581","0.00%"
"07/12/2018","3.581","3.573","3.581","3.573","0.22%"
"07/11/2018","3.573","3.569","3.573","3.569","0.11%"
"07/10/2018","3.569","3.578","3.578","3.568","-0.25%"
"07/09/2018","3.578","3.583","3.583","3.578","-0.14%"
"07/08/2018","3.583","3.583","3.583","3.583","-0.83%"
"07/06/2018","3.613","3.633","3.633","3.613","-0.55%"
"07/05/2018","3.633","3.633","3.633","3.633","0.14%"
"07/04/2018","3.628","3.630","3.630","3.613","-0.47%"
"07/03/2018","3.645","3.645","3.645","3.645","0.00%"
"07/02/2018","3.645","3.650","3.650","3.645","0.00%"
"06/29/2018","3.645","3.645","3.645","3.645","0.00%"
"06/28/2018","3.645","3.645","3.645","3.645","0.00%"
"06/27/2018","3.645","3.645","3.645","3.645","0.00%"
"06/26/2018","3.645","3.651","3.651","3.645","-0.16%"
"06/25/2018","3.651","3.640","3.655","3.640","0.27%"
"06/24/2018","3.641","3.640","3.641","3.640","-1.27%"
"06/22/2018","3.688","3.657","3.693","3.657","-0.11%"
"06/21/2018","3.692","3.692","3.692","3.657","0.03%"
"06/20/2018","3.691","3.694","3.694","3.657","-0.08%"
"06/19/2018","3.694","3.688","3.695","3.664","-0.57%"
"06/18/2018","3.715","3.640","3.715","3.640","1.78%"
"06/17/2018","3.650","3.640","3.650","3.640","-1.70%"
"06/14/2018","3.713","3.751","3.751","3.713","-0.99%"
"06/13/2018","3.750","3.786","3.786","3.750","-0.92%"
"06/12/2018","3.785","3.763","3.787","3.763","-0.08%"
"06/11/2018","3.788","3.735","3.797","3.735","0.85%"
"06/10/2018","3.756","3.735","3.756","3.735","-0.42%"
"06/08/2018","3.772","3.772","3.776","3.757","0.00%"
"06/07/2018","3.772","3.793","3.793","3.771","-0.53%"
"06/06/2018","3.792","3.791","3.792","3.782","0.03%"
"06/05/2018","3.791","3.760","3.791","3.760","0.13%"
"06/04/2018","3.786","3.735","3.787","3.735","1.37%"
"06/03/2018","3.735","3.715","3.735","3.715","-1.35%"
"06/01/2018","3.786","3.764","3.786","3.764","-0.08%"
"05/31/2018","3.789","3.805","3.805","3.789","-0.39%"
"05/30/2018","3.804","3.805","3.805","3.792","-0.03%"
"05/29/2018","3.805","3.807","3.807","3.805","-0.05%"
"05/28/2018","3.807","3.792","3.807","3.792","0.40%"
"05/27/2018","3.792","3.800","3.800","3.792","-0.21%"
"05/25/2018","3.800","3.780","3.800","3.780","0.18%"
"05/24/2018","3.793","3.791","3.799","3.791","-0.13%"
"05/23/2018","3.798","3.800","3.806","3.798","-0.18%"
"05/22/2018","3.805","3.807","3.807","3.805","-0.11%"
"05/21/2018","3.809","3.789","3.809","3.789","0.53%"
"05/20/2018","3.789","3.808","3.808","3.789","-0.50%"
"05/18/2018","3.808","3.806","3.814","3.806","-0.08%"
"05/17/2018","3.811","3.818","3.820","3.811","-0.08%"
"05/16/2018","3.814","3.788","3.818","3.788","0.71%"
"05/15/2018","3.787","3.848","3.865","3.782","-1.07%"
"05/14/2018","3.828","3.783","3.834","3.773","1.19%"
"05/13/2018","3.783","3.783","3.783","3.783","-0.29%"
"05/10/2018","3.794","3.794","3.794","3.794","0.50%"
"05/08/2018","3.775","3.777","3.782","3.775","0.11%"
"05/07/2018","3.771","3.746","3.771","3.746","0.13%"
"05/06/2018","3.766","3.766","3.766","3.766","0.00%"
"05/04/2018","3.766","3.774","3.776","3.766","-0.19%"
"05/03/2018","3.773","3.767","3.773","3.716","0.19%"
"05/02/2018","3.766","3.769","3.770","3.764","-0.08%"
"05/01/2018","3.769","3.767","3.769","3.767","0.05%"
"04/30/2018","3.767","3.802","3.802","3.687","-0.84%"
"04/29/2018","3.799","3.799","3.799","3.799","0.00%"
"04/27/2018","3.799","3.834","3.834","3.798","-0.89%"
"04/26/2018","3.833","3.770","3.839","3.761","1.94%"
"04/25/2018","3.760","3.717","3.760","3.702","1.59%"
"04/24/2018","3.701","3.612","3.701","3.569","4.14%"
"04/23/2018","3.554","3.609","3.609","3.520","0.00%"
"04/22/2018","3.554","3.554","3.554","3.554","0.00%"
"04/20/2018","3.554","3.555","3.582","3.553","0.82%"
"04/19/2018","3.525","3.537","3.537","3.521","0.43%"
"04/18/2018","3.510","3.481","3.510","3.481","0.78%"
"04/17/2018","3.483","3.475","3.483","3.471","0.32%"
"04/16/2018","3.472","3.458","3.472","3.449","0.06%"
"04/15/2018","3.470","3.470","3.470","3.470","0.00%"
"04/13/2018","3.470","3.465","3.470","3.454","0.67%"
"04/12/2018","3.447","3.447","3.447","3.435","0.35%"
"04/11/2018","3.435","3.449","3.449","3.435","0.00%"
"04/10/2018","3.435","3.458","3.458","3.435","-0.15%"
"04/09/2018","3.440","3.421","3.440","3.421","0.15%"
"04/08/2018","3.435","3.435","3.435","3.435","0.00%"
"04/06/2018","3.435","3.436","3.436","3.431","0.12%"
"04/05/2018","3.431","3.425","3.431","3.424","0.18%"
"04/04/2018","3.425","3.429","3.429","3.425","0.00%"
"04/03/2018","3.425","3.429","3.429","3.425","0.00%"
"04/02/2018","3.425","3.433","3.433","3.420","-0.23%"
"04/01/2018","3.433","3.433","3.433","3.433","0.00%"
"03/30/2018","3.433","3.434","3.434","3.429","0.12%"
"03/29/2018","3.429","3.428","3.429","3.424","0.15%"
"03/28/2018","3.424","3.411","3.424","3.411","0.38%"
"03/27/2018","3.411","3.417","3.417","3.411","0.00%"
"03/26/2018","3.411","3.411","3.416","3.410","0.03%"
"03/25/2018","3.410","3.410","3.410","3.410","0.00%"
"03/23/2018","3.410","3.415","3.415","3.410","0.03%"
"03/22/2018","3.409","3.411","3.414","3.407","-0.12%"
"03/21/2018","3.413","3.412","3.413","3.410","0.00%"
"03/20/2018","3.413","3.415","3.415","3.410","0.06%"
"03/19/2018","3.411","3.422","3.422","3.407","-0.20%"
"03/18/2018","3.418","3.418","3.418","3.418","0.00%"
"03/16/2018","3.418","3.417","3.421","3.417","0.03%"
"03/15/2018","3.417","3.423","3.423","3.417","-0.03%"
"03/14/2018","3.418","3.418","3.418","3.414","0.12%"
"03/13/2018","3.414","3.419","3.419","3.411","0.00%"
"03/12/2018","3.414","3.404","3.423","3.404","0.12%"
"03/11/2018","3.410","3.410","3.410","3.410","0.00%"
"03/09/2018","3.410","3.407","3.417","3.406","0.00%"
"03/08/2018","3.410","3.408","3.410","3.404","0.18%"
"03/07/2018","3.404","3.408","3.408","3.404","-0.09%"
"03/06/2018","3.407","3.407","3.408","3.403","0.12%"
"03/05/2018","3.403","3.422","3.422","3.386","0.12%"
"03/04/2018","3.399","3.399","3.399","3.399","0.00%"
"03/02/2018","3.399","3.396","3.403","3.396","0.09%"
"03/01/2018","3.396","3.400","3.400","3.396","-0.06%"
"02/28/2018","3.398","3.397","3.400","3.395","0.12%"
"02/27/2018","3.394","3.397","3.400","3.393","-0.09%"
"02/26/2018","3.397","3.398","3.400","3.375","0.15%"
"02/25/2018","3.392","3.392","3.392","3.392","0.00%"
"02/23/2018","3.392","3.394","3.394","3.390","0.12%"
"02/22/2018","3.388","3.385","3.388","3.380","0.18%"
"02/21/2018","3.382","3.392","3.392","3.380","-0.21%"
"02/20/2018","3.389","3.408","3.408","3.388","-0.18%"
"02/19/2018","3.395","3.405","3.417","3.377","-0.50%"
"02/18/2018","3.412","3.412","3.412","3.412","0.00%"
"02/15/2018","3.412","3.426","3.426","3.412","-0.44%"
"02/14/2018","3.427","3.434","3.434","3.413","0.15%"
"02/13/2018","3.422","3.413","3.428","3.413","0.00%"
"02/12/2018","3.422","3.406","3.423","3.406","0.29%"
"02/11/2018","3.412","3.412","3.412","3.412","0.00%"
"02/09/2018","3.412","3.393","3.415","3.393","0.56%"
"02/08/2018","3.393","3.393","3.393","3.390","0.00%"
"02/07/2018","3.393","3.387","3.393","3.386","0.06%"
"02/06/2018","3.391","3.381","3.391","3.381","0.00%"
"02/05/2018","3.391","3.353","3.391","3.353","0.27%"
"02/04/2018","3.382","3.382","3.382","3.382","0.00%"
"02/02/2018","3.382","3.388","3.388","3.371","0.15%"
"01/30/2018","3.377","3.379","3.379","3.373","0.12%"
"01/29/2018","3.373","3.353","3.373","3.353","0.60%"
"01/28/2018","3.353","3.368","3.368","3.353","-0.45%"
"01/26/2018","3.368","3.367","3.368","3.364","0.00%"
"01/25/2018","3.368","3.376","3.376","3.368","-0.12%"
"01/24/2018","3.372","3.374","3.374","3.368","0.09%"
"01/23/2018","3.369","3.368","3.373","3.360","0.21%"
"01/22/2018","3.362","3.354","3.365","3.340","0.27%"
"01/21/2018","3.353","3.353","3.353","3.353","0.00%"
"01/19/2018","3.353","3.347","3.353","3.347","0.00%"
"01/18/2018","3.353","3.330","3.353","3.330","0.72%"
"01/17/2018","3.329","3.344","3.344","3.329","-0.21%"
"01/16/2018","3.336","3.330","3.340","3.330","-0.12%"
"01/15/2018","3.340","3.320","3.345","3.320","-0.09%"
"01/14/2018","3.343","3.343","3.343","3.343","0.00%"
"01/12/2018","3.343","3.345","3.349","3.343","-0.12%"
"01/11/2018","3.347","3.354","3.355","3.347","-0.24%"
"01/10/2018","3.355","3.353","3.355","3.352","0.06%"
"01/09/2018","3.353","3.351","3.353","3.350","0.06%"
"01/08/2018","3.351","3.355","3.355","3.346","0.00%"
"01/07/2018","3.351","3.351","3.351","3.351","0.00%"
"01/05/2018","3.351","3.352","3.358","3.350","0.03%"
"01/04/2018","3.350","3.350","3.355","3.349","0.00%"
"01/03/2018","3.350","3.350","3.350","3.349","-0.03%"
"01/02/2018","3.351","3.368","3.368","3.351","-0.06%"
"01/01/2018","3.353","3.353","3.353","3.353","0.00%"
"12/29/2017","3.353","3.365","3.367","3.353","-0.36%"
"12/28/2017","3.365","3.364","3.365","3.362","0.03%"
"12/27/2017","3.364","3.370","3.370","3.364","-0.06%"
"12/26/2017","3.366","3.389","3.389","3.366","-0.03%"
"12/25/2017","3.367","3.367","3.367","3.367","0.00%"
"12/22/2017","3.367","3.374","3.374","3.367","-0.09%"
"12/21/2017","3.370","3.372","3.372","3.368","-0.03%"
"12/20/2017","3.371","3.357","3.371","3.357","0.00%"
"12/19/2017","3.371","3.373","3.383","3.371","-0.35%"
"12/18/2017","3.383","3.406","3.406","3.383","-0.68%"
"12/17/2017","3.406","3.406","3.406","3.406","0.00%"
"12/16/2017","3.406","3.406","3.406","3.406","0.00%"
"12/15/2017","3.406","3.409","3.412","3.406","-0.06%"
"12/14/2017","3.408","3.415","3.415","3.408","-0.06%"
"12/13/2017","3.410","3.423","3.431","3.410","-0.50%"
"12/12/2017","3.427","3.440","3.440","3.423","-0.29%"
"12/11/2017","3.437","3.440","3.440","3.431","0.15%"
"12/10/2017","3.432","3.432","3.432","3.432","0.00%"
"12/08/2017","3.432","3.437","3.438","3.432","-0.06%"
"12/07/2017","3.434","3.440","3.440","3.434","-0.09%"
"12/06/2017","3.437","3.425","3.437","3.425","0.26%"
"12/05/2017","3.428","3.421","3.428","3.418","0.03%"
"12/04/2017","3.427","3.440","3.440","3.423","0.12%"
"12/03/2017","3.423","3.423","3.423","3.423","0.00%"
"11/30/2017","3.423","3.423","3.427","3.423","0.00%"
"11/29/2017","3.423","3.425","3.427","3.415","0.18%"
"11/28/2017","3.417","3.421","3.421","3.412","-0.03%"
"11/27/2017","3.418","3.407","3.419","3.407","0.23%"
"11/26/2017","3.410","3.410","3.410","3.410","0.00%"
"11/24/2017","3.410","3.385","3.410","3.385","0.47%"
"11/23/2017","3.394","3.396","3.397","3.390","-0.38%"
"11/22/2017","3.407","3.536","3.541","3.407","-3.76%"
"11/21/2017","3.540","3.546","3.549","3.540","-0.25%"
"11/20/2017","3.549","3.522","3.551","3.522","0.11%"
"11/19/2017","3.545","3.545","3.545","3.545","0.00%"
"11/17/2017","3.545","3.525","3.545","3.524","0.48%"
"11/16/2017","3.528","3.522","3.528","3.520","0.09%"
"11/15/2017","3.525","3.538","3.542","3.525","-0.65%"
"11/14/2017","3.548","3.555","3.558","3.543","-0.14%"
"11/13/2017","3.553","3.604","3.604","3.553","0.28%"
"11/12/2017","3.543","3.543","3.543","3.543","0.00%"
"11/10/2017","3.543","3.516","3.549","3.514","0.94%"
"11/09/2017","3.510","3.503","3.510","3.502","0.20%"
"11/08/2017","3.503","3.502","3.503","3.500","0.09%"
"11/07/2017","3.500","3.501","3.501","3.493","0.20%"
"11/06/2017","3.493","3.486","3.493","3.486","0.17%"
"11/05/2017","3.487","3.487","3.487","3.487","0.00%"
"11/03/2017","3.487","3.486","3.487","3.486","0.00%"
"11/02/2017","3.487","3.475","3.487","3.474","0.37%"
"11/01/2017","3.474","3.478","3.479","3.470","-0.14%"
"10/31/2017","3.479","3.525","3.527","3.479","-1.19%"
"10/30/2017","3.521","3.472","3.521","3.472","0.06%"
"10/29/2017","3.519","3.519","3.519","3.519","0.00%"
"10/27/2017","3.519","3.513","3.519","3.510","0.26%"
"10/26/2017","3.510","3.508","3.510","3.507","0.09%"
"10/25/2017","3.507","3.488","3.507","3.486","0.60%"
"10/24/2017","3.486","3.461","3.486","3.461","1.10%"
"10/23/2017","3.448","3.414","3.448","3.395","1.00%"
"10/22/2017","3.414","3.414","3.414","3.414","0.00%"
"10/20/2017","3.414","3.410","3.414","3.408","0.18%"
"10/19/2017","3.408","3.408","3.408","3.397","0.24%"
"10/18/2017","3.400","3.400","3.400","3.400","0.00%"
"10/17/2017","3.400","3.410","3.410","3.400","0.00%"
"10/16/2017","3.400","3.376","3.401","3.376","-0.03%"
"10/15/2017","3.401","3.401","3.401","3.401","0.00%"
"10/13/2017","3.401","3.404","3.404","3.399","0.06%"
"10/12/2017","3.399","3.402","3.402","3.398","0.00%"
"10/11/2017","3.399","3.408","3.408","3.399","-0.18%"
"10/10/2017","3.405","3.404","3.408","3.402","-0.09%"
"10/09/2017","3.408","3.408","3.408","3.392","0.00%"
"10/08/2017","3.408","3.408","3.408","3.408","0.00%"
"10/06/2017","3.408","3.405","3.408","3.403","0.15%"
"10/05/2017","3.403","3.405","3.406","3.402","-0.12%"
"10/04/2017","3.407","3.407","3.416","3.406","-0.21%"
"10/03/2017","3.414","3.388","3.416","3.387","0.77%"
"10/02/2017","3.388","3.392","3.392","3.387","-0.03%"
"10/01/2017","3.389","3.389","3.389","3.389","0.00%"
"09/29/2017","3.389","3.390","3.396","3.389","0.06%"
"09/28/2017","3.387","3.375","3.387","3.375","0.24%"
"09/27/2017","3.379","3.377","3.382","3.371","-0.12%"
"09/26/2017","3.383","3.398","3.398","3.381","-0.38%"
"09/25/2017","3.396","3.440","3.440","3.396","-0.38%"
"09/21/2017","3.409","3.354","3.415","3.354","0.80%"
"09/20/2017","3.382","3.354","3.385","3.354","0.83%"
"09/19/2017","3.354","3.349","3.359","3.349","0.48%"
"09/18/2017","3.338","3.206","3.478","3.206","0.27%"
"09/17/2017","3.329","3.329","3.329","3.329","0.00%"
"09/15/2017","3.329","3.328","3.329","3.328","0.03%"
"09/14/2017","3.328","3.322","3.328","3.322","0.15%"
"09/13/2017","3.323","3.328","3.328","3.323","-0.15%"
"09/12/2017","3.328","3.327","3.328","3.320","0.36%"
"09/11/2017","3.316","3.316","3.316","3.311","0.39%"
"09/10/2017","3.303","3.303","3.303","3.303","0.00%"
"09/08/2017","3.303","3.339","3.339","3.300","-1.40%"
"09/07/2017","3.350","3.355","3.358","3.350","-0.15%"
"09/06/2017","3.355","3.361","3.361","3.355","-0.24%"
"09/05/2017","3.363","3.366","3.366","3.360","-0.15%"
"09/03/2017","3.368","3.368","3.368","3.368","0.00%"
"08/30/2017","3.368","3.365","3.371","3.365","0.09%"
"08/29/2017","3.365","3.363","3.366","3.363","0.03%"
"08/28/2017","3.364","3.364","3.621","3.360","0.00%"
"08/27/2017","3.364","3.364","3.364","3.364","0.00%"
"08/25/2017","3.364","3.364","3.364","3.364","0.06%"
"08/24/2017","3.362","3.365","3.365","3.362","-0.30%"
"08/23/2017","3.372","3.370","3.372","3.370","0.00%"
"08/22/2017","3.372","3.367","3.372","3.364","0.09%"
"08/21/2017","3.369","3.398","3.398","3.364","-0.85%"
"08/20/2017","3.398","3.398","3.398","3.398","0.00%"
"08/18/2017","3.398","3.410","3.410","3.398","-0.35%"
"08/17/2017","3.410","3.133","3.441","3.133","-0.90%"
"08/16/2017","3.441","3.450","3.456","3.441","-0.26%"
"08/15/2017","3.450","3.441","3.456","3.441","0.26%"
"08/14/2017","3.441","3.287","3.459","3.283","4.97%"
"08/13/2017","3.278","3.278","3.278","3.278","0.00%"
"08/11/2017","3.278","3.278","3.278","3.278","-0.03%"
"08/10/2017","3.279","3.291","3.295","3.275","-0.46%"
"08/09/2017","3.294","3.303","3.303","3.294","-0.30%"
"08/08/2017","3.304","3.304","3.304","3.294","-0.03%"
"08/07/2017","3.305","3.292","3.305","3.292","0.39%"
"08/06/2017","3.292","3.293","3.293","3.292","-0.03%"
"08/04/2017","3.293","3.299","3.299","3.293","-0.21%"
"08/03/2017","3.300","3.300","3.303","3.300","-0.06%"
"08/02/2017","3.302","3.318","3.318","3.302","-0.21%"
"08/01/2017","3.309","3.325","3.325","3.309","-0.51%"
"07/31/2017","3.326","3.348","3.361","3.326","-0.48%"
"07/30/2017","3.342","3.342","3.342","3.342","0.00%"
"07/28/2017","3.342","3.345","3.352","3.342","-0.12%"
"07/27/2017","3.346","3.359","3.362","3.346","-0.45%"
"07/26/2017","3.361","3.354","3.367","3.354","0.18%"
"07/25/2017","3.355","3.383","3.383","3.355","-0.86%"
"07/24/2017","3.384","3.359","3.384","3.359","0.00%"
"07/23/2017","3.384","3.359","3.384","3.359","0.00%"
"07/21/2017","3.384","3.384","3.384","3.384","-0.03%"
"07/20/2017","3.385","3.388","3.391","3.385","-0.15%"
"07/19/2017","3.390","3.396","3.396","3.390","-0.21%"
"07/18/2017","3.397","3.403","3.403","3.397","-0.18%"
"07/17/2017","3.403","3.438","3.438","3.403","0.09%"
"07/16/2017","3.400","3.438","3.438","3.400","-1.11%"
"07/14/2017","3.438","3.438","3.438","3.438","-0.03%"
"07/13/2017","3.439","3.429","3.445","3.429","0.23%"
"07/12/2017","3.431","3.431","3.431","3.431","0.00%"
"07/11/2017","3.431","3.431","3.431","3.431","-0.03%"
"07/10/2017","3.432","3.416","3.432","3.416","0.47%"
"07/09/2017","3.416","3.416","3.416","3.416","-0.03%"
"07/07/2017","3.417","3.411","3.417","3.411","0.18%"
"07/06/2017","3.411","3.418","3.418","3.411","-0.23%"
"07/05/2017","3.419","3.434","3.434","3.404","-0.47%"
"07/04/2017","3.435","3.471","3.471","3.435","-1.07%"
"07/03/2017","3.472","3.371","3.472","3.371","3.00%"
"07/02/2017","3.371","3.375","3.375","3.371","-0.12%"
"07/01/2017","3.375","3.375","3.375","3.375","0.00%"
"06/30/2017","3.375","3.329","3.375","3.329","1.35%"
"06/29/2017","3.330","3.321","3.330","3.321","0.21%"
"06/28/2017","3.323","3.314","3.323","3.314","-0.03%"
"06/27/2017","3.324","3.324","3.324","3.324","0.00%"
"06/25/2017","3.324","3.324","3.324","3.324","0.00%"
"06/23/2017","3.324","3.324","3.324","3.324","0.00%"
"06/22/2017","3.324","3.318","3.324","3.318","0.06%"
"06/21/2017","3.322","3.301","3.322","3.301","0.64%"
"06/20/2017","3.301","3.298","3.301","3.298","0.06%"
"06/19/2017","3.299","3.308","3.308","3.299","-0.27%"
"06/18/2017","3.308","3.300","3.308","3.300","0.24%"
"06/16/2017","3.300","3.270","3.300","3.270","0.89%"
"06/15/2017","3.271","3.306","3.309","3.271","-1.12%"
"06/14/2017","3.308","3.311","3.311","3.308","-0.12%"
"06/13/2017","3.312","3.312","3.312","3.312","-0.03%"
"06/12/2017","3.313","3.313","3.313","3.313","0.00%"
"06/09/2017","3.313","3.328","3.328","3.313","-0.45%"
"06/08/2017","3.328","3.296","3.328","3.296","0.88%"
"06/07/2017","3.299","3.293","3.299","3.293","0.18%"
"06/06/2017","3.293","3.302","3.302","3.293","-0.30%"
"06/05/2017","3.303","3.317","3.317","3.303","-0.42%"
"06/04/2017","3.317","3.303","3.317","3.303","0.42%"
"06/02/2017","3.303","3.298","3.303","3.295","0.21%"
"06/01/2017","3.296","3.298","3.298","3.296","-0.03%"
"05/31/2017","3.297","3.323","3.323","3.297","-0.81%"
"05/30/2017","3.324","3.324","3.324","3.324","0.06%"
"05/29/2017","3.322","3.310","3.322","3.310","-0.03%"
"05/28/2017","3.323","3.323","3.323","3.323","0.00%"
"05/26/2017","3.323","3.317","3.323","3.317","0.15%"
"05/25/2017","3.318","3.338","3.338","3.318","-0.63%"
"05/24/2017","3.339","3.339","3.339","3.339","-0.03%"
"05/23/2017","3.340","3.340","3.340","3.340","-0.03%"
"05/22/2017","3.341","3.326","3.341","3.326","0.45%"
"05/21/2017","3.326","3.326","3.326","3.326","-0.03%"
"05/19/2017","3.327","3.321","3.327","3.321","0.18%"
"05/18/2017","3.321","3.322","3.322","3.321","-0.09%"
"05/17/2017","3.324","3.307","3.324","3.307","0.48%"
"05/16/2017","3.308","3.288","3.308","3.288","0.58%"
"05/15/2017","3.289","3.286","3.308","3.286","-0.57%"
"05/14/2017","3.308","3.309","3.309","3.286","-0.03%"
"05/12/2017","3.309","3.295","3.309","3.295","0.39%"
"05/11/2017","3.296","3.293","3.296","3.293","0.09%"
"05/10/2017","3.293","3.292","3.293","3.292","0.03%"
"05/09/2017","3.292","3.289","3.292","3.275","0.06%"
"05/08/2017","3.290","3.245","3.290","3.245","1.39%"
"05/07/2017","3.245","3.247","3.247","3.240","-0.06%"
"05/05/2017","3.247","3.255","3.255","3.247","-0.28%"
"05/04/2017","3.256","3.256","3.256","3.253","0.03%"
"05/03/2017","3.255","3.236","3.255","3.236","0.59%"
"05/02/2017","3.236","3.259","3.259","3.236","-0.43%"
"05/01/2017","3.250","3.250","3.250","3.250","-0.28%"
"04/28/2017","3.259","3.254","3.259","3.254","0.15%"
"04/27/2017","3.254","3.274","3.274","3.254","-0.61%"
"04/26/2017","3.274","3.260","3.274","3.260","0.40%"
"04/25/2017","3.261","3.343","3.357","3.261","-2.89%"
"04/23/2017","3.358","3.358","3.358","3.358","0.00%"
"04/22/2017","3.358","3.358","3.358","3.358","0.00%"
"04/21/2017","3.358","3.372","3.372","3.358","-0.42%"
"04/20/2017","3.372","3.372","3.386","3.372","-0.47%"
"04/19/2017","3.388","3.388","3.388","3.388","0.39%"
"04/18/2017","3.375","3.350","3.375","3.350","0.72%"
"04/17/2017","3.351","3.353","3.353","3.351","-0.06%"
"04/16/2017","3.353","3.348","3.353","3.348","-0.03%"
"04/14/2017","3.354","3.484","3.484","3.349","-3.76%"
"04/13/2017","3.485","3.512","3.528","3.485","-0.80%"
"04/12/2017","3.513","3.527","3.527","3.513","-0.40%"
"04/11/2017","3.527","3.533","3.533","3.527","-0.17%"
"04/10/2017","3.533","3.527","3.533","3.527","0.17%"
"04/09/2017","3.527","3.514","3.527","3.514","-0.03%"
"04/06/2017","3.528","3.528","3.612","3.528","-0.03%"
"04/05/2017","3.529","3.540","3.540","3.529","-0.31%"
"04/04/2017","3.540","3.548","3.554","3.540","-0.25%"
"04/03/2017","3.549","3.549","3.549","3.549","0.00%"
"04/02/2017","3.549","3.527","3.549","3.527","0.00%"
"03/31/2017","3.549","3.530","3.549","3.530","0.54%"
"03/30/2017","3.530","3.530","3.541","3.528","-0.06%"
"03/29/2017","3.532","3.463","3.532","3.463","1.99%"
"03/28/2017","3.463","3.463","3.463","3.463","0.06%"
"03/27/2017","3.461","3.479","3.479","3.461","-0.52%"
"03/26/2017","3.479","3.480","3.480","3.466","-0.03%"
"03/24/2017","3.480","3.458","3.480","3.458","0.61%"
"03/23/2017","3.459","3.459","3.459","3.459","-0.03%"
"03/22/2017","3.460","3.463","3.463","3.460","0.38%"
"03/21/2017","3.447","3.447","3.447","3.447","-0.49%"
"03/20/2017","3.464","3.469","3.469","3.464","-0.14%"
"03/19/2017","3.469","3.469","3.469","3.469","0.00%"
"03/18/2017","3.469","3.469","3.469","3.469","0.00%"
"03/17/2017","3.469","3.483","3.483","3.469","-0.40%"
"03/16/2017","3.483","3.489","3.490","3.483","-0.29%"
"03/15/2017","3.493","3.496","3.497","3.491","-0.11%"
"03/14/2017","3.497","3.495","3.501","3.478","0.03%"
"03/13/2017","3.496","3.511","3.511","3.492","-0.43%"
"03/12/2017","3.511","3.498","3.511","3.498","0.26%"
"03/10/2017","3.502","3.459","3.502","3.439","2.04%"
"03/09/2017","3.432","3.373","3.434","3.373","1.48%"
"03/08/2017","3.382","3.366","3.382","3.356","0.59%"
"03/07/2017","3.362","3.407","3.407","3.355","-0.53%"
"03/06/2017","3.380","3.423","3.423","3.380","-1.26%"
"03/05/2017","3.423","3.397","3.423","3.397","0.59%"
"03/03/2017","3.403","3.373","3.403","3.370","0.89%"
"03/02/2017","3.373","3.371","3.373","3.362","0.21%"
"03/01/2017","3.366","3.334","3.370","3.329","0.66%"
"02/28/2017","3.344","3.334","3.344","3.334","0.00%"
"02/27/2017","3.344","3.324","3.344","3.324","0.60%"
"02/26/2017","3.324","3.324","3.324","3.324","-0.39%"
"02/24/2017","3.337","3.323","3.337","3.323","-0.03%"
"02/23/2017","3.338","3.318","3.338","3.318","0.00%"
"02/22/2017","3.338","3.347","3.363","3.338","-0.77%"
"02/21/2017","3.364","3.355","3.366","3.355","-0.09%"
"02/20/2017","3.367","3.378","3.381","3.367","-0.33%"
"02/19/2017","3.378","3.378","3.378","3.378","-0.15%"
"02/17/2017","3.383","3.388","3.395","3.383","0.18%"
"02/16/2017","3.377","3.384","3.384","3.377","0.06%"
"02/15/2017","3.375","3.384","3.384","3.369","0.21%"
"02/14/2017","3.368","3.382","3.382","3.368","-0.06%"
"02/13/2017","3.370","3.381","3.381","3.360","0.24%"
"02/12/2017","3.362","3.362","3.362","3.362","0.00%"
"02/10/2017","3.362","3.356","3.362","3.356","0.15%"
"02/09/2017","3.357","3.357","3.357","3.357","0.00%"
"02/08/2017","3.357","3.355","3.364","3.355","0.03%"
"02/07/2017","3.356","3.363","3.363","3.355","-0.03%"
"02/06/2017","3.357","3.359","3.362","3.322","0.24%"
"02/05/2017","3.349","3.349","3.349","3.349","0.00%"
"02/03/2017","3.349","3.332","3.350","3.332","0.48%"
"02/02/2017","3.333","3.309","3.333","3.305","0.73%"
"02/01/2017","3.309","3.303","3.309","3.303","0.18%"
"01/31/2017","3.303","3.308","3.308","3.298","-0.15%"
"01/30/2017","3.308","3.303","3.308","3.303","0.15%"
"01/27/2017","3.303","3.308","3.308","3.303","0.09%"
"01/26/2017","3.300","3.293","3.304","3.292","0.21%"
"01/25/2017","3.293","3.288","3.298","3.288","0.09%"
"01/24/2017","3.290","3.283","3.290","3.283","-0.60%"
"01/23/2017","3.310","3.293","3.365","3.286","0.52%"
"01/22/2017","3.293","3.327","3.327","3.293","-1.02%"
"01/20/2017","3.327","3.352","3.354","3.327","-0.75%"
"01/19/2017","3.352","3.343","3.352","3.328","0.24%"
"01/18/2017","3.344","3.348","3.349","3.332","-0.15%"
"01/17/2017","3.349","3.367","3.369","3.349","-0.74%"
"01/16/2017","3.374","3.369","3.402","3.369","-0.44%"
"01/15/2017","3.389","3.389","3.389","3.389","0.00%"
"01/13/2017","3.389","3.370","3.389","3.370","-0.15%"
"01/12/2017","3.394","3.365","3.394","3.365","-0.06%"
"01/11/2017","3.396","3.387","3.396","3.374","-0.06%"
"01/10/2017","3.398","3.406","3.419","3.398","-0.96%"
"01/09/2017","3.431","3.420","3.505","3.404","0.32%"
"01/08/2017","3.420","3.427","3.427","3.420","-0.20%"
"01/06/2017","3.427","3.477","3.477","3.427","-1.32%"
"01/05/2017","3.473","3.480","3.483","3.473","-0.43%"
"01/04/2017","3.488","3.491","3.523","3.480","-0.71%"
"01/03/2017","3.513","3.423","3.581","3.423","0.26%"
"01/02/2017","3.504","3.504","3.504","3.504","0.00%"
"12/30/2016","3.504","3.507","3.514","3.503","-0.17%"
"12/29/2016","3.510","3.507","3.510","3.503","-0.06%"
"12/28/2016","3.512","3.508","3.512","3.504","-0.09%"
"12/27/2016","3.515","3.710","3.710","3.510","0.09%"
"12/26/2016","3.512","3.512","3.512","3.512","0.00%"
"12/23/2016","3.512","3.512","3.516","3.508","-0.11%"
"12/22/2016","3.516","3.576","3.576","3.516","-2.63%"
"12/21/2016","3.611","3.589","3.634","3.589","-0.47%"
"12/20/2016","3.628","3.592","3.631","3.592","0.00%"
"12/19/2016","3.628","3.710","3.710","3.577","0.11%"
"12/18/2016","3.624","3.624","3.624","3.624","0.00%"
"12/16/2016","3.624","3.575","3.628","3.569","0.75%"
"12/15/2016","3.597","3.538","3.601","3.532","1.18%"
"12/14/2016","3.555","3.539","3.555","3.539","0.00%"
"12/13/2016","3.555","3.524","3.555","3.524","0.00%"
"12/12/2016","3.555","3.555","3.555","3.555","0.00%"
"12/09/2016","3.555","3.571","3.594","3.555","-1.30%"
"12/08/2016","3.602","3.652","3.679","3.602","-2.12%"
"12/07/2016","3.680","3.809","3.809","3.680","-3.39%"
"12/06/2016","3.809","3.827","3.830","3.809","-1.14%"
"12/05/2016","3.853","3.943","3.943","3.853","-1.10%"
"12/04/2016","3.896","3.896","3.896","3.896","0.00%"
"12/02/2016","3.896","3.890","3.900","3.890","0.00%"
"12/01/2016","3.896","3.913","3.919","3.896","-0.33%"
"11/30/2016","3.909","3.919","3.927","3.909","-0.05%"
"11/29/2016","3.911","3.903","3.912","3.903","0.59%"
"11/28/2016","3.888","3.872","3.918","3.872","-0.49%"
"11/27/2016","3.907","3.907","3.907","3.907","0.00%"
"11/25/2016","3.907","3.906","3.909","3.896","0.28%"
"11/24/2016","3.896","3.841","3.896","3.841","1.83%"
"11/23/2016","3.826","3.826","3.826","3.812","0.21%"
"11/22/2016","3.818","3.843","3.849","3.818","-0.08%"
"11/21/2016","3.821","3.871","3.879","3.791","-0.13%"
"11/20/2016","3.826","3.826","3.826","3.826","0.00%"
"11/18/2016","3.826","3.757","3.829","3.753","2.05%"
"11/17/2016","3.749","3.613","3.749","3.613","3.31%"
"11/16/2016","3.629","3.639","3.667","3.622","1.85%"
"11/15/2016","3.563","3.442","3.590","3.419","6.84%"
"11/14/2016","3.335","3.263","3.335","3.207","5.60%"
"11/13/2016","3.158","3.158","3.158","3.158","0.00%"
"11/11/2016","3.158","3.113","3.158","3.064","2.67%"
"11/10/2016","3.076","3.008","3.076","3.007","2.64%"
"11/09/2016","2.997","2.989","2.997","2.989","-0.07%"
"11/08/2016","2.999","2.998","2.999","2.993","-0.03%"
"11/07/2016","3.000","2.985","3.000","2.977","0.37%"
"11/06/2016","2.989","2.989","2.989","2.989","-0.40%"
"11/04/2016","3.001","2.986","3.001","2.978","0.20%"
"11/03/2016","2.995","3.009","3.009","2.995","-0.50%"
"11/02/2016","3.010","3.009","3.012","3.007","0.03%"
"11/01/2016","3.009","3.044","3.044","3.009","0.03%"
"10/31/2016","3.008","2.987","3.042","2.958","1.28%"
"10/30/2016","2.970","2.970","2.970","2.970","0.00%"
"10/28/2016","2.970","2.973","2.973","2.962","0.17%"
"10/27/2016","2.965","2.958","2.965","2.957","0.07%"
"10/26/2016","2.963","2.977","2.984","2.963","-0.70%"
"10/25/2016","2.984","3.005","3.006","2.981","-0.76%"
"10/24/2016","3.007","3.008","3.013","3.006","0.20%"
"10/23/2016","3.001","3.001","3.001","3.001","-0.53%"
"10/21/2016","3.017","3.020","3.030","3.017","-0.13%"
"10/20/2016","3.021","3.007","3.022","3.001","0.63%"
"10/19/2016","3.002","3.019","3.019","2.993","-0.46%"
"10/18/2016","3.016","2.991","3.016","2.986","0.33%"
"10/17/2016","3.006","3.042","3.042","2.988","0.94%"
"10/16/2016","2.978","2.978","2.978","2.978","0.00%"
"10/15/2016","2.978","2.978","2.978","2.978","0.00%"
"10/14/2016","2.978","2.950","2.978","2.935","2.02%"
"10/13/2016","2.919","2.920","2.929","2.909","0.07%"
"10/12/2016","2.917","2.909","2.917","2.902","0.55%"
"10/11/2016","2.901","2.905","2.905","2.897","0.10%"
"10/10/2016","2.898","2.890","2.898","2.878","0.59%"
"10/09/2016","2.881","2.881","2.881","2.881","-0.41%"
"10/07/2016","2.893","2.882","2.893","2.879","0.17%"
"10/06/2016","2.888","2.882","2.888","2.880","-0.10%"
"10/05/2016","2.891","2.879","2.891","2.860","0.38%"
"10/04/2016","2.880","2.868","2.881","2.866","0.95%"
"10/03/2016","2.853","2.853","2.853","2.853","-0.80%"
"09/30/2016","2.876","2.867","2.876","2.866","-0.24%"
"09/29/2016","2.883","2.872","2.884","2.872","0.07%"
"09/28/2016","2.881","2.885","2.889","2.870","-0.45%"
"09/27/2016","2.894","2.878","2.898","2.876","0.28%"
"09/26/2016","2.886","2.891","2.894","2.880","-0.07%"
"09/25/2016","2.888","2.888","2.888","2.888","0.00%"
"09/24/2016","2.888","2.888","2.888","2.888","0.00%"
"09/23/2016","2.888","2.888","2.896","2.885","-0.55%"
"09/22/2016","2.904","2.920","2.920","2.904","-0.65%"
"09/21/2016","2.923","2.925","2.927","2.916","-0.07%"
"09/20/2016","2.925","2.928","2.939","2.925","-0.10%"
"09/19/2016","2.928","2.980","2.980","2.845","0.65%"
"09/18/2016","2.909","2.909","2.909","2.909","0.00%"
"09/17/2016","2.909","2.909","2.909","2.909","0.00%"
"09/15/2016","2.909","2.917","2.917","2.902","0.28%"
"09/14/2016","2.901","2.890","2.903","2.881","0.97%"
"09/13/2016","2.873","2.841","2.873","2.841","1.13%"
"09/12/2016","2.841","2.861","2.861","2.841","-0.70%"
"09/09/2016","2.861","2.857","2.861","2.849","0.00%"
"09/08/2016","2.861","2.866","2.871","2.858","-0.14%"
"09/07/2016","2.865","2.870","2.881","2.853","-0.28%"
"09/06/2016","2.873","2.869","2.874","2.864","0.00%"
"09/05/2016","2.873","2.891","2.896","2.873","0.00%"
"09/04/2016","2.873","2.873","2.873","2.873","-0.48%"
"09/02/2016","2.887","2.900","2.900","2.887","-0.38%"
"09/01/2016","2.898","2.894","2.898","2.894","0.35%"
"08/31/2016","2.888","2.888","2.888","2.888","0.00%"
"08/30/2016","2.888","2.880","2.888","2.880","0.24%"
"08/29/2016","2.881","2.874","2.886","2.868","0.03%"
"08/28/2016","2.880","2.880","2.880","2.880","0.00%"
"08/26/2016","2.880","2.884","2.892","2.879","-0.03%"
"08/25/2016","2.881","2.895","2.895","2.870","-0.59%"
"08/24/2016","2.898","2.900","2.900","2.892","-0.24%"
"08/23/2016","2.905","2.934","2.934","2.905","-0.41%"
"08/22/2016","2.917","2.901","2.917","2.901","0.41%"
"08/21/2016","2.905","2.905","2.905","2.905","0.00%"
"08/19/2016","2.905","2.898","2.907","2.897","0.03%"
"08/18/2016","2.904","2.911","2.912","2.904","-0.45%"
"08/17/2016","2.917","2.911","2.918","2.911","-0.03%"
"08/16/2016","2.918","2.916","2.918","2.915","-0.14%"
"08/15/2016","2.922","2.923","2.927","2.922","0.07%"
"08/14/2016","2.920","2.920","2.920","2.920","0.00%"
"08/13/2016","2.920","2.920","2.920","2.920","0.00%"
"08/12/2016","2.920","2.938","2.948","2.920","-0.61%"
"08/11/2016","2.938","2.964","2.964","2.938","-0.84%"
"08/10/2016","2.963","2.971","2.971","2.963","-0.34%"
"08/09/2016","2.973","2.977","2.977","2.968","-0.13%"
"08/08/2016","2.977","2.925","2.977","2.925","0.68%"
"08/07/2016","2.957","2.957","2.957","2.957","-0.27%"
"08/06/2016","2.965","2.965","2.965","2.965","0.00%"
"08/05/2016","2.965","2.964","2.968","2.961","0.27%"
"08/04/2016","2.957","2.959","2.960","2.945","0.00%"
"08/03/2016","2.957","2.937","2.957","2.932","0.82%"
"08/02/2016","2.933","2.915","2.934","2.907","0.76%"
"08/01/2016","2.911","2.927","2.927","2.907","-0.10%"
"07/31/2016","2.914","2.914","2.914","2.914","0.00%"
"07/29/2016","2.914","2.912","2.914","2.908","0.10%"
"07/28/2016","2.911","2.879","2.911","2.878","0.69%"
"07/27/2016","2.891","2.902","2.902","2.885","-0.52%"
"07/26/2016","2.906","2.891","2.906","2.887","0.52%"
"07/25/2016","2.891","2.885","2.897","2.871","0.14%"
"07/24/2016","2.887","2.887","2.887","2.887","0.00%"
"07/22/2016","2.887","2.848","2.887","2.848","1.16%"
"07/21/2016","2.854","2.836","2.854","2.835","0.32%"
"07/20/2016","2.845","2.841","2.852","2.823","-0.59%"
"07/19/2016","2.862","2.875","2.880","2.862","-0.93%"
"07/18/2016","2.889","2.872","2.896","2.872","-0.55%"
"07/17/2016","2.905","2.905","2.905","2.905","0.00%"
"07/15/2016","2.905","2.904","2.954","2.881","-0.07%"
"07/14/2016","2.907","3.025","3.042","2.907","-4.09%"
"07/13/2016","3.031","3.023","3.040","3.015","0.76%"
"07/12/2016","3.008","2.993","3.008","2.993","0.43%"
"07/11/2016","2.995","2.993","3.074","2.993","-0.66%"
"07/10/2016","3.015","3.015","3.015","3.015","0.00%"
"07/08/2016","3.015","2.994","3.017","2.994","0.63%"
"07/07/2016","2.996","2.996","2.996","2.996","0.00%"
"07/05/2016","2.996","3.027","3.079","2.996","-1.74%"
"07/04/2016","3.049","3.047","3.095","3.047","0.07%"
"07/03/2016","3.047","3.039","3.047","3.039","-1.01%"
"07/01/2016","3.078","3.151","3.160","3.078","-2.75%"
"06/30/2016","3.165","3.179","3.180","3.165","-0.66%"
"06/29/2016","3.186","3.185","3.197","3.185","-0.47%"
"06/28/2016","3.201","3.220","3.227","3.201","-0.90%"
"06/27/2016","3.230","3.226","3.235","3.226","0.25%"
"06/26/2016","3.222","3.222","3.222","3.222","-0.34%"
"06/24/2016","3.233","3.229","3.236","3.225","-0.06%"
"06/23/2016","3.235","3.231","3.235","3.227","0.12%"
"06/22/2016","3.231","3.236","3.236","3.231","-0.15%"
"06/21/2016","3.236","3.244","3.244","3.236","-0.22%"
"06/20/2016","3.243","3.240","3.243","3.237","-0.06%"
"06/19/2016","3.245","3.245","3.245","3.245","0.00%"
"06/17/2016","3.245","3.244","3.249","3.241","0.12%"
"06/16/2016","3.241","3.241","3.241","3.238","0.03%"
"06/15/2016","3.240","3.217","3.240","3.214","0.65%"
"06/14/2016","3.219","3.205","3.223","3.205","0.12%"
"06/13/2016","3.215","3.214","3.237","3.212","-0.09%"
"06/12/2016","3.218","3.218","3.218","3.218","0.00%"
"06/10/2016","3.218","3.206","3.220","3.206","-0.03%"
"06/09/2016","3.219","3.229","3.230","3.219","-0.40%"
"06/08/2016","3.232","3.232","3.235","3.232","-0.09%"
"06/07/2016","3.235","3.236","3.243","3.235","-0.12%"
"06/06/2016","3.239","3.251","3.253","3.239","-0.37%"
"06/05/2016","3.251","3.251","3.251","3.251","-0.34%"
"06/03/2016","3.262","3.262","3.262","3.256","-0.15%"
"06/02/2016","3.267","3.269","3.270","3.266","-0.12%"
"06/01/2016","3.271","3.267","3.274","3.265","0.03%"
"05/31/2016","3.270","3.266","3.270","3.266","0.12%"
"05/30/2016","3.266","3.243","3.266","3.243","0.09%"
"05/29/2016","3.263","3.263","3.263","3.263","0.00%"
"05/27/2016","3.263","3.262","3.270","3.262","-0.21%"
"05/26/2016","3.270","3.269","3.276","3.263","-0.18%"
"05/25/2016","3.276","3.264","3.276","3.264","0.61%"
"05/24/2016","3.256","3.245","3.256","3.243","0.31%"
"05/23/2016","3.246","3.236","3.249","3.236","-0.03%"
"05/22/2016","3.247","3.247","3.247","3.247","0.00%"
"05/20/2016","3.247","3.228","3.247","3.226","0.71%"
"05/19/2016","3.224","3.210","3.224","3.206","0.47%"
"05/18/2016","3.209","3.205","3.209","3.201","0.12%"
"05/17/2016","3.205","3.213","3.213","3.205","-0.31%"
"05/16/2016","3.215","3.198","3.236","3.198","-0.46%"
"05/15/2016","3.230","3.230","3.230","3.230","0.00%"
"05/13/2016","3.230","3.241","3.249","3.230","-0.58%"
"05/12/2016","3.249","3.243","3.252","3.239","-0.06%"
"05/11/2016","3.251","3.285","3.285","3.251","-1.19%"
"05/10/2016","3.290","3.289","3.296","3.281","-0.09%"
"05/09/2016","3.293","3.312","3.312","3.293","-0.39%"
"05/08/2016","3.306","3.306","3.306","3.306","0.00%"
"05/06/2016","3.306","3.309","3.309","3.305","0.03%"
"05/05/2016","3.305","3.295","3.305","3.295","0.30%"
"05/04/2016","3.295","3.295","3.295","3.286","0.30%"
"05/03/2016","3.285","3.307","3.307","3.284","-0.15%"
"05/02/2016","3.290","3.290","3.290","3.290","0.00%"
"04/29/2016","3.290","3.283","3.291","3.283","0.24%"
"04/28/2016","3.282","3.277","3.300","3.275","0.12%"
"04/27/2016","3.278","3.302","3.302","3.278","-0.46%"
"04/26/2016","3.293","3.272","3.296","3.263","0.64%"
"04/25/2016","3.272","3.271","3.283","3.245","0.31%"
"04/24/2016","3.262","3.262","3.262","3.262","0.00%"
"04/22/2016","3.262","3.257","3.262","3.244","0.62%"
"04/21/2016","3.242","3.243","3.249","3.235","0.19%"
"04/20/2016","3.236","3.270","3.270","3.234","-0.43%"
"04/19/2016","3.250","3.271","3.271","3.250","-0.18%"
"04/18/2016","3.256","3.218","3.256","3.218","0.46%"
"04/17/2016","3.241","3.241","3.241","3.241","-0.09%"
"04/15/2016","3.244","3.250","3.250","3.244","0.28%"
"04/14/2016","3.235","3.230","3.235","3.228","0.25%"
"04/13/2016","3.227","3.222","3.231","3.222","0.28%"
"04/12/2016","3.218","3.219","3.229","3.211","-0.03%"
"04/11/2016","3.219","3.198","3.288","3.198","0.37%"
"04/10/2016","3.207","3.207","3.207","3.207","0.00%"
"04/08/2016","3.207","3.198","3.207","3.197","0.28%"
"04/07/2016","3.198","3.207","3.209","3.198","-0.16%"
"04/06/2016","3.203","3.211","3.211","3.203","-0.25%"
"04/05/2016","3.211","3.200","3.211","3.198","0.44%"
"04/04/2016","3.197","3.184","3.198","3.184","-0.31%"
"04/03/2016","3.207","3.207","3.207","3.207","0.00%"
"04/01/2016","3.207","3.231","3.231","3.207","-0.87%"
"03/31/2016","3.235","3.248","3.250","3.234","-0.80%"
"03/30/2016","3.261","3.274","3.283","3.261","-0.49%"
"03/29/2016","3.277","3.283","3.283","3.272","-0.18%"
"03/28/2016","3.283","3.269","3.283","3.269","0.37%"
"03/27/2016","3.271","3.271","3.271","3.271","0.00%"
"03/25/2016","3.271","3.263","3.275","3.248","0.25%"
"03/24/2016","3.263","3.263","3.268","3.210","-0.03%"
"03/23/2016","3.264","3.263","3.264","3.259","0.03%"
"03/22/2016","3.263","3.272","3.272","3.263","-0.28%"
"03/21/2016","3.272","3.262","3.274","3.262","0.31%"
"03/20/2016","3.262","3.262","3.262","3.262","0.00%"
"03/18/2016","3.262","3.262","3.264","3.262","-0.03%"
"03/17/2016","3.263","3.296","3.441","3.263","-1.00%"
"03/16/2016","3.296","3.308","3.308","3.296","-0.36%"
"03/15/2016","3.308","3.291","3.308","3.291","0.52%"
"03/14/2016","3.291","3.263","3.291","3.263","0.92%"
"03/13/2016","3.261","3.261","3.261","3.261","-0.03%"
"03/11/2016","3.262","3.262","3.267","3.262","0.00%"
"03/10/2016","3.262","3.252","3.267","3.252","0.34%"
"03/09/2016","3.251","3.272","3.272","3.251","-0.67%"
"03/08/2016","3.273","3.259","3.274","3.259","0.43%"
"03/07/2016","3.259","3.618","3.759","3.240","-0.61%"
"03/06/2016","3.279","3.279","3.279","3.279","0.00%"
"03/04/2016","3.279","3.284","3.284","3.279","-0.15%"
"03/03/2016","3.284","3.298","3.300","3.281","-0.45%"
"03/02/2016","3.299","3.322","3.322","3.299","-0.69%"
"03/01/2016","3.322","3.329","3.329","3.317","0.03%"
"02/29/2016","3.321","3.347","3.347","3.312","-0.78%"
"02/28/2016","3.347","3.347","3.347","3.347","0.00%"
"02/26/2016","3.347","3.357","3.357","3.347","-0.33%"
"02/25/2016","3.358","3.359","3.361","3.358","-0.06%"
"02/24/2016","3.360","3.290","3.360","3.290","2.13%"
"02/23/2016","3.290","3.290","3.290","3.290","0.00%"
"02/22/2016","3.290","3.290","3.308","3.290","0.09%"
"02/21/2016","3.287","3.287","3.287","3.287","0.00%"
"02/19/2016","3.287","3.274","3.287","3.274","0.40%"
"02/18/2016","3.274","3.274","3.274","3.274","-0.03%"
"02/17/2016","3.275","3.268","3.275","3.268","0.18%"
"02/16/2016","3.269","3.269","3.272","3.269","0.09%"
"02/15/2016","3.266","3.266","3.266","3.259","0.00%"
"02/14/2016","3.266","3.270","3.270","3.266","-0.12%"
"02/12/2016","3.270","3.247","3.271","3.247","0.68%"
"02/11/2016","3.248","3.268","3.268","3.241","-0.64%"
"02/10/2016","3.269","3.278","3.278","3.269","-0.43%"
"02/09/2016","3.283","3.283","3.283","3.283","0.00%"
"02/05/2016","3.283","3.237","3.292","3.237","1.39%"
"02/04/2016","3.238","3.240","3.241","3.226","-0.12%"
"02/03/2016","3.242","3.233","3.242","3.233","0.25%"
"02/02/2016","3.234","3.217","3.234","3.217","0.50%"
"02/01/2016","3.218","3.219","3.219","3.217","-0.03%"
"01/29/2016","3.219","3.231","3.236","3.212","-0.37%"
"01/28/2016","3.231","3.228","3.236","3.223","0.06%"
"01/27/2016","3.229","3.236","3.236","3.229","-0.49%"
"01/26/2016","3.245","3.233","3.588","3.233","0.50%"
"01/25/2016","3.229","3.229","3.229","3.229","0.00%"
"01/22/2016","3.229","3.242","3.242","3.222","-0.74%"
"01/21/2016","3.253","3.269","3.269","3.004","-0.49%"
"01/20/2016","3.269","3.264","3.269","3.264","0.15%"
"01/19/2016","3.264","3.264","3.270","3.260","-0.03%"
"01/18/2016","3.265","3.255","3.265","3.255","0.25%"
"01/17/2016","3.257","3.257","3.257","3.257","0.00%"
"01/15/2016","3.257","3.294","3.294","3.257","-1.12%"
"01/14/2016","3.294","3.304","3.304","3.286","-0.33%"
"01/13/2016","3.305","3.312","3.312","3.305","-0.21%"
"01/12/2016","3.312","3.325","3.325","3.307","-0.42%"
"01/11/2016","3.326","3.339","3.356","3.326","-0.39%"
"01/10/2016","3.339","3.339","3.339","3.339","0.00%"
"01/08/2016","3.339","3.384","3.384","3.339","-1.36%"
"01/07/2016","3.385","3.365","3.385","3.365","0.59%"
"01/06/2016","3.365","3.318","3.365","3.318","1.51%"
"01/05/2016","3.315","3.296","3.319","3.295","0.79%"
"01/04/2016","3.289","3.277","3.289","3.277","0.30%"
"01/03/2016","3.279","3.279","3.279","3.279","0.09%"